seller_id,seller_state,orders,merchandise_gmv_brl,freight_value_brl,average_review,late_delivery_rate,low_review_rate,low_review_orders,freight_burden,scale_flag,delay_risk_flag,review_risk_flag,priority_flag
4a3ca9315b744ce9f8e9374361493884,SP,1772,196882.12,34338.31,3.8533941814033086,0.09706546275395034,0.18284424379232506,324,0.14850897907248076,True,True,True,True
7c67e1448b00f6e969d365cea6b010ab,SP,973,186570.05,51236.64,3.4984488107549123,0.09146968139773895,0.2528263103802672,246,0.21545499834340237,True,True,True,True
1f50f920176fa81dab994f9023523100,SP,1399,106655.70999999999,35057.23,4.140602582496413,0.08863473909935668,0.139385275196569,195,0.24738199630887625,True,True,True,True
ea8482cd71df3c1969d7b9473ff13abc,SP,1132,36696.76,17291.87,4.0266429840142095,0.08480565371024736,0.14487632508833923,164,0.3202872530753234,True,True,True,True
1025f0e2d44d7041d6cf58b6550e0bfa,SP,910,138208.56,33716.4,4.006651884700665,0.07912087912087912,0.16813186813186815,153,0.19611114058133272,True,True,True,True
4869f7a5dfa277a7dca6462dcf3b52b2,SP,1124,226987.93,20019.13,4.150537634408602,0.10498220640569395,0.1298932384341637,146,0.0810467927515918,True,True,True,True
8b321bb669392f5163d04c59e235e066,SP,930,17262.94,13924.0,4.10475161987041,0.08709677419354839,0.14086021505376345,131,0.4464689386005809,True,True,True,True
1835b56ce799e6a4dc4eddc053f04066,SP,417,33005.32,8622.96,3.6666666666666665,0.10311750599520383,0.23741007194244604,99,0.20714187566721468,True,True,True,True
7d13fca15225358621be4086e1eb0964,SP,558,112436.18000000001,8498.29,4.0414414414414415,0.11469534050179211,0.17025089605734767,95,0.07027185880088614,True,True,True,True
2eb70248d66e0e3ef83659f71b244378,SP,187,38990.72,3056.01,2.7934782608695654,0.11229946524064172,0.46524064171123,87,0.07268127628474319,True,True,True,True
391fc6631aebcf3004804e51b40bcf1e,SP,521,39475.3,10083.84,4.044401544401544,0.08637236084452975,0.14779270633397312,77,0.2034708431179395,True,True,True,True
1900267e848ceeba8fa32d80c1a5f5a8,SP,406,24639.57,8039.97,3.8596491228070176,0.0812807881773399,0.18719211822660098,76,0.2460245768453289,True,True,True,True
88460e8ebdecbfecb5f9601833981930,PR,246,31320.4,4938.19,3.4326530612244897,0.17073170731707318,0.3048780487804878,75,0.13619365783390913,True,True,True,True
4e922959ae960d389249c378d1c939f5,SP,412,45338.42,7147.18,3.963235294117647,0.08980582524271845,0.1796116504854369,74,0.13617411251848127,True,True,True,True
897060da8b9a21f655304d50fd935913,SP,304,21740.51,6517.82,3.7176079734219267,0.10526315789473684,0.23026315789473684,70,0.23065128052506995,True,True,True,True
8160255418d5aaa7dbdc9f4c64ebda44,SP,380,46368.39,7727.29,3.9547872340425534,0.1368421052631579,0.16842105263157894,64,0.1428448630278795,True,True,True,True
1ca7077d890b907f89be8c954a02686a,SP,108,12474.64,1522.01,2.392523364485981,0.16666666666666666,0.5925925925925926,64,0.10874102017268418,True,True,True,True
06a2c3af7b3aee5d69171b0e14f0ee87,MA,389,36097.979999999996,12071.52,4.012987012987013,0.19023136246786632,0.15938303341902313,62,0.25060505091396007,True,True,True,True
70a12e78e608ac31179aea7f8422044b,SP,312,29963.53,5523.72,3.8129032258064517,0.09294871794871795,0.1955128205128205,61,0.15565365025466893,True,True,True,True
855668e0971d4dfd7bef1b6a4133b41b,SP,300,30849.22,7559.34,3.85472972972973,0.12666666666666668,0.20333333333333334,61,0.19681393939267708,True,True,True,True
7040e82f899a04d1b434b795a43b4617,SP,208,9213.7,3123.26,3.650485436893204,0.07692307692307693,0.2548076923076923,53,0.25316285373382097,True,True,True,True
16090f2ca825584b5a147ab24aa30c86,SP,398,25579.16,5404.86,4.088383838383838,0.08040201005025126,0.1306532663316583,52,0.17444024371272673,True,True,True,True
ef506c96320abeedfb894c34db06f478,SP,316,9556.5,5092.3,3.961783439490446,0.07911392405063292,0.16139240506329114,51,0.347625744088253,True,True,True,True
c826c40d7b19f62a09e2d7c5e7295ee2,SP,346,44653.04,5443.63,4.130434782608695,0.07514450867052024,0.1416184971098266,49,0.10866251189949352,True,True,True,True
7ddcbb64b5bc1ef36ca8c151f6ec77df,SP,325,54435.66,7767.09,4.027950310559007,0.08307692307692308,0.15076923076923077,49,0.12486730892122937,True,True,True,True
77530e9772f57a62c906e1c21538ab82,PR,312,45676.6,8274.71,4.147435897435898,0.09294871794871795,0.14743589743589744,46,0.15337366228920113,True,True,True,True
4c2b230173bb36f9b240f2b8ac11786e,SP,258,14474.57,4354.14,3.9763779527559056,0.09302325581395349,0.17829457364341086,46,0.23125004315218622,True,True,True,True
7142540dd4c91e2237acb7e911c4eba2,SP,316,37181.94,6843.74,4.047770700636943,0.07278481012658228,0.13924050632911392,44,0.15544881987058462,True,True,True,True
634964b17796e64304cadf1ad3050fb7,RJ,265,39114.1,5900.0,4.056603773584905,0.09433962264150944,0.1509433962264151,40,0.13107004249779514,True,True,True,True
e5a3438891c0bfdb9394643f95273d8e,SP,216,7549.96,3280.74,3.986046511627907,0.1574074074074074,0.17592592592592593,38,0.30291116917650746,True,True,True,True
c3867b4666c7d76867627c2f7fb22e21,SP,228,34666.9,4693.3,4.079646017699115,0.10964912280701754,0.15350877192982457,35,0.11923973963546933,True,True,True,True
f45122a9ab94eb4f3f8953578bc0c560,SP,184,21764.68,3279.19,3.972826086956522,0.07065217391304347,0.17391304347826086,32,0.13093783029539766,True,True,True,True
522620dcb18a6b31cd7bdf73665113a9,PR,172,56690.49,4583.17,3.905325443786982,0.0872093023255814,0.18604651162790697,32,0.07479837176365832,True,True,True,True
7aa4334be125fcdd2ba64b3180029f14,SP,214,16012.949999999999,4317.57,4.131455399061033,0.11682242990654206,0.14018691588785046,30,0.21236889169583464,True,True,True,True
e9bc59e7b60fc3063eb2290deda4cced,PR,209,33543.69,4538.7300000000005,4.076555023923445,0.07655502392344497,0.14354066985645933,30,0.11918176418410384,True,True,True,True
25c5c91f63607446a97b143d2d535d31,MG,156,54208.78,6945.92,3.8451612903225807,0.07051282051282051,0.19230769230769232,30,0.11357949593408194,True,True,True,True
b2479f944e1b90cf8a5de1bbfde284d6,SP,101,4666.53,2207.7,3.47,0.1188118811881188,0.297029702970297,30,0.3211559694685805,True,True,True,True
7ad32824caee82087b3e2e5f33b1bf32,SP,147,22018.1,3477.7,3.861111111111111,0.1292517006802721,0.19047619047619047,28,0.1364028585100291,True,True,True,True
431af27f296bc6519d890aa5a05fdb11,SP,116,12974.6,2128.45,3.8,0.13793103448275862,0.23275862068965517,27,0.14092848795441978,True,True,True,True
f262cbc1c910c83959f849465454ddd3,SP,189,10199.86,2455.04,4.180851063829787,0.07407407407407407,0.13756613756613756,26,0.19399916237978962,True,True,True,True
59b22a78efb79a4797979612b885db36,MG,125,27184.5,4897.57,3.9838709677419355,0.112,0.2,25,0.15265754360613265,True,True,True,True
7d76b645482be4a332374e8223836592,SP,172,3765.74,2522.0299999999997,4.0,0.09302325581395349,0.13953488372093023,24,0.40110086723910066,True,True,True,True
cfb1a033743668a192316f3c6d1d2671,SP,143,12609.54,3361.16,4.042253521126761,0.0979020979020979,0.16083916083916083,23,0.2104579010312635,True,True,True,True
0dd184061fb0eaa7ca37932c68ab91c5,SP,161,18446.92,5319.5,4.03125,0.10559006211180125,0.13664596273291926,22,0.22382420238302614,True,True,True,True
a416b6a846a11724393025641d4edd5e,SP,157,24930.24,2935.56,4.2165605095541405,0.10828025477707007,0.14012738853503184,22,0.10534633852248992,True,True,True,True
dd7ddc04e1b6c2c614352b383efe2d36,SP,121,9148.61,2876.57,3.875,0.12396694214876033,0.18181818181818182,22,0.23921221969234557,True,True,True,True
b1fc4f64df5a0e8b6913ab38803c57a9,RJ,107,7994.74,2146.25,3.857142857142857,0.12149532710280374,0.205607476635514,22,0.21164107251856082,True,True,True,True
e9d99831abad74458942f21e16f33f92,SP,130,4922.4800000000005,1993.58,3.9302325581395348,0.1,0.16153846153846155,21,0.28825371671153804,True,True,True,True
a3e9a2c700480d9bb01fba070ba80a0e,SP,129,13371.8,2869.03,4.0,0.09302325581395349,0.16279069767441862,21,0.17665538029768185,True,True,True,True
c31eff8334d6b3047ed34bebd4d62c36,SP,120,12991.61,2359.24,3.8739495798319328,0.11666666666666667,0.175,21,0.153687906532863,True,True,True,True
8b28d096634035667e8263d57ba3368c,SP,139,9025.3,2507.74,4.014598540145985,0.1079136690647482,0.14388489208633093,20,0.21743963430283775,True,True,True,True
a673821011d0cec28146ea42f5ab767f,SP,125,13366.0,2562.04,4.049586776859504,0.104,0.16,20,0.16085092704438209,True,True,True,True
cd68562d3f44870c08922d380acae552,SP,122,18119.7,2160.16,4.016528925619835,0.1557377049180328,0.16393442622950818,20,0.10651750061390955,True,True,True,True
e5a38146df062edaf55c38afa99e42dc,SP,120,15270.89,1885.54,3.9831932773109244,0.075,0.16666666666666666,20,0.10990281777735811,True,True,True,True
b33e7c55446eabf8fe1a42d037ac7d6d,SP,149,44215.17,2656.38,4.201342281879195,0.11409395973154363,0.12751677852348994,19,0.05667361117778269,True,True,True,True
76d5af76d0271110f9af36c92573f765,SP,128,31944.6,3787.06,4.133858267716535,0.09375,0.140625,18,0.10598611987240449,True,True,True,True
2e90cb1677d35cfe24eef47d441b7c87,SP,127,13894.710000000001,2887.4500000000003,4.118110236220472,0.12598425196850394,0.14173228346456693,18,0.1720547295461371,True,True,True,True
2c9e548be18521d1c43cde1c582c6de8,SP,124,6013.56,2456.53,4.131147540983607,0.1532258064516129,0.12903225806451613,16,0.290024072943735,True,True,True,True
6560211a19b47992c3666cc44a7e94c0,SP,1819,120702.83,27348.11,3.9778393351800556,0.052776250687190766,0.159978009895547,291,0.18472094807368328,True,False,True,False
cc419e0650a3c5ba77189a1882b7556a,SP,1651,101090.95999999999,24846.03,4.149969641772921,0.052695336159903086,0.12901271956390067,213,0.19728937463091661,True,False,True,False
da8622b14eb17ae2831f4ac5b9dab84a,SP,1311,159816.87,24889.91,4.180842911877394,0.06636155606407322,0.11670480549199085,153,0.13475363492341755,True,False,False,False
cca3071e3e9bb7d12640c9fbe2301306,SP,699,63035.16,14153.39,3.886627906976744,0.04864091559370529,0.18741058655221746,131,0.18336126277796383,True,False,True,False
955fee9216a65b617aa5c0531780ce60,SP,1261,131836.71,24769.77,4.201117318435754,0.06106264869151467,0.10150674068199841,128,0.15816567743556972,True,False,False,False
7a67c85e85bb2ce8582c35f2203ad736,SP,1145,139658.69,20619.83,4.276165347405453,0.05240174672489083,0.09781659388646288,112,0.12864999002985553,True,False,False,False
3d871de0142ce09b7081e2b9d1733cb1,SP,1064,93407.4,22108.25,4.1918328584995255,0.05451127819548872,0.10338345864661654,110,0.19138748732314625,True,False,False,False
d2374cbcbb3ca4ab1086534108cc3ab7,SP,514,20926.02,9444.21,3.781925343811395,0.05252918287937743,0.19649805447470817,101,0.310969327528965,True,False,True,False
620c87c171fb2a6dd6e8bb4dec959fc6,RJ,722,112461.5,13816.68,4.305865921787709,0.08725761772853186,0.11080332409972299,80,0.10941462729348808,True,True,False,False
d91fb3b7d041e83b64a00a3edfb37e4f,SP,524,39926.39,9058.06,4.1365384615384615,0.03816793893129771,0.13740458015267176,72,0.18491705020674928,True,False,True,False
e9779976487b77c6d4ac45f75ec7afe9,SP,645,42229.69,9981.61,4.2601246105919,0.06046511627906977,0.10542635658914729,68,0.19117719727338717,True,False,False,False
a1043bafd471dff536d0c462352beb48,MG,702,99309.23,31103.51,4.275714285714286,0.04985754985754986,0.09401709401709402,66,0.23850054833599846,True,False,False,False
2138ccb85b11a4ec1e37afbd1c8eda1f,SP,388,12089.22,5902.67,3.956072351421189,0.04639175257731959,0.16494845360824742,64,0.32807392664139234,True,False,True,False
f8db351d8c4c4c22c6835c19a46f01b0,SP,659,50082.6,12404.42,4.263719512195122,0.042488619119878605,0.09559939301972686,63,0.1985119469611449,True,False,False,False
5dceca129747e92ff8ef7a997dc4f8ca,SP,322,111126.73,13576.19,4.012578616352202,0.055900621118012424,0.18944099378881987,61,0.10886826066302217,True,False,True,False
53e4c6e0f4312d4d2107a8c9cddf45cd,SP,463,29587.77,9696.16,4.130151843817788,0.047516198704103674,0.12742980561555076,59,0.24682255568625644,True,False,True,False
fa1c13f2614d7b5c4749cbc52fecda94,SP,578,190917.13999999998,9916.36,4.372822299651568,0.09169550173010381,0.09515570934256055,55,0.0493760254140868,True,True,False,False
128639473a139ac0f3e5f5ade55873a5,PR,527,11795.849999999999,9679.69,4.213051823416507,0.04174573055028463,0.10436432637571158,55,0.4507309245774495,True,False,False,False
46dc3b2cc0980fb8ec44634e21d2718e,RJ,503,122811.38,11351.5,4.27364185110664,0.05765407554671968,0.10934393638170974,55,0.08460984141067932,True,False,False,False
92eb0f42c21942b6552362b9b114707d,SP,334,6416.41,4845.63,4.021084337349397,0.04790419161676647,0.1407185628742515,47,0.4302621905090019,True,False,True,False
dc4a0fc896dc34b0d5bfec8438291c80,SP,225,23655.98,4492.08,3.8133333333333335,0.06666666666666667,0.2088888888888889,47,0.15958755239259828,True,False,True,False
85d9eb9ddc5d00ca9336a2219c97bb13,MG,499,15107.24,8432.67,4.223790322580645,0.022044088176352707,0.09218436873747494,46,0.35822864233550594,True,False,False,False
218d46b86c1881d022bce9c68a7d4b15,SP,382,53710.3,7452.64,4.184210526315789,0.08638743455497382,0.12041884816753927,46,0.12184894970712658,True,True,False,False
d1c281d3ae149232351cd8c8cc885f0d,SP,214,26833.61,5380.07,3.811320754716981,0.06542056074766354,0.21495327102803738,46,0.16701196510302455,True,False,True,False
4d6d651bd7684af3fffabd5f08d12e5a,SP,363,42999.0,7786.76,4.223756906077348,0.03856749311294766,0.1184573002754821,43,0.15332565664075914,True,False,False,False
710e3548e02bc1d2831dfc4f1b5b14d4,PR,131,22369.25,3742.66,3.4307692307692306,0.03816793893129771,0.3053435114503817,40,0.14333152955873393,True,False,True,False
f457c46070d02cadd8a68551231220dd,PR,195,18798.3,3650.71,3.8762886597938144,0.05641025641025641,0.2,39,0.16262231608431732,True,False,True,False
a49928bcdf77c55c6d6e05e09a9b4ca5,SP,96,8646.900000000001,1726.92,3.03125,0.21875,0.40625,39,0.16646905382973676,False,True,True,False
b2ba3715d723d245138f291a6fe42594,SP,324,49302.18,6294.47,4.202492211838006,0.06790123456790123,0.11728395061728394,38,0.11321671359695233,True,True,False,False
3c7c4a49ec3c6550809089c6a2ca9370,SP,139,4002.75,1796.46,3.6906474820143886,0.05755395683453238,0.2733812949640288,38,0.3097766764783479,True,False,True,False
9f505651f4a6abe901a56cdc21508025,SP,393,25912.84,5949.75,4.366666666666666,0.04071246819338423,0.09414758269720101,37,0.18673152433622,True,False,False,False
8581055ce74af1daba164fdbd55a40de,SP,379,63893.92,9445.23,4.306878306878307,0.08179419525065963,0.09498680738786279,36,0.1287883756492951,True,True,False,False
53243585a1d6dc2643021fd1853d8905,BA,348,217940.44,12856.58,4.19364161849711,0.034482758620689655,0.10344827586206896,36,0.05570513865386997,True,False,False,False
972d0f9cf61b499a4812cf0bfa3ad3c4,SC,81,7910.42,2100.73,3.0253164556962027,0.1111111111111111,0.4074074074074074,33,0.20983902948212743,False,True,True,False
1da3aeb70d7989d1e6d9b0e887f97c23,SP,261,8691.56,4175.52,4.165384615384616,0.04597701149425287,0.12260536398467432,32,0.3245118550595784,True,False,False,False
5656537e588803a555b8eb41f07a944b,DF,171,7931.26,3324.29,3.8947368421052633,0.05847953216374269,0.1871345029239766,32,0.29534674005268513,True,False,True,False
de722cd6dad950a92b7d4f82673f8833,PE,337,55126.3,9650.289999999999,4.303571428571429,0.03560830860534125,0.09198813056379822,31,0.14897804901431208,True,False,False,False
213b25e6f54661939f11710a6fddb871,SP,152,15105.95,3381.01,3.814569536423841,0.06578947368421052,0.20394736842105263,31,0.18288620735913316,True,False,True,False
36a968b544695394e4e9d7572688598f,SP,148,6864.47,2053.23,3.75,0.033783783783783786,0.20945945945945946,31,0.2302421027843502,True,False,True,False
dbc22125167c298ef99da25668e1011f,MG,394,32829.12,7787.43,4.320610687022901,0.025380710659898477,0.07614213197969544,30,0.19173046455201143,True,False,False,False
229c3efbfb0ea2058de4ccdfbc3d784a,MG,118,15479.0,2300.71,3.623931623931624,0.01694915254237288,0.2542372881355932,30,0.12940087324258945,True,False,True,False
8444e55c1f13cd5c179851e5ca5ebd00,MG,92,21480.96,1964.71,3.369565217391304,0.06521739130434782,0.32608695652173914,30,0.0837984156562811,False,False,True,False
7178f9f4dd81dcef02f62acdf8151e01,SC,202,36795.4,4385.04,4.059701492537314,0.034653465346534656,0.14356435643564355,29,0.10648356355590177,True,False,True,False
44073f8b7e41514de3b7815dd0237f4f,DF,142,18380.64,3138.85,3.74468085106383,0.035211267605633804,0.20422535211267606,29,0.14586079874569519,True,False,True,False
18a349e75d307f4b4cc646a691ed4216,SP,109,7425.21,1890.66,3.6018518518518516,0.05504587155963303,0.26605504587155965,29,0.20295044907238938,True,False,True,False
fe2032dab1a61af8794248c8196565c9,SP,293,65689.71,4710.89,4.387543252595155,0.08873720136518772,0.09556313993174062,28,0.06691548083397017,True,True,False,False
54965bbe3e4f07ae045b90b0b8541f52,PR,73,10351.7,2076.2599999999998,3.1449275362318843,0.3013698630136986,0.3835616438356164,28,0.16706362106089814,False,True,True,False
17e34d8224d27a541263c4c64b11a56b,SP,247,54440.28,5090.21,4.253061224489796,0.07692307692307693,0.10931174089068826,27,0.08550593149829609,True,True,False,False
001cca7ae9ae17fb1caed9dfb1094831,ES,195,24487.03,8655.87,4.0625,0.06153846153846154,0.13846153846153847,27,0.2611681536618703,True,False,True,False
0b90b6df587eb83608a64ea8b390cf07,PR,163,28492.76,3598.18,4.037037037037037,0.03680981595092025,0.1656441717791411,27,0.11212448123987642,True,False,True,False
2528513dd95219a6013d4d05176e391a,SP,160,32660.2,3740.77,3.968152866242038,0.0375,0.16875,27,0.10276566805774681,True,False,True,False
0be8ff43f22e456b4e0371b2245e4d01,SP,156,11336.0,2508.49,4.032051282051282,0.0641025641025641,0.17307692307692307,27,0.1811904952800717,True,False,True,False
712e6ed8aa4aa1fa65dab41fed5737e4,SC,77,39385.0,6764.82,3.3947368421052633,0.2077922077922078,0.35064935064935066,27,0.14658388700107605,False,True,True,False
bbad7e518d7af88a0897397ffdca1979,SP,68,4426.32,1314.92,3.1791044776119404,0.16176470588235295,0.39705882352941174,27,0.2290306623656214,False,True,True,False
7e93a43ef30c4f03f38b393420bc753a,SP,319,165981.49,5992.06,4.364779874213837,0.047021943573667714,0.08150470219435736,26,0.034842916250783916,True,False,False,False
562fc2f2c2863ab7e79a9e4388a58a14,SP,255,8659.25,4224.96,4.229249011857707,0.03137254901960784,0.09803921568627451,25,0.3279176604541528,True,False,False,False
1554a68530182680ad5c8b042c3ab563,MG,246,28979.64,6734.92,4.327868852459017,0.06097560975609756,0.1016260162601626,25,0.1885763117339259,True,False,False,False
0241d4d5d36f10f80c644447315af0bd,PR,238,31397.7,6853.91,4.3544303797468356,0.046218487394957986,0.10504201680672269,25,0.17917964760176108,True,False,False,False
813348c996469b40f2e028d5429d3495,SP,172,10813.53,3457.7000000000003,4.06508875739645,0.046511627906976744,0.14534883720930233,25,0.24228465240907757,True,False,True,False
6d66611d7c44cc30ce351abc49a68421,SP,164,13428.6,3216.66,3.9691358024691357,0.054878048780487805,0.1524390243902439,25,0.19324780748393233,True,False,True,False
37be5a7c751166fbc5f8ccba4119e043,SP,269,54735.55,6021.21,4.327067669172933,0.026022304832713755,0.08921933085501858,24,0.09910354008344092,True,False,False,False
41b39e28db005d9731d9d485a83b4c38,SP,187,16306.75,3757.77,4.18716577540107,0.0481283422459893,0.12834224598930483,24,0.18728432078115997,True,False,True,False
0c8380b62e38e8a1e6adbeba7eb9688c,MG,180,17228.99,4071.75,4.073033707865169,0.05,0.13333333333333333,24,0.19115533075376723,True,False,True,False
95e03ca3d4146e4011985981aeb959b9,RJ,172,10865.16,3189.3,4.017647058823529,0.03488372093023256,0.13953488372093023,24,0.22692440691424648,True,False,True,False
1c68394e931a64f90ea236c5ea590300,PR,142,24832.75,2896.41,3.9014084507042255,0.035211267605633804,0.16901408450704225,24,0.1044535788318146,True,False,True,False
c33847515fa6305ce6feb1e818569f13,SC,114,15519.85,4374.41,3.8508771929824563,0.03508771929824561,0.21052631578947367,24,0.21988302153485476,True,False,True,False
6fd52c528dcb38be2eea044946b811f8,SP,67,7743.0199999999995,1138.56,3.393939393939394,0.13432835820895522,0.3582089552238806,24,0.12819340702892953,False,True,True,False
c70c1b0d8ca86052f45a432a38b73958,SP,260,36289.15,3901.41,4.368217054263566,0.05384615384615385,0.08846153846153847,23,0.09707279520364981,True,False,False,False
37515688008a7a40ac93e3b2e4ab203f,SP,227,5954.1,3396.65,4.102222222222222,0.07929515418502203,0.1013215859030837,23,0.36324893725102264,True,True,False,False
f7ba60f8c3f99e7ee4042fdef03b70c4,SP,218,68070.0,4317.94,4.220183486238532,0.13761467889908258,0.10550458715596331,23,0.05964999142122292,True,True,False,False
1c129092bf23f28a5930387c980c0dfc,SP,200,9528.619999999999,3021.57,4.251256281407035,0.045,0.115,23,0.24075890484526533,True,False,False,False
7299e27ed73d2ad986de7f7c77d919fa,MG,335,34107.44,6804.49,4.429850746268657,0.041791044776119404,0.06567164179104477,22,0.1663204351395791,True,False,False,False
fa40cc5b934574b62717c68f3d678b6d,SP,304,15900.48,4482.53,4.481848184818482,0.05263157894736842,0.07236842105263158,22,0.21991501745816738,True,False,False,False
ceaec5548eefc6e23e6607c5435102e7,SP,198,51478.18,6175.55,4.2,0.050505050505050504,0.1111111111111111,22,0.1071144919851673,True,False,False,False
8e6d7754bc7e0f22c96d255ebda59eba,SP,84,14107.380000000001,1685.97,3.607142857142857,0.13095238095238096,0.2619047619047619,22,0.10675189241041325,False,True,True,False
c3cfdc648177fdbbbb35635a37472c53,PR,278,43048.18,6079.63,4.469314079422382,0.014388489208633094,0.07553956834532374,21,0.12375129280136853,True,False,False,False
4830e40640734fc1c52cd21127c341d4,SP,204,9490.5,3011.92,4.2254901960784315,0.049019607843137254,0.10294117647058823,21,0.24090696041246415,True,False,False,False
86ccac0b835037332a596a33b6949ee1,SC,178,15894.34,3905.61,4.231638418079096,0.02247191011235955,0.11797752808988764,21,0.19725352841800106,True,False,False,False
9b013e03b2ab786505a1d3b5c0756754,SP,170,8714.55,2556.28,4.218934911242603,0.041176470588235294,0.12352941176470589,21,0.22680494692937433,True,False,False,False
cac4c8e7b1ca6252d8f20b2fc1a2e4af,SP,74,4128.19,1530.51,3.5616438356164384,0.17567567567567569,0.28378378378378377,21,0.2704702493505576,False,True,True,False
a3a38f4affed601eb87a97788c949667,SC,251,26294.62,5184.66,4.401606425702811,0.043824701195219126,0.0796812749003984,20,0.1647007174242867,True,False,False,False
8d956fec2e4337affcb520f56fd8cbfd,SP,210,10988.2,3313.85,4.214285714285714,0.06190476190476191,0.09523809523809523,20,0.23170454585181843,True,False,False,False
e26901d5ab434ce92fd9b5c256820a4e,SP,197,11601.5,2880.13,4.2030456852791875,0.015228426395939087,0.10152284263959391,20,0.19888161760796264,True,False,False,False
ccc4bbb5f32a6ab2b7066a4130f114e3,PR,184,72926.72,5174.62,4.3224043715847,0.06521739130434782,0.10869565217391304,20,0.06625520125518973,True,False,False,False
004c9cd9d87a3c30c522c48c4fc07416,SP,156,19569.73,3524.29,4.142857142857143,0.0641025641025641,0.1282051282051282,20,0.15260617250699532,True,False,True,False
8a32e327fe2c1b3511609d81aaf9f042,SP,126,6101.12,2237.7400000000002,3.944,0.031746031746031744,0.15873015873015872,20,0.26835082972972324,True,False,True,False
6973a06f484aacf400ece213dbf3d946,SP,89,10418.72,1287.87,3.715909090909091,0.14606741573033707,0.2247191011235955,20,0.11001239472809758,False,True,True,False
a7f13822ceb966b076af67121f87b063,SP,73,12017.69,2962.74,3.4027777777777777,0.0410958904109589,0.273972602739726,20,0.19777402918340795,False,False,True,False
87142160b41353c4e5fca2360caf6f92,RS,305,31095.98,7218.33,4.404605263157895,0.03934426229508197,0.06229508196721312,19,0.18839775530343625,True,False,False,False
669ae81880e08f269a64487cfb287169,SC,161,13133.87,3351.33,4.2625,0.043478260869565216,0.11801242236024845,19,0.20329325698202022,True,False,False,False
f46490624488d3ff7ce78613913a7711,SP,80,5690.95,1693.4099999999999,3.7625,0.1125,0.2375,19,0.22932386828377813,False,True,True,False
5058e8c1e82653974541e83690655b4a,SP,62,9812.83,3008.63,3.2459016393442623,0.11290322580645161,0.3064516129032258,19,0.2346558036292279,False,True,True,False
6edacfd9f9074789dad6d62ba7950b9c,SP,205,12966.4,2905.88,4.380487804878049,0.04390243902439024,0.08780487804878048,18,0.18307892753908073,True,False,False,False
2e1c9f22be269ef4643f826c9e650a52,SP,161,12170.24,2321.28,4.24375,0.062111801242236024,0.11180124223602485,18,0.16018195468798305,True,False,False,False
cbd996ad3c1b7dc71fd0e5f5df9087e2,SP,160,8217.5,2771.94,4.210191082802548,0.08125,0.1125,18,0.25223669267951776,True,True,False,False
8f2ce03f928b567e3d56181ae20ae952,SP,151,21213.2,3756.6,4.1466666666666665,0.12582781456953643,0.11920529801324503,18,0.1504457384520501,True,True,False,False
79ebd9a61bac3eaf882805ed4ecfa12a,PR,133,14783.09,3947.43,4.06015037593985,0.045112781954887216,0.13533834586466165,18,0.21074855369738799,True,False,True,False
dd2bdf855a9172734fbc3744021ae9b9,MG,105,10607.0,1992.01,3.881188118811881,0.05714285714285714,0.17142857142857143,18,0.1581084545531752,True,False,True,False
04308b1ee57b6625f47df1d56f00eedf,SC,92,58991.8,2948.82,3.9456521739130435,0.07608695652173914,0.1956521739130435,18,0.047607208323068126,False,True,True,False
609e1a9a6c2539919b8205cf7c4e6ff0,SC,87,6595.23,2687.19,3.8117647058823527,0.011494252873563218,0.20689655172413793,18,0.2894923953020872,False,False,True,False
850f4f8af5ea87287ac68de36e29107f,SP,186,45285.37,3097.35,4.295081967213115,0.04838709677419355,0.0913978494623656,17,0.06401769061350829,True,False,False,False
de23c3b98a88888289c6f5cc1209054a,SP,161,25933.670000000002,2646.19,4.291925465838509,0.07453416149068323,0.10559006211180125,17,0.09258932688963487,True,True,False,False
5a8e7d5003a1f221f9e1d6e411de7c23,SP,137,11042.1,2666.7,4.1678832116788325,0.0364963503649635,0.12408759124087591,17,0.19452468487394958,True,False,False,False
48436dade18ac8b2bce089ec2a041202,SP,134,11821.11,2840.9,4.104477611940299,0.07462686567164178,0.12686567164179105,17,0.19375924583327933,True,True,False,False
0db783cfcd3b73998abc6e10e59a102f,SP,132,9077.4,1999.15,4.206106870229007,0.03787878787878788,0.12878787878787878,17,0.1804848982760878,True,False,True,False
f4aba7c0bca51484c30ab7bdc34bcdd1,SP,108,2951.8999999999996,1515.23,3.9444444444444446,0.05555555555555555,0.1574074074074074,17,0.3391954118192218,True,False,True,False
f84a00e60c73a49e7e851c9bdca3a5bb,RJ,88,5849.24,1931.1,3.897727272727273,0.10227272727272728,0.19318181818181818,17,0.24820252071246243,False,True,True,False
d20b021d3efdf267a402c402a48ea64b,SP,86,3922.3,1504.96,3.7529411764705882,0.16279069767441862,0.19767441860465115,17,0.27729646267177177,False,True,True,False
891071be6ba827b591264c90c2ae8a63,SP,85,3763.35,1193.7,3.9529411764705884,0.1411764705882353,0.2,17,0.2408085454050292,False,True,True,False
11bfa66332777660bd0640ee84d47006,SP,76,3925.87,1682.6699999999998,3.9210526315789473,0.14473684210526316,0.2236842105263158,17,0.30001925634835447,False,True,True,False
0b35c634521043bf4b47e21547b99ab5,PR,50,13235.65,1455.14,3.4081632653061225,0.16,0.34,17,0.09905117423909811,False,True,True,False
2a1348e9addc1af5aaa619b1a3679d6b,MG,48,2697.4,727.37,3.1702127659574466,0.2708333333333333,0.3541666666666667,17,0.21238506527445639,False,True,True,False
602044f2c16190c2c6e45eb35c2e21cb,SP,48,3559.17,909.76,3.234042553191489,0.16666666666666666,0.3541666666666667,17,0.20357445742045632,False,True,True,False
54a1852d1b8f10312c55e906355666ee,SP,198,17056.46,3361.57,4.355329949238579,0.07575757575757576,0.08080808080808081,16,0.16463733278871664,True,True,False,False
b76dba6c951ab00dc4edf0a1aa88037e,SP,157,2545.31,2282.03,4.219354838709678,0.03184713375796178,0.10191082802547771,16,0.47273032353221445,True,False,False,False
7e1fb0a3ebfb01ffb3a7dae98bf3238d,SP,155,26169.53,2883.09,4.189542483660131,0.11612903225806452,0.1032258064516129,16,0.09923683302917259,True,True,False,False
9c0e69c7bf2619675bbadf47b43f655a,SP,151,32720.4,2823.42,4.2,0.08609271523178808,0.10596026490066225,16,0.07943490598365624,True,True,False,False
db4350fd57ae30082dec7acbaacc17f9,SP,136,3304.3199999999997,2064.7,4.162962962962963,0.03676470588235294,0.11764705882352941,16,0.3845580757754674,True,False,False,False
f80edd2c5aaa505cc4b0a3b219abf4b8,SP,116,8855.5,2935.12,4.147826086956521,0.05172413793103448,0.13793103448275862,16,0.24893686676357987,True,False,True,False
17ca9b9e9b9ef8fdb529001b49ebb50f,MG,115,9649.86,2348.96,4.069565217391304,0.008695652173913044,0.1391304347826087,16,0.19576591698183657,True,False,True,False
1127b7f2594683f2510f1c2c834a486b,SP,110,6669.7,1768.7,4.1909090909090905,0.01818181818181818,0.14545454545454545,16,0.20960134622677287,True,False,True,False
00fc707aaaad2d31347cf883cd2dfe10,PR,103,12684.9,2285.09,4.078431372549019,0.038834951456310676,0.1553398058252427,16,0.15264472454557418,True,False,True,False
98dac6635aee4995d501a3972e047414,SP,89,4115.75,2379.6,4.1477272727272725,0.0449438202247191,0.1797752808988764,16,0.36635439198811454,False,False,True,False
d05ae8f7a5bd1d2a690a44cd079e4e27,RJ,77,13244.0,1141.65,3.8947368421052633,0.06493506493506493,0.2077922077922078,16,0.0793603347780601,False,False,True,False
5343d0649eca2a983820bfe93fc4d17e,SP,70,9819.02,2375.07,3.869565217391304,0.1,0.22857142857142856,16,0.19477222162539395,False,True,True,False
23613d49c3ac2bd302259e55c06c050c,SP,69,4193.1,2034.04,3.8676470588235294,0.08695652173913043,0.2318840579710145,16,0.3266411225699117,False,True,True,False
5f2684dab12e59f83bef73ae57724e45,SP,67,8870.97,1109.75,3.791044776119403,0.05970149253731343,0.23880597014925373,16,0.11118937311135871,False,False,True,False
4b9750c8ad28220fe6702d4ecb7c898f,SP,217,15815.4,3358.45,4.364055299539171,0.059907834101382486,0.06912442396313365,15,0.17515783215160233,True,False,False,False
1a3df491d1c4f1589fc2b934ada68bf2,SC,160,22472.4,4078.23,4.275,0.0375,0.09375,15,0.15360200492417694,True,False,False,False
b499c00f28f4b7069ff6550af8c1348a,SP,147,10162.18,2503.6,4.224489795918367,0.1292517006802721,0.10204081632653061,15,0.19766646823172357,True,True,False,False
b4ffb71f0cb1b1c3d63fad021ecf93e1,SP,143,6635.69,2501.75,4.244755244755245,0.02097902097902098,0.1048951048951049,15,0.2737911274930397,True,False,False,False
00ee68308b45bc5e2660cd833c3f81cc,SP,135,20260.0,3180.66,4.298507462686567,0.07407407407407407,0.1111111111111111,15,0.13568986538774933,True,True,False,False
7722b1df1b0e383e000397b2c11e3e19,SP,133,7046.6,2059.48,4.2272727272727275,0.03007518796992481,0.11278195488721804,15,0.2261653752218298,True,False,False,False
8e6cc767478edae941d9bd9eb778d77a,MG,100,5929.35,2169.26,4.061224489795919,0.06,0.15,15,0.2678558419284297,True,False,True,False
f27e33c6d29b5138fa9967bcd445b6d5,SP,93,8888.3,1593.95,4.096774193548387,0.08602150537634409,0.16129032258064516,15,0.15206181878890507,False,True,True,False
0ea22c1cfbdc755f86b9b54b39c16043,MG,234,10592.1,4231.98,4.411255411255412,0.008547008547008548,0.05982905982905983,14,0.28548011073874396,True,False,False,False
537eb890efff034a88679788b647c564,RJ,158,4617.9,2475.54,4.234177215189874,0.0379746835443038,0.08860759493670886,14,0.3489900527811612,True,False,False,False
259f7b5e6e482c230e5bfaa670b6bb8f,SP,136,8393.14,2694.28,4.348148148148148,0.014705882352941176,0.10294117647058823,14,0.243003331703859,True,False,False,False
c9c7905cffc4ef9ff9f113554423e671,SP,127,10657.18,2109.53,4.141732283464567,0.07874015748031496,0.11023622047244094,14,0.1652367759587239,True,True,False,False
aaed1309374718fdd995ee4c58c9dfcd,SC,104,9345.45,2314.2799999999997,4.0576923076923075,0.028846153846153848,0.1346153846153846,14,0.19848487057590525,True,False,True,False
440dd6ab244315c632130ecfb63827b1,SP,91,13089.0,2046.68,3.89010989010989,0.13186813186813187,0.15384615384615385,14,0.13522220342924798,False,True,True,False
adbc26658d6c7b4b6219f9d934598091,PR,88,11806.4,1885.85,4.125,0.13636363636363635,0.1590909090909091,14,0.13773119830561084,False,True,True,False
4e7c18b98d84e05cbae3ff0ff03846c2,SP,81,9038.9,2823.46,4.2,0.037037037037037035,0.1728395061728395,14,0.23801840443217032,False,False,True,False
688756f717c462a206ad854c5027a64a,SP,81,5837.67,1908.05,3.8875,0.037037037037037035,0.1728395061728395,14,0.24633604106525925,False,False,True,False
70c27847eca8195c983ed7e798c56743,RJ,77,12077.52,1451.66,4.233766233766234,0.06493506493506493,0.18181818181818182,14,0.10729844676469676,False,False,True,False
dfa0c4c6229ab200a4a1336b4d7128ff,SC,77,4777.1,1767.11,4.0,0.012987012987012988,0.18181818181818182,14,0.2700264814240374,False,False,True,False
f3da5b2ff499efb8d4a6d371d175d7dd,SP,77,3540.89,1099.7,3.8947368421052633,0.11688311688311688,0.18181818181818182,14,0.23697417785238514,False,True,True,False
95f83f51203c626648c875dd41874c7f,MG,50,3077.6600000000003,1554.14,3.7,0.04,0.28,14,0.3355369402823956,False,False,True,False
cab85505710c7cb9b720bceb52b01cee,SP,201,11124.6,2827.39,4.335,0.01990049751243781,0.06467661691542288,13,0.20265137804714595,True,False,False,False
d98eec89afa3380e14463da2aabaea72,RS,168,6968.53,3256.7799999999997,4.341317365269461,0.023809523809523808,0.07738095238095238,13,0.3185018351521861,True,False,False,False
6a8b085f816a1f75f92dbac6eb545f8f,SP,125,5884.17,2154.05,4.16,0.08,0.104,13,0.2679759946853906,True,True,False,False
1e8b33f18b4f7598d87f5cbee2282cc2,SP,122,17233.56,2690.5099999999998,4.4,0.03278688524590164,0.10655737704918032,13,0.1350381724215986,True,False,False,False
ce27a3cc3c8cc1ea79d11e561e9bebb6,SP,122,9465.45,2154.67,4.188034188034188,0.01639344262295082,0.10655737704918032,13,0.1854257959470298,True,False,False,False
0adac9fbd9a2b63cccaac4f8756c1ca8,SP,106,15557.6,2397.9,4.09433962264151,0.05660377358490566,0.12264150943396226,13,0.13354682409289634,True,False,False,False
ececbfcff9804a2d6b40f589df8eef2b,SP,97,6714.15,1834.31,4.11340206185567,0.09278350515463918,0.13402061855670103,13,0.2145778303928427,False,True,True,False
8648b1e89e9b349e32d3741b30ec737e,SP,93,7228.75,1420.27,4.150537634408602,0.0967741935483871,0.13978494623655913,13,0.16421166791150904,False,True,True,False
1d8dbc4f32378d715c717c1c1fc57bae,PR,91,11205.99,2085.15,4.056179775280899,0.08791208791208792,0.14285714285714285,13,0.15688270532098827,False,True,True,False
bd23da7354813347129d751591d1a6e2,SP,86,9704.6,1384.56,4.117647058823529,0.023255813953488372,0.1511627906976744,13,0.1248570676227956,False,False,True,False
9674754b5a0cb32b638cec001178f799,SP,84,4941.7300000000005,1196.15,4.107142857142857,0.023809523809523808,0.15476190476190477,13,0.19487999113700494,False,False,True,False
3be634553519fb6536a03e1358e9fdc7,SP,80,5231.02,1803.73,4.0,0.075,0.1625,13,0.2564028572443939,False,True,True,False
e8b3a3a38279a82f0e5d006d5e5b7d2c,PR,80,11762.4,1645.81,4.0125,0.0375,0.1625,13,0.12274643669811258,False,False,True,False
b14db04aa7881970e83ffa9426897925,SP,78,5595.9,2104.5,3.7733333333333334,0.10256410256410256,0.16666666666666666,13,0.2732974910394265,False,True,True,False
ce7d1888639e6fb06b2749cbfdac1ff7,MG,78,11793.89,3082.65,4.166666666666667,0.08974358974358974,0.16666666666666666,13,0.20721552188882633,False,True,True,False
822166ed1e47908f7cfb49946d03c726,RJ,69,3714.83,1821.12,3.985294117647059,0.014492753623188406,0.18840579710144928,13,0.3289625086931782,False,False,True,False
f7ccf836d21b2fb1de37564105216cc1,SP,69,2748.4,1107.94,3.8507462686567164,0.07246376811594203,0.18840579710144928,13,0.28730350539630845,False,True,True,False
4a3ccda38b2129705f3fb522db62ca31,SP,64,16169.09,1339.72,3.9375,0.0625,0.203125,13,0.07651690777385785,False,False,True,False
835f0f7810c76831d6c7d24c7a646d4d,SP,42,4990.200000000001,932.05,3.357142857142857,0.2619047619047619,0.30952380952380953,13,0.1573810629406053,False,True,True,False
ad781527c93d00d89a11eecd9dcad7c1,SP,38,6039.63,2173.49,3.3421052631578947,0.3157894736842105,0.34210526315789475,13,0.26463633795683006,False,True,True,False
edb1ef5e36e0c8cd84eb3c9b003e486d,RJ,165,79144.9,3886.24,4.442424242424242,0.07272727272727272,0.07272727272727272,12,0.046804608487851666,True,True,False,False
2a84855fd20af891be03bc5924d2b453,MG,155,14989.0,3276.7200000000003,4.376623376623376,0.025806451612903226,0.07741935483870968,12,0.17939177869802012,True,False,False,False
aafe36600ce604f205b86b5084d3d767,SC,129,9251.4,2421.8,4.403100775193798,0.03875968992248062,0.09302325581395349,12,0.20746667580440667,True,False,False,False
17a053fcb14bd219540cbde0df490be0,SP,124,40353.24,8761.17,4.254098360655738,0.056451612903225805,0.0967741935483871,12,0.17838288192813476,True,False,False,False
bfd27a966d91cfaafdb25d076585f0da,SP,114,19225.0,2636.41,4.31858407079646,0.05263157894736842,0.10526315789473684,12,0.12059652145035475,True,False,False,False
f5a590cf36251cf1162ea35bef76fe84,SP,113,51232.78,4134.18,4.274336283185841,0.07079646017699115,0.10619469026548672,12,0.07466871939510496,True,True,False,False
dbb9b48c841a0e39e21f98e1a6b2ec3e,SP,108,7186.85,1581.41,4.268518518518518,0.037037037037037035,0.1111111111111111,12,0.18035619381724538,True,False,False,False
3b15288545f8928d3e65a8f949a28291,SP,101,13764.82,2400.06,4.08,0.06930693069306931,0.1188118811881188,12,0.14847372823058383,True,True,False,False
8a432f4e5b471f8da497d7dc517666e2,SP,95,7555.0,1965.11,4.191489361702128,0.021052631578947368,0.12631578947368421,12,0.20641673257977058,False,False,False,False
06e5eefc71ec47ae763c5c6f8db7064f,RS,90,21648.670000000002,2151.65,3.977272727272727,0.0,0.13333333333333333,12,0.09040424666559105,False,False,True,False
c8b0e2b0a7095e5d8219575d5e7e1181,SP,84,12170.210000000001,1487.1299999999999,4.0843373493975905,0.07142857142857142,0.14285714285714285,12,0.1088887001421946,False,True,True,False
d673a59aac7a70d8b01e6902bf090a11,SP,79,3908.94,1590.62,3.911392405063291,0.0759493670886076,0.1518987341772152,12,0.2892267745055968,False,True,True,False
beadbee30901a7f61d031b6b686095ad,SP,64,4373.98,937.54,3.90625,0.234375,0.1875,12,0.17651067867578396,False,True,True,False
6039e27294dc75811c0d8a39069f52c0,SP,63,13500.800000000001,2334.7200000000003,3.7301587301587302,0.1746031746031746,0.19047619047619047,12,0.14743563836236512,False,True,True,False
fffd5413c0700ac820c7069d66d98c89,SP,57,8535.0,2590.3,3.892857142857143,0.12280701754385964,0.21052631578947367,12,0.23282967650310557,False,True,True,False
ea566164622c6b439516ab18062c42cd,SP,50,10309.42,858.56,3.78,0.18,0.24,12,0.07687692850452812,False,True,True,False
ede0c03645598cdfc63ca8237acbe73d,SP,43,2352.15,708.3,3.5714285714285716,0.32558139534883723,0.27906976744186046,12,0.23143655344802236,False,True,True,False
5cf13accae3222c70a9cac40818ae839,MG,148,14293.300000000001,3002.88,4.476190476190476,0.02027027027027027,0.07432432432432433,11,0.17361521445775888,True,False,False,False
fc906263ca5083d09dce42fe02247800,MG,112,4417.9,1855.3799999999999,4.375,0.0,0.09821428571428571,11,0.29575915629463373,True,False,False,False
1b4c3a6f53068f0b6944d2d005c9fc89,SC,111,14420.5,2976.4900000000002,4.254545454545455,0.04504504504504504,0.0990990990990991,11,0.17109224066921921,True,False,False,False
5d0363b33554b373851fc1622e4d5f3c,SP,93,6548.79,2175.48,4.075268817204301,0.08602150537634409,0.11827956989247312,11,0.24935954526854395,False,True,False,False
34056b8b55c1775a22af2331670a799c,SP,77,6398.7,1751.51,4.038961038961039,0.11688311688311688,0.14285714285714285,11,0.21490366505893713,False,True,True,False
1336efc61c316ddf92c899eb817f7cae,SP,74,4837.31,1517.98,4.0,0.08108108108108109,0.14864864864864866,11,0.23885298703914373,False,True,True,False
6860153b69cc696d5dcfe1cdaaafcf62,SP,74,3827.63,1490.6000000000001,4.095890410958904,0.08108108108108109,0.14864864864864866,11,0.2802812213838063,False,True,True,False
9e6229250fedbe05838fef417b74e7fb,SP,73,12962.300000000001,1834.96,3.8904109589041096,0.0273972602739726,0.1506849315068493,11,0.12400674178868248,False,False,True,False
48162d548f5b1b11b9d29d1e01f75a61,SP,66,20109.39,2042.44,3.984848484848485,0.015151515151515152,0.16666666666666666,11,0.09220186323206707,False,False,True,False
4c18691b6037662be2df78a765d98ab5,SP,63,3195.52,1120.99,3.873015873015873,0.06349206349206349,0.1746031746031746,11,0.25969822842991214,False,False,True,False
99eaacc9e6046db1c82b163c5f84869f,SP,63,12642.28,1081.66,4.0,0.1111111111111111,0.1746031746031746,11,0.07881555879725502,False,True,True,False
b92e3c8f9738272ff7c59e111e108d7c,MG,62,8231.09,2414.21,4.161290322580645,0.03225806451612903,0.1774193548387097,11,0.2267864691460081,False,False,True,False
4e17c65a516f69d023a2ae78b84f28d6,SP,61,7639.26,1155.54,4.229508196721311,0.04918032786885246,0.18032786885245902,11,0.131389002592441,False,False,True,False
75d34ebb1bd0bd7dde40dd507b8169c3,BA,57,12656.33,1313.44,3.9298245614035086,0.12280701754385964,0.19298245614035087,11,0.09402015924385297,False,True,True,False
2a261b5b644fa05f4f2700eb93544f2c,SP,51,5355.0,2041.73,3.843137254901961,0.1568627450980392,0.21568627450980393,11,0.2760314355127198,False,True,True,False
751bdc4d83a466c7206cd42e8f426b03,SP,51,6520.96,1020.02,3.938775510204082,0.0196078431372549,0.21568627450980393,11,0.13526358643041092,False,False,True,False
165fc07beebdcb6190fba8a06db2a449,PR,50,17481.4,1600.03,3.8,0.08,0.22,11,0.08385273011509095,False,True,True,False
cd06602b43d8800bd0afad514919d35c,SP,43,2555.31,732.54,3.744186046511628,0.046511627906976744,0.2558139534883721,11,0.2228021351339021,False,False,True,False
ef990a83bbea832f36ebe81376335aa8,SC,43,4642.59,914.65,3.627906976744186,0.20930232558139536,0.2558139534883721,11,0.16458709719213135,False,True,True,False
82e0a475a88cc9595229d8029273f045,SP,41,10748.02,1468.3799999999999,3.707317073170732,0.0975609756097561,0.2682926829268293,11,0.12019743950754723,False,True,True,False
c60b801f2d52c7f7f91de00870882a75,SP,39,11296.5,698.44,3.4358974358974357,0.15384615384615385,0.28205128205128205,11,0.05822788609196878,False,True,True,False
dc8798cbf453b7e0f98745e396cc5616,SP,35,1733.0,525.95,3.3714285714285714,0.05714285714285714,0.3142857142857143,11,0.23282941189490697,False,False,True,False
d3f39f05462b79a4562d35893a28f159,SP,33,2363.4,529.97,3.606060606060606,0.12121212121212122,0.3333333333333333,11,0.1831670335975005,False,True,True,False
ef0ace09169ac090589d85746e3e036f,RJ,128,16105.400000000001,2299.38,4.3984375,0.078125,0.078125,10,0.12493384870669466,True,True,False,False
d94a40fd42351c259927028d163af842,MG,100,13674.8,3347.57,4.214285714285714,0.03,0.1,10,0.19665710473923434,True,False,False,False
5c243662ce92d84573bfaff24c3e3700,SP,98,32862.02,1775.64,4.144329896907217,0.01020408163265306,0.10204081632653061,10,0.05126327817756743,False,False,False,False
3db66a856d18a9cba7c9241fc5221c50,MG,94,9478.300000000001,2044.36,4.202127659574468,0.10638297872340426,0.10638297872340426,10,0.17742083859108917,False,True,False,False
729f06993dac8e860d4f02d7088ca48a,SP,94,19885.18,4913.09,4.21505376344086,0.09574468085106383,0.10638297872340426,10,0.19812228836930965,False,True,False,False
7e3f87d16fb353f408d467e74fbd8014,SP,91,4653.09,1415.28,4.164835164835165,0.06593406593406594,0.10989010989010989,10,0.233222430405529,False,False,False,False
827f8f69dfa529c561901c4f2e0f332f,PR,91,3408.39,1595.57,4.280898876404494,0.06593406593406594,0.10989010989010989,10,0.3188614617223159,False,False,False,False
f84fa566034f5e8e880a07ec624c56af,SP,89,4993.91,1210.42,4.247191011235955,0.10112359550561797,0.11235955056179775,10,0.19509278197645838,False,True,False,False
bd0389da23d89b726abf911cccc54596,DF,87,7472.160000000001,1656.31,4.172413793103448,0.06896551724137931,0.11494252873563218,10,0.1814444260648279,False,True,False,False
f3b80352b986ab4d1057a4b724be19d0,DF,86,9815.1,2126.26,4.209302325581396,0.0,0.11627906976744186,10,0.1780584456041858,False,False,False,False
fd386aa7bed2af3c7035c65506c9b4a3,SP,69,2304.15,1012.02,4.3478260869565215,0.10144927536231885,0.14492753623188406,10,0.3051773582174617,False,True,True,False
ca3bd7cd9f149df75950150d010fe4a2,SP,68,9253.47,3318.89,4.088235294117647,0.014705882352941176,0.14705882352941177,10,0.2639830548918421,False,False,True,False
a420f60ff1aa9acc80d0e42959f2b313,SP,67,7443.3,1099.97,3.953846153846154,0.07462686567164178,0.14925373134328357,10,0.12875280776564477,False,True,True,False
318f287a62ab7ac10b703ac37435a231,SP,51,2432.48,1097.04,3.9215686274509802,0.09803921568627451,0.19607843137254902,10,0.31081846823364084,False,True,True,False
aae3bfea055532c57fb453ed3ec80b30,SP,48,3057.92,799.25,3.595744680851064,0.0,0.20833333333333334,10,0.20721150480792913,False,False,True,False
81f89e42267213cb94da7ddc301651da,SP,46,3955.0,766.18,3.6739130434782608,0.0,0.21739130434782608,10,0.16228569976150028,False,False,True,False
2089a6d640999f9b9141ac719b2af596,SP,41,7676.02,640.61,3.926829268292683,0.12195121951219512,0.24390243902439024,10,0.07702759410963333,False,True,True,False
070d165398b553f3b4b851c216b8a358,SP,31,3333.17,967.9399999999999,3.3666666666666667,0.12903225806451613,0.3225806451612903,10,0.2250442327678204,False,True,True,False
5bc55dbe2f12b6af6d83ed46023e0dc8,MG,17,2992.1000000000004,417.28,2.411764705882353,0.23529411764705882,0.5882352941176471,10,0.12239175451255066,False,True,True,False
b1b3948701c5c72445495bd161b83a4c,SP,14,21519.5,404.75,1.9285714285714286,0.6428571428571429,0.7142857142857143,10,0.018461292860645177,False,True,True,False
c003204e1ab016dfa150abc119207b24,SP,195,24904.29,4714.17,4.466666666666667,0.05128205128205128,0.046153846153846156,9,0.1591632380616683,True,False,False,False
0bae85eb84b9fb3bd773911e89288d54,SP,136,7433.5599999999995,2907.0,4.294117647058823,0.007352941176470588,0.0661764705882353,9,0.28112597383507276,True,False,False,False
59fb871bf6f4522a87ba567b42dafecf,SP,123,21178.600000000002,2013.58,4.276422764227642,0.056910569105691054,0.07317073170731707,9,0.08682150621459474,True,False,False,False
7008613ea464bad5cb9b83456e1e6a8f,SC,123,7538.7,2949.34,4.278688524590164,0.04878048780487805,0.07317073170731707,9,0.28120983520276427,True,False,False,False
640e21a7d01df7614a3b4923e990d40c,SP,115,7528.89,2431.66,4.3304347826086955,0.043478260869565216,0.0782608695652174,9,0.24412908925711935,True,False,False,False
33a6f4b1e7cdc205511e76ba1b6e0186,SP,105,10295.01,1888.9,4.40952380952381,0.01904761904761905,0.08571428571428572,9,0.1550323336268899,True,False,False,False
7ea5bfa6c340f58f8e71fc1f0412b0d6,MG,96,10838.41,1631.85,4.189473684210526,0.0625,0.09375,9,0.13085934054301995,False,False,False,False
aac29b1b99776be73c3049939652091d,MG,94,6563.66,2569.62,4.161290322580645,0.09574468085106383,0.09574468085106383,9,0.2813468983760489,False,True,False,False
7b07b3c7487f0ea825fc6df75abd658b,SP,91,9259.47,1292.69,4.417582417582418,0.04395604395604396,0.0989010989010989,9,0.12250477627329381,False,False,False,False
701938c450705b8ae65fc923b70f35c7,SP,74,11879.289999999999,3771.6,4.0,0.04054054054054054,0.12162162162162163,9,0.24098310064156095,False,False,False,False
30a2f535bb48308f991d0b9ad4a8c4bb,SP,71,4731.3,1084.06,4.28169014084507,0.028169014084507043,0.1267605633802817,9,0.18641322291311282,False,False,False,False
76d64c4aca3a7baf218bf93ef7fa768d,PR,64,16911.8,3543.4900000000002,4.234375,0.03125,0.140625,9,0.17323098328109746,False,False,True,False
96493fab2fbb13a14d0c0e8772eef5c3,SP,63,18969.0,1212.23,4.064516129032258,0.06349206349206349,0.14285714285714285,9,0.06006720105761641,False,False,True,False
a17f621c590ea0fab3d5d883e1630ec6,SP,63,2677.92,1094.35,4.163934426229508,0.06349206349206349,0.14285714285714285,9,0.29010383668189177,False,False,True,False
e62b2d6ac10570a035a30bafcf01d263,SP,62,5340.39,1035.08,3.9661016949152543,0.11290322580645161,0.14516129032258066,9,0.1623535206031869,False,True,True,False
06579cb253ecd5a3a12a9e6eb6bf8f47,SP,61,4587.400000000001,1420.57,4.131147540983607,0.06557377049180328,0.14754098360655737,9,0.2364475854573175,False,False,True,False
0c7533c71df861ec58ad7ff999ed0e8d,SP,61,2989.2999999999997,874.21,4.147540983606557,0.04918032786885246,0.14754098360655737,9,0.22627351812212212,False,False,True,False
582d4f8675b945722eda7c0cb61ba4c7,SP,59,4702.96,980.97,4.1525423728813555,0.01694915254237288,0.15254237288135594,9,0.172586573022539,False,False,True,False
4992e76a42cb3aad7a7047e0d3d7e729,SP,56,2171.2,992.36,3.9642857142857144,0.05357142857142857,0.16071428571428573,9,0.31368458319108855,False,False,True,False
dc317f341ab0e22f39acbd9dbf9b4a1f,RS,55,18988.4,3581.73,4.1454545454545455,0.05454545454545454,0.16363636363636364,9,0.15869337039706904,False,False,True,False
09f952a5f58d2285b0372551ae8f9b01,SP,50,11821.5,1524.96,3.84,0.06,0.18,9,0.11425951151091751,False,False,True,False
50c9975695009e5e6473912e83a6d1da,MG,50,3964.4,2919.55,3.938775510204082,0.14,0.18,9,0.42410970445746987,False,True,True,False
0ef83d7d83ed97cd2a0049ac8be5f88a,PR,48,4421.01,1026.8,4.148936170212766,0.020833333333333332,0.1875,9,0.1884794073214741,False,False,True,False
db2956745b3a8e9f3785c99f34b5d25e,SP,45,8261.0,947.26,3.8444444444444446,0.08888888888888889,0.2,9,0.10287068349503597,False,True,True,False
99a54764c341d5dc80b4a8fac4eba3fb,SP,44,3578.7599999999998,1298.82,3.6744186046511627,0.11363636363636363,0.20454545454545456,9,0.26628368986259576,False,True,True,False
cee48807215b30a12ca2ca10ffb5f250,SP,39,7212.2300000000005,913.29,3.769230769230769,0.1282051282051282,0.23076923076923078,9,0.11239772962222724,False,True,True,False
66dc1b1632bd6a3e508510c5b3492107,SP,36,3542.19,689.71,3.638888888888889,0.027777777777777776,0.25,9,0.16297880384697183,False,False,True,False
850913d59ce317156b00f3705f1c3edb,SP,29,2183.0,518.9,3.586206896551724,0.1724137931034483,0.3103448275862069,9,0.19205003886154187,False,True,True,False
66922902710d126a0e7d26b0e3805106,MG,150,14267.3,3197.63,4.496644295302014,0.07333333333333333,0.05333333333333334,8,0.1830886238879858,True,True,False,False
8c16d1f32a54d92897cc437244442e1b,SC,108,5642.6,2112.07,4.355140186915888,0.009259259259259259,0.07407407407407407,8,0.27236104179803916,True,False,False,False
612170e34b97004b3ba37eae81836b4c,RS,107,23065.02,2307.06,4.429906542056075,0.009345794392523364,0.07476635514018691,8,0.09092908425324214,True,False,False,False
25e6ffe976bd75618accfe16cefcbd0d,SP,106,11552.62,1687.18,4.443396226415095,0.02830188679245283,0.07547169811320754,8,0.12743243855647365,True,False,False,False
febab0275244b9a49a623f0bd613ca2f,SP,106,7094.82,2906.49,4.443396226415095,0.03773584905660377,0.07547169811320754,8,0.29061092996817417,True,False,False,False
80e6699fe29150b372a0c8a1ebf7dcc8,PR,96,11119.66,2667.15,4.336842105263158,0.03125,0.08333333333333333,8,0.1934566444304375,False,False,False,False
530ec6109d11eaaf87999465c6afee01,PR,94,12682.11,2597.05,4.340425531914893,0.010638297872340425,0.0851063829787234,8,0.1699733493202506,False,False,False,False
ff063b022a9a0aab91bad2c9088760b7,SP,94,12076.5,1984.77,4.311827956989247,0.031914893617021274,0.0851063829787234,8,0.14115154605522828,False,False,False,False
0df3984f9dfb3d49ac6366acbd3bbb85,MG,86,9891.49,1483.05,4.383720930232558,0.011627906976744186,0.09302325581395349,8,0.13038329462114512,False,False,False,False
b561927807645834b59ef0d16ba55a24,SP,85,4501.99,1305.04,4.341176470588235,0.1411764705882353,0.09411764705882353,8,0.22473450283535645,False,True,False,False
aba1721a889e04decc910aa13b768ef4,SP,83,14103.3,1249.17,4.445783132530121,0.07228915662650602,0.0963855421686747,8,0.08136606031472461,False,True,False,False
ebd2d60905fb58271facef5596b620d3,SP,82,7713.02,1637.38,4.2317073170731705,0.036585365853658534,0.0975609756097561,8,0.17511336413415468,False,False,False,False
6b243f80ed07b10f0e8aa0f21a205f3c,PR,79,6260.1,1547.3,4.265822784810126,0.0379746835443038,0.10126582278481013,8,0.19818377436790735,False,False,False,False
94144541854e298c2d976cb893b81343,RS,68,17286.28,1429.37,4.253731343283582,0.04411764705882353,0.11764705882352941,8,0.07637298196963505,False,False,False,False
966cb4760537b1404caedd472cc610a5,SP,67,45928.26,1504.31,4.134328358208955,0.029850746268656716,0.11940298507462686,8,0.03171470573911555,False,False,False,False
f0b47fbbc6dee9aafe415a6e33051b3f,SP,67,3766.92,1320.98,4.253731343283582,0.1044776119402985,0.11940298507462686,8,0.2596316751508481,False,True,False,False
066a6914e1ebf3ea95a216c73a986b91,PR,66,8956.380000000001,1655.18,4.090909090909091,0.030303030303030304,0.12121212121212122,8,0.15597895125693112,False,False,False,False
056b4ada5bbc2c50cc7842547dda6b51,RJ,64,12203.400000000001,1282.39,4.2063492063492065,0.109375,0.125,8,0.09509194492869902,False,True,False,False
ce248b21cb2adc36282ede306b7660e5,SC,64,13560.19,1895.01,4.234375,0.078125,0.125,8,0.12261310109218904,False,True,False,False
8e8a7ce9f2f970dc00e2acf6f6e199f6,RJ,63,8821.0,1147.78,3.984126984126984,0.06349206349206349,0.12698412698412698,8,0.11513745914745835,False,False,False,False
951e8cef368f09bb3f3d03c00ca4702c,SP,62,3993.31,1360.23,4.133333333333334,0.06451612903225806,0.12903225806451613,8,0.2540804775905289,False,False,True,False
fcb5ace8bcc92f75707dc0f01a27d269,SP,59,8009.35,905.49,3.9827586206896552,0.03389830508474576,0.13559322033898305,8,0.1015710882079768,False,False,True,False
05f51e13da97139648b8125c31e5f51b,MG,57,13100.31,1888.65,4.228070175438597,0.15789473684210525,0.14035087719298245,8,0.1260027380151792,False,True,True,False
3df020b72d3d44b3af9d110fa3940b65,SP,55,5039.9,1709.57,4.054545454545455,0.09090909090909091,0.14545454545454545,8,0.2532895175473037,False,True,True,False
a888faf2d1baececa6baf9c3d603ee1f,PR,53,17564.8,1107.95,4.09433962264151,0.09433962264150944,0.1509433962264151,8,0.05933512739151973,False,True,True,False
7202e2ba20579a9bd1acb29e61fe71f6,SP,51,12085.699999999999,1131.51,3.98,0.0392156862745098,0.1568627450980392,8,0.0856088387791372,False,False,True,False
23d7c96d4a1160db1c726b248601b25a,SP,50,10658.24,1288.93,3.9166666666666665,0.1,0.16,8,0.10788580057034428,False,True,True,False
a6fe7de3d16f6149ffe280349a8535a0,SP,50,2844.9,729.54,4.040816326530612,0.12,0.16,8,0.20409910363581427,False,True,True,False
b17b679f4f5ce2e03ce6968c62648246,SP,50,3424.18,980.18,3.98,0.16,0.16,8,0.22254765732138154,False,True,True,False
138dbe45fc62f1e244378131a6801526,SP,49,1125.56,689.24,4.081632653061225,0.02040816326530612,0.16326530612244897,8,0.3797884064359709,False,False,True,False
abe42c5d03695b4257b5c6cbf4e6784e,RJ,49,17000.0,947.55,3.9583333333333335,0.16326530612244897,0.16326530612244897,8,0.05279550690762806,False,True,True,False
8b9d6eec4a7eb7d0f9d579ce0b38324d,RJ,48,4159.55,1667.3,4.0625,0.14583333333333334,0.16666666666666666,8,0.28614088229489343,False,True,True,False
ff1fb4c404b2efe68b03350a8dc24122,SP,46,6771.0,895.95,4.0,0.13043478260869565,0.17391304347826086,8,0.1168587247862579,False,True,True,False
903037660cf848a717166eb7a06d616e,SP,44,7935.18,1083.99,3.9545454545454546,0.11363636363636363,0.18181818181818182,8,0.12018733431125037,False,True,True,False
2d50d6282f8aa2257819a77bfaa0efe0,SP,42,3008.48,754.17,3.8095238095238093,0.09523809523809523,0.19047619047619047,8,0.2004358630220722,False,True,True,False
1ce3ae5a399804d1a87e706f8a813c3e,SC,40,2563.0,853.69,3.75,0.075,0.2,8,0.24985878145222423,False,True,True,False
b56906f7fd1696e043f1bcce164c487b,SP,40,2148.49,846.93,4.0,0.05,0.2,8,0.2827416522557772,False,False,True,False
0bf0150d5b9d60d9cd2906003332f085,SP,39,5774.6,1097.74,3.789473684210526,0.15384615384615385,0.20512820512820512,8,0.15973307490607275,False,True,True,False
e2aee0892199b1d92530e371abd825bf,PR,36,5392.77,2516.11,3.888888888888889,0.1388888888888889,0.2222222222222222,8,0.31813733423695895,False,True,True,False
ea67327e24487bdfac5fbfa37ea124df,SP,32,6250.18,930.1,3.53125,0.03125,0.25,8,0.12953533845476778,False,False,True,False
d71d863e5ef30d94e440c11be17dcd8f,SP,23,9246.9,673.19,3.3333333333333335,0.13043478260869565,0.34782608695652173,8,0.06786127948435952,False,True,True,False
af4a0e4cfe1d9c26b6712b1be25a72e5,MG,21,8757.98,593.62,3.4285714285714284,0.047619047619047616,0.38095238095238093,8,0.06347790752384619,False,False,True,False
01fdefa7697d26ad920e9e0346d4bd1b,PR,128,14802.53,2730.2599999999998,4.377952755905512,0.0546875,0.0546875,7,0.15572307658963574,True,False,False,False
6c7d50c24b3ccd2fd83b44d8bb34e073,SP,112,8445.960000000001,2677.83,4.45045045045045,0.017857142857142856,0.0625,7,0.240730002993584,True,False,False,False
70eea00b476a314817cefde4aad4f89a,SP,106,31424.75,2724.91,4.40952380952381,0.0660377358490566,0.0660377358490566,7,0.07979318095699926,True,False,False,False
42b729f859728f5079499127a9c2ef37,SP,103,4096.96,1299.96,4.480392156862745,0.07766990291262135,0.06796116504854369,7,0.24087071885445774,True,True,False,False
4371b634e0efc0e22b09b52907d9d469,SP,101,8168.0,1477.01,4.48,0.06930693069306931,0.06930693069306931,7,0.15313721810552813,True,True,False,False
d6b1ce66b035a475f00c017792ff9769,SP,92,12277.4,2038.48,4.277777777777778,0.05434782608695652,0.07608695652173914,7,0.14239292310357451,False,False,False,False
dee656f0f566ed1aa85bd137c943f08f,SP,92,6212.08,1670.99,4.369565217391305,0.043478260869565216,0.07608695652173914,7,0.21197198553355484,False,False,False,False
9616352088dcf83a7c06637f4ebf1c80,PR,91,5643.099999999999,1766.7,4.351648351648351,0.0,0.07692307692307693,7,0.23842748792140142,False,False,False,False
527801b552d0077ffd170872eb49683b,SP,90,17942.8,2062.56,4.47191011235955,0.1,0.07777777777777778,7,0.1031003691010809,False,True,False,False
900ba814c251a692506d7834c1218441,SP,86,28833.03,2334.43,4.226190476190476,0.13953488372093023,0.08139534883720931,7,0.07489959079116489,False,True,False,False
ba143b05f0110f0dc71ad71b4466ce92,SP,83,5998.7,1310.67,4.457831325301205,0.12048192771084337,0.08433734939759036,7,0.17931367546040222,False,True,False,False
8bb48dc19fccaa8613b6229bf7f452a2,SP,82,4190.72,1857.4,4.414634146341464,0.024390243902439025,0.08536585365853659,7,0.30710369503250595,False,False,False,False
e59aa562b9f8076dd550fcddf0e73491,PR,69,30716.3,2160.07,4.260869565217392,0.08695652173913043,0.10144927536231885,7,0.06570281329721013,False,True,False,False
8cbac7e12637ed9cffa18c7875207478,SC,66,2955.98,1640.73,4.166666666666667,0.06060606060606061,0.10606060606060606,7,0.3569357214181447,False,False,False,False
9d5a9018aee56acb367ba9c3f05d1d6a,GO,66,10119.98,1671.41,4.454545454545454,0.015151515151515152,0.10606060606060606,7,0.1417483434947025,False,False,False,False
05d2173d43ea568aa0540eba70d2ca76,MG,62,5759.66,1679.27,4.183333333333334,0.04838709677419355,0.11290322580645161,7,0.22574079874390537,False,False,False,False
1838dd9b8977065acf51d95e0053ea7a,MG,62,2750.5,1212.79,4.370967741935484,0.03225806451612903,0.11290322580645161,7,0.3060058688614762,False,False,False,False
01cf7e3d21494c41fb86034f2e714fa1,PR,59,9439.56,1964.45,4.120689655172414,0.05084745762711865,0.11864406779661017,7,0.1722595823749716,False,False,False,False
7681ef142fd2c19048da7430856b5588,SP,58,31211.81,2862.86,4.228070175438597,0.08620689655172414,0.1206896551724138,7,0.08401724800269526,False,True,False,False
fa1a9dec3a9940c072684a46728bf1fc,SC,55,6674.0,1201.71,4.111111111111111,0.0,0.12727272727272726,7,0.15258433842790048,False,False,True,False
6c177e38df6d3f34182b1f1d427231bf,PR,53,8112.89,1002.16,4.150943396226415,0.018867924528301886,0.1320754716981132,7,0.10994563935469359,False,False,True,False
b1a81260566c1bac3114a6d124413f27,RS,51,8684.69,1565.51,4.2745098039215685,0.0,0.13725490196078433,7,0.15272970283506662,False,False,True,False
002100f778ceb8431b7a1020ff7ab48f,SP,50,1216.6,778.56,3.96,0.18,0.14,7,0.3902243429098418,False,True,True,False
048c2757535328e0d7dac690ad3c0aae,SP,50,9065.08,1247.33,4.244897959183674,0.12,0.14,7,0.12095426772209406,False,True,True,False
4c03b9dd4c11ee2cb35c96c49efc9420,SP,48,6458.6,843.73,4.1063829787234045,0.020833333333333332,0.14583333333333334,7,0.11554257339780591,False,False,True,False
56642bcb79900e777d68e91915cb4267,SP,48,3657.64,814.15,4.0625,0.08333333333333333,0.14583333333333334,7,0.18206355844080335,False,True,True,False
0691148aee60ca47977c187804f935ae,PR,47,5868.51,1490.94,4.170212765957447,0.02127659574468085,0.14893617021276595,7,0.20258850865214112,False,False,True,False
1da366cade6d8276e7d8beea7af5d4bf,MG,42,6348.589999999999,1688.01,3.975609756097561,0.07142857142857142,0.16666666666666666,7,0.2100403155563298,False,True,True,False
834f8533b2ecb6598dd004ff3de7203a,SP,41,4324.349999999999,926.31,3.951219512195122,0.14634146341463414,0.17073170731707318,7,0.17641782175955023,False,True,True,False
3c03b12bab54d8b37d79d914bfdb1aa0,RJ,37,4236.34,683.43,3.8333333333333335,0.16216216216216217,0.1891891891891892,7,0.13891503058069785,False,True,True,False
3ab971ce71839580d2ae5b4e40fe8044,SP,35,4917.0,880.25,3.911764705882353,0.05714285714285714,0.2,7,0.1518392341196257,False,False,True,False
71039d19d4303bf9054d69e9a9236699,SP,35,3537.2,621.45,3.8,0.2,0.2,7,0.14943551392879903,False,True,True,False
dd55f1bb788714a40e7954c3be6df745,SP,35,7041.759999999999,659.42,3.742857142857143,0.17142857142857143,0.2,7,0.08562583915711619,False,True,True,False
5b179e9e8cc7ab6fd113a46ca584da81,SP,34,5173.5,665.64,3.6666666666666665,0.058823529411764705,0.20588235294117646,7,0.11399623917220686,False,False,True,False
e96498ed8daaa3e9c23f7a62da76591c,SP,34,9619.09,713.1,3.9411764705882355,0.14705882352941177,0.20588235294117646,7,0.06901731385117772,False,True,True,False
e0878efa0e0b7e5313ac0b43bc04c081,PR,26,5025.4,517.13,3.6153846153846154,0.15384615384615385,0.2692307692307692,7,0.09330215623550978,False,True,True,False
821fb029fc6e495ca4f08a35d51e53a5,SP,24,17851.62,1365.55,3.4782608695652173,0.3333333333333333,0.2916666666666667,7,0.07105884997634927,False,True,True,False
f76a3b1349b6df1ee875d1f3fa4340f0,SP,24,4160.79,588.19,3.4583333333333335,0.2916666666666667,0.2916666666666667,7,0.12385607014558918,False,True,True,False
4e5725ba188db8252977a4f0227bd462,SP,21,1865.09,364.27,3.5238095238095237,0.23809523809523808,0.3333333333333333,7,0.16339666989629312,False,True,True,False
b19f3ca2ea475913750f25a5c37c8d8f,MG,19,4174.16,1002.49,3.263157894736842,0.3157894736842105,0.3684210526315789,7,0.19365612896371207,False,True,True,False
bb135baca94c82fcb731335ad5b04a03,SP,18,1049.8,472.88,3.0555555555555554,0.0,0.3888888888888889,7,0.31055770089578905,False,False,True,False
40db9e9aa57f7bb151bcda6b0f9bdbb7,PE,12,23168.0,655.99,2.3636363636363638,0.08333333333333333,0.5833333333333334,7,0.027534850375608787,False,True,True,False
289cdb325fb7e7f891c38608bf9e0962,SP,109,13410.55,2075.52,4.587155963302752,0.01834862385321101,0.05504587155963303,6,0.13402496566268912,True,False,False,False
0432ead42b6c8a0bdf68154add917fdf,SP,82,7574.400000000001,1180.0,4.536585365853658,0.024390243902439025,0.07317073170731707,6,0.13478936306314537,False,False,False,False
670c26e0f1bf8d0576271d5cfaec6d2b,PR,77,6250.1,1680.37,4.311688311688312,0.05194805194805195,0.07792207792207792,6,0.21188782001571152,False,False,False,False
1f9ab4708f3056ede07124aad39a2554,SP,76,13312.93,2379.7200000000003,4.093333333333334,0.05263157894736842,0.07894736842105263,6,0.15164551557576317,False,False,False,False
8f119a0aee85c0c8fc534629734e94fd,SP,75,3578.88,1067.01,4.28,0.04,0.08,6,0.22966751257563134,False,False,False,False
d50d79cb34e38265a8649c383dcffd48,SP,70,13012.42,1932.26,4.246376811594203,0.04285714285714286,0.08571428571428572,6,0.1292941702331532,False,False,False,False
e333046ce6517bd8bb510291d44f0130,SP,68,7268.0,1431.32,4.338235294117647,0.04411764705882353,0.08823529411764706,6,0.16453240023358148,False,False,False,False
8ae520247981aa06bc94abddf5f46d34,SC,65,16320.99,1445.35,4.446153846153846,0.0,0.09230769230769231,6,0.08135327816533962,False,False,False,False
520b493b57809f446cb0a233bb3e25c7,SP,63,3698.9,1063.97,4.301587301587301,0.015873015873015872,0.09523809523809523,6,0.22338841916743477,False,False,False,False
b372ee768ed69e46ca8cdbd267aa7a38,SP,63,12630.0,1183.84,4.428571428571429,0.0,0.09523809523809523,6,0.08569955928257457,False,False,False,False
058fd0aa2bfdb2274e05e1ae971dabb6,SP,60,7549.9,878.88,4.366666666666666,0.06666666666666667,0.1,6,0.10427131803179109,False,False,False,False
3078096983cf766a32a06257648502d1,SP,56,7910.84,1370.25,4.303571428571429,0.03571428571428571,0.10714285714285714,6,0.147638908791963,False,False,False,False
45d33f715e24d15a6ccf5c17b3a23e3c,SP,56,4518.49,864.98,4.142857142857143,0.05357142857142857,0.10714285714285714,6,0.16067332036771825,False,False,False,False
7a241947449cc45dbfda4f9d0798d9d0,MG,56,7434.66,1874.98,4.1454545454545455,0.07142857142857142,0.10714285714285714,6,0.20140198761713665,False,True,False,False
e067ad2c1c0b48758eb1b5228bcf7a68,SP,54,5042.55,1005.36,4.148148148148148,0.07407407407407407,0.1111111111111111,6,0.1662326324300461,False,True,False,False
2a7dc43cecabf23403078e2188437d1d,SP,52,4795.91,833.71,4.096153846153846,0.057692307692307696,0.11538461538461539,6,0.14809347700200015,False,False,False,False
624f4ece8da4aafb77699233d480f8ef,SP,52,9046.0,1705.55,4.25,0.07692307692307693,0.11538461538461539,6,0.15863294129683628,False,True,False,False
0d85bbda9889ce1f7e63778d24f346eb,MG,51,4845.2,1624.5,4.2,0.11764705882352941,0.11764705882352941,6,0.25109355920676385,False,True,False,False
e24fc9fcd865784fb25705606fe3dfe7,SP,51,12768.0,1012.71,4.1568627450980395,0.0784313725490196,0.11764705882352941,6,0.07348750536075428,False,True,False,False
cb3dd9ce66268c7a3ca7241ac70ab58c,SP,48,2788.32,820.35,4.1875,0.041666666666666664,0.125,6,0.22732751955706673,False,False,False,False
3bb548e3cb7f70f28e3f11ee9dce0e59,PR,46,7690.02,896.79,4.195652173913044,0.0,0.13043478260869565,6,0.1044380858549333,False,False,True,False
fdb9095204a334cd8872252ffec6f2db,SP,46,8156.0,1133.37,4.173913043478261,0.06521739130434782,0.13043478260869565,6,0.12200719747410212,False,False,True,False
f789d2c4f2c2eb38fc4373e7a4b35264,MG,44,4864.24,869.0,4.159090909090909,0.045454545454545456,0.13636363636363635,6,0.15157223489684715,False,False,True,False
b39d7fe263ef469605dbb32608aee0af,SP,43,5063.2,1037.03,3.9285714285714284,0.046511627906976744,0.13953488372093023,6,0.16999850825296753,False,False,True,False
e0a366315b1b726b6c7832d664c0f530,SP,43,7400.09,745.08,4.3023255813953485,0.023255813953488372,0.13953488372093023,6,0.09147507050190481,False,False,True,False
58f1a6197ed863543e0136bdedb3fce2,MG,42,6555.0,1032.55,4.142857142857143,0.023809523809523808,0.14285714285714285,6,0.13608477044632325,False,False,True,False
ad420dd0c4f92f8af951ac24b86d0cf5,MG,42,4705.29,913.11,4.125,0.07142857142857142,0.14285714285714285,6,0.1625213583938488,False,True,True,False
c847e075301870dd144a116762eaff9a,MG,41,15248.800000000001,1092.68,4.2,0.07317073170731707,0.14634146341463414,6,0.06686542467389735,False,True,True,False
83deb69e889cf80f82be1dc6d5f2d486,SC,40,5363.01,913.64,4.325,0.05,0.15,6,0.14556172480542964,False,False,True,False
dd533b429f380718b70ad9922c294bae,SP,39,2244.88,1091.3,3.923076923076923,0.10256410256410256,0.15384615384615385,6,0.32711064750702895,False,True,True,False
0176f73cc1195f367f7b32db1e5b3aa8,SP,37,4643.2,1272.07,4.108108108108108,0.10810810810810811,0.16216216216216217,6,0.21504851004265232,False,True,True,False
63b464dbf392c7b80d12d932fa7cafed,SP,36,6622.0,860.84,3.861111111111111,0.05555555555555555,0.16666666666666666,6,0.11504188249381252,False,False,True,False
99002261c568a84cce14d43fcffb43ea,MT,36,4088.0,1100.33,3.7222222222222223,0.05555555555555555,0.16666666666666666,6,0.21207787476895262,False,False,True,False
3fd1e727ba94cfe122d165e176ce7967,SP,35,2747.4,548.49,3.942857142857143,0.2,0.17142857142857143,6,0.16641635491475745,False,True,True,False
6b3bd31ad8fcda4b2635ec9f3ff2ecdf,RJ,35,4063.9,737.97,4.085714285714285,0.08571428571428572,0.17142857142857143,6,0.153683877322793,False,True,True,False
bf84056e679dbe9c69929847a40e338f,SP,35,1918.08,438.5,3.7714285714285714,0.05714285714285714,0.17142857142857143,6,0.18607473542167038,False,False,True,False
b839e41795b7f3ad94cc2014a52f6796,SP,33,42829.0,920.93,4.090909090909091,0.030303030303030304,0.18181818181818182,6,0.02104986225120817,False,False,True,False
d93919c944be9cff128f6c9cb899eacb,SP,33,2666.7000000000003,957.31,4.0,0.15151515151515152,0.18181818181818182,6,0.26415765960910703,False,True,True,False
3c4e0452bff7a2a788179488d3d77032,PR,32,3746.4,606.12,3.838709677419355,0.03125,0.1875,6,0.13925725786440957,False,False,True,False
276677b5d08786d5dce7c2149dcce48b,MG,31,3424.2,765.25,4.032258064516129,0.06451612903225806,0.1935483870967742,6,0.18266120851185716,False,False,True,False
4e06067cc08b3f41d837768d392c3ee3,MG,31,941.72,572.53,4.129032258064516,0.03225806451612903,0.1935483870967742,6,0.37809476638599965,False,False,True,False
ed4acab38528488b65a9a9c603ff024a,SP,31,12648.460000000001,601.18,3.806451612903226,0.0,0.1935483870967742,6,0.045373308255922416,False,False,True,False
40d54b51e962dbe09cabbcfd33298dee,SP,30,6785.5599999999995,537.69,4.0,0.0,0.2,6,0.07342231932543612,False,False,True,False
4ebdc7e6cd6102a022dadc49156d4ea8,SP,29,928.6999999999999,369.2,3.793103448275862,0.034482758620689655,0.20689655172413793,6,0.284459511518607,False,False,True,False
d379f449f2a3b271bc01c0782020f705,MG,28,4423.06,1076.74,3.892857142857143,0.03571428571428571,0.21428571428571427,6,0.19577802829193788,False,False,True,False
d97df38225e5abadaff1e72cb72b823c,SP,28,1776.0,501.55,3.925925925925926,0.14285714285714285,0.21428571428571427,6,0.22021470439726898,False,True,True,False
e7d5b006eb624f13074497221eb37807,SP,28,3478.93,741.49,3.9285714285714284,0.07142857142857142,0.21428571428571427,6,0.1756910449670886,False,True,True,False
3771c85bac139d2344864ede5d9341e3,SP,26,1433.3,408.96,3.8461538461538463,0.11538461538461539,0.23076923076923078,6,0.22198821013320594,False,True,True,False
198c7ea11960a9844b544d9bcdca860c,MG,25,1733.75,491.63,3.88,0.08,0.24,6,0.22091957328636008,False,True,True,False
bc47d5d1490df2b36add65d733eafaba,SP,21,929.8,372.06,3.5238095238095237,0.09523809523809523,0.2857142857142857,6,0.2857910988892815,False,True,True,False
054694fa03fe82cec4b7551487331d74,SP,20,8286.1,660.24,3.4,0.3,0.3,6,0.0738000120719758,False,True,True,False
1dfe5347016252a7884b694d4f10f5c4,SP,20,1632.5,420.04,3.4,0.25,0.3,6,0.20464400206573322,False,True,True,False
ff69aa92bb6b1bf9b8b7a51c2ed9cf8b,SP,20,21940.8,1754.4,3.65,0.2,0.3,6,0.07404031196191634,False,True,True,False
4c8b8048e33af2bf94f2eb547746a916,SP,19,1882.45,385.43,3.3684210526315788,0.10526315789473684,0.3157894736842105,6,0.16995167292802088,False,True,True,False
49067458c68f7701fd334ce326accbe0,MG,17,1047.6499999999999,573.85,3.3529411764705883,0.0,0.35294117647058826,6,0.35390070921985817,False,False,True,False
099095b050cfe8eb1ddff5317587e96e,SP,16,5003.84,702.09,3.375,0.1875,0.375,6,0.1230456735361282,False,True,True,False
86bb7c4b535e49a541baf3266b1c95b1,SP,16,8162.4,324.82,3.2,0.1875,0.375,6,0.03827166021382738,False,True,True,False
55bb6fe5bebe5012e2d7d9928e1128ff,SP,15,1816.55,576.47,3.466666666666667,0.13333333333333333,0.4,6,0.2408964404810658,False,True,True,False
02d35243ea2e497335cd0f076b45675d,RN,14,5794.0,605.95,2.642857142857143,0.2857142857142857,0.42857142857142855,6,0.09468042719083744,False,True,True,False
973f21788dfab357250f69a8dcb7ddee,MG,9,819.0,490.03,2.111111111111111,0.5555555555555556,0.6666666666666666,6,0.37434588970459043,False,True,True,False
6cd68b3ed6d59aaa9fece558ad360c0a,MG,149,11188.57,2529.89,4.456375838926174,0.013422818791946308,0.03355704697986577,5,0.18441501451329084,True,False,False,False
12b9676b00f60f3b700e83af21824c0e,RS,133,26376.0,3525.67,4.553030303030303,0.007518796992481203,0.03759398496240601,5,0.11790879907376411,True,False,False,False
080102cd0a76b09e0dcf55fcacc60e05,MG,122,5612.65,2160.83,4.516393442622951,0.040983606557377046,0.040983606557377046,5,0.2779746008222829,True,False,False,False
eeb6de78f79159600292e314a77cbd18,SC,82,43510.84,2996.05,4.439024390243903,0.036585365853658534,0.06097560975609756,5,0.0644216373100846,False,False,False,False
d12c926d74ceff0a90a21184466ce161,SP,76,3850.2799999999997,1225.4,4.381578947368421,0.013157894736842105,0.06578947368421052,5,0.24142577940295684,False,False,False,False
08633c14ef2db992c11f840f04fad4cd,SP,74,7644.3,1424.52,4.364864864864865,0.05405405405405406,0.06756756756756757,5,0.1570788702389065,False,False,False,False
81a1104df0f08b59c68aa5b03cfe398e,PR,72,9320.98,1794.45,4.314285714285714,0.041666666666666664,0.06944444444444445,5,0.1614377491469066,False,False,False,False
b6d44737c043328708f6749c2dbe50bd,SP,61,5284.6,1549.41,4.524590163934426,0.06557377049180328,0.08196721311475409,5,0.22672047597237932,False,False,False,False
d57e18d5f73c7ccb7f7339b61166898d,SP,61,3187.7,923.49,4.426229508196721,0.0,0.08196721311475409,5,0.22462839226598627,False,False,False,False
c6bda72e4dbf5c5866b13cb1810c6d03,SP,59,14059.380000000001,1136.74,4.389830508474576,0.03389830508474576,0.0847457627118644,5,0.07480462117961689,False,False,False,False
1eade46fba20122dc4aefb379f8c636b,SP,58,3635.37,1038.34,4.431034482758621,0.1206896551724138,0.08620689655172414,5,0.22216611642570888,False,True,False,False
6d803cb79cc31c41c4c789a75933b3c7,SP,58,8711.4,1213.67,4.241379310344827,0.06896551724137931,0.08620689655172414,5,0.12228326853110356,False,True,False,False
17f51e7198701186712e53a39c564617,SP,56,48019.0,9793.43,4.339285714285714,0.08928571428571429,0.08928571428571429,5,0.1694000753817129,False,True,False,False
3bdff180c7e1f6551a643b99c265a120,SP,56,3008.2000000000003,1003.88,4.254545454545455,0.017857142857142856,0.08928571428571429,5,0.25021435265498193,False,False,False,False
1b8356dabde1d35e17cef975c3f82730,SP,55,3366.4,970.23,4.218181818181818,0.01818181818181818,0.09090909090909091,5,0.2237290246112765,False,False,False,False
7d456afc660226829370f3173d14520c,SP,55,8118.25,1461.28,4.345454545454546,0.03636363636363636,0.09090909090909091,5,0.1525419305540042,False,False,False,False
cc63f0dd2acba93ffed4fe9f8e0321fa,SP,55,7096.71,1399.97,4.090909090909091,0.0,0.09090909090909091,5,0.16476670887923284,False,False,False,False
062ce95fa2ad4dfaedfc79260130565f,RS,54,7479.1,1184.33,4.092592592592593,0.037037037037037035,0.09259259259259259,5,0.13670451541710382,False,False,False,False
750303a20e9c56b2a6bc45cdce0b897d,GO,53,7876.0,1288.82,4.30188679245283,0.03773584905660377,0.09433962264150944,5,0.14062687537780338,False,False,False,False
f214d28e8d8e3ef068748498ccc2f813,SP,52,2152.43,785.41,4.2745098039215685,0.07692307692307693,0.09615384615384616,5,0.26734267352885116,False,True,False,False
25cf099de44674fde97473224f9d59ab,SP,50,1654.36,705.19,4.326530612244898,0.04,0.1,5,0.29886630925388313,False,False,False,False
382229d1e840115ffe3dbf5ff460e417,RJ,45,4037.06,853.27,4.266666666666667,0.06666666666666667,0.1111111111111111,5,0.17448106773980487,False,False,False,False
432c37c9dfba871172ec162e20118b8c,DF,44,2679.87,934.93,4.25,0.09090909090909091,0.11363636363636363,5,0.2586394821290251,False,True,False,False
b32be1695eb7ec5f10f72d9610a12527,RS,44,26575.0,2937.68,4.1395348837209305,0.045454545454545456,0.11363636363636363,5,0.0995395877297487,False,False,False,False
3d8fa2f5b647373c8620330c4e077a9f,SP,42,3501.74,793.98,4.2439024390243905,0.023809523809523808,0.11904761904761904,5,0.1848304824336782,False,False,False,False
7dc8c42cc750eeafea6c85712ffee9bf,SP,41,6409.68,1035.41,4.195121951219512,0.04878048780487805,0.12195121951219512,5,0.13907286547241202,False,False,False,False
4559697a8f7e637227c2eeaed843baff,SP,39,3486.3,703.22,4.205128205128205,0.07692307692307693,0.1282051282051282,5,0.16785216444843323,False,True,True,False
b94cc9f10ddc85e4ba73a6f7974e7101,RJ,39,25346.1,1022.39,4.297297297297297,0.05128205128205128,0.1282051282051282,5,0.03877317207014888,False,False,True,False
daeb5653dd96c1b11860f72209795012,MG,38,1864.1,588.89,4.2105263157894735,0.07894736842105263,0.13157894736842105,5,0.24007028157473126,False,True,True,False
0cbcee27c791afa0cdcb08587a2013a8,MG,37,5054.15,783.53,4.0,0.10810810810810811,0.13513513513513514,5,0.1342194159323567,False,True,True,False
5b8154610ebb21fb90eb587365e673df,SP,37,9048.050000000001,1048.67,4.162162162162162,0.10810810810810811,0.13513513513513514,5,0.10386244245656015,False,True,True,False
96804ea39d96eb908e7c3afdb671bb9e,MG,37,3530.75,737.25,4.135135135135135,0.02702702702702703,0.13513513513513514,5,0.1727389878163074,False,False,True,False
45ba18c210d42734ec52c0c1c574e9ee,SP,35,5099.44,924.3299999999999,4.114285714285714,0.05714285714285714,0.14285714285714285,5,0.1534470937635401,False,False,True,False
6fc26fe110feebd80a433e1f012a84f9,SP,35,4150.87,977.19,3.911764705882353,0.11428571428571428,0.14285714285714285,5,0.19055744277563058,False,True,True,False
bba74270a87732727b5a3b4fd9ac1c39,MG,35,5964.6,743.74,4.057142857142857,0.0,0.14285714285714285,5,0.11086796435481804,False,False,True,False
e8f6dc8e6a1dcde89d20e3995c8d90b3,SP,35,2148.7400000000002,2016.8000000000002,4.0,0.08571428571428572,0.14285714285714285,5,0.4841629176529333,False,True,True,False
d5ba419e26d246a0719437cf37d9b46d,SP,33,3911.5,504.3,4.0,0.09090909090909091,0.15151515151515152,5,0.1142035418270755,False,True,True,False
01fd077212124329bac32490e8ef80d9,SP,31,1208.0,575.36,4.161290322580645,0.03225806451612903,0.16129032258064516,5,0.32262695137268976,False,False,True,False
5d3bb11474a06bdc23fb9e89f1164ee0,SP,31,3654.6,524.22,3.903225806451613,0.03225806451612903,0.16129032258064516,5,0.12544689649231125,False,False,True,False
2a6fbeaa7ab9e5d59a35841a8da71ce4,SC,30,1632.79,632.49,3.9310344827586206,0.06666666666666667,0.16666666666666666,5,0.2792105170221783,False,False,True,False
8931a84a914b3fe9b1ddaa4d704947ca,SP,29,4668.3,424.59,4.071428571428571,0.06896551724137931,0.1724137931034483,5,0.08336916760424827,False,True,True,False
e06f09ec0a4aca210779cf1cfc63cf19,SP,29,5279.49,621.92,3.9655172413793105,0.06896551724137931,0.1724137931034483,5,0.1053849842664719,False,True,True,False
14a08204d03bb6b6bde8029f801ae0eb,SP,28,2185.4,593.7,3.892857142857143,0.0,0.17857142857142858,5,0.21363031197150156,False,False,True,False
28f10b1c5e5abb9d4857745bede6147c,SP,28,835.0,350.42,4.0,0.14285714285714285,0.17857142857142858,5,0.29560830760405593,False,True,True,False
17306570e772e7718c92a562d33f5f1d,SP,27,8640.0,775.91,3.7777777777777777,0.07407407407407407,0.18518518518518517,5,0.08240414362499217,False,True,True,False
4aba391bc3b88717ce08eb11e44937b2,BA,27,7286.88,760.56,4.0,0.14814814814814814,0.18518518518518517,5,0.09450955831916732,False,True,True,False
2709af9587499e95e803a6498a5a56e9,SP,25,1180.56,549.73,3.9583333333333335,0.12,0.2,5,0.317709748076912,False,True,True,False
272f092de69afedd4d2969440b37f18f,SP,25,1846.3300000000002,528.13,3.9583333333333335,0.0,0.2,5,0.22242109784961633,False,False,True,False
3481aa57cd91f9f9d3fa1fa12d9a3bf7,SP,25,1773.03,774.14,3.88,0.0,0.2,5,0.30392160711691796,False,False,True,False
a938325a4b357fd23a6a4d5bb126408e,RJ,24,3231.0,560.81,3.8333333333333335,0.041666666666666664,0.20833333333333334,5,0.14790034310790887,False,False,True,False
157c3e4b42f81ac4a44e8b1ca2fe9876,SP,23,2548.5,583.32,3.6956521739130435,0.08695652173913043,0.21739130434782608,5,0.1862559150909056,False,True,True,False
23a0ffca143a15b9b5bbdb7d552f626a,SP,23,3718.51,585.77,3.9130434782608696,0.13043478260869565,0.21739130434782608,5,0.13609012424842248,False,True,True,False
244c2f1bff6afe1f2eaf9bfe9b2aed38,SP,23,2580.0,1214.87,3.652173913043478,0.08695652173913043,0.21739130434782608,5,0.3201348135772767,False,True,True,False
5c853bb56f70f4d14218944bae111d7a,SP,23,263.13,251.06,4.0,0.0,0.21739130434782608,5,0.4882630934090511,False,False,True,False
681fce914360217db47784ae28905a96,PR,23,4127.33,444.47,4.0,0.13043478260869565,0.21739130434782608,5,0.09721991338203771,False,True,True,False
39d54ff918774174706fb065d7f9dc07,SP,22,1554.69,348.03,4.045454545454546,0.09090909090909091,0.22727272727272727,5,0.18291183148335013,False,True,True,False
eed78ac17f7f795a19a709745f00cd4e,SP,22,4349.5,846.34,3.772727272727273,0.0,0.22727272727272727,5,0.1628880027098602,False,False,True,False
845e8036c3f7bf62099352f5ed910240,RJ,21,1584.6000000000001,460.64,3.9523809523809526,0.0,0.23809523809523808,5,0.22522540141988223,False,False,True,False
af3ef48d0e13835e529c29ac573c63e5,SP,21,1405.63,467.5,3.761904761904762,0.047619047619047616,0.23809523809523808,5,0.24958225003069726,False,False,True,False
7f152321c60a266edc53af1925ef96c1,SC,20,3919.8,552.12,3.8,0.3,0.25,5,0.123463747115333,False,True,True,False
e21a1e8be4715b0fcfd5385643bc49c4,SC,20,673.6999999999999,454.51,3.7,0.0,0.25,5,0.40285939674351406,False,False,True,False
f08c008c8a8d31417763738a1788a2a8,PR,20,1211.92,392.08,3.4210526315789473,0.15,0.25,5,0.24443890274314214,False,True,True,False
f593898ec748b7a8cb81fc04edafd98a,SP,19,2588.04,684.3100000000001,3.6842105263157894,0.15789473684210525,0.2631578947368421,5,0.2091188289761181,False,True,True,False
07bf9669d84d1f11be443a9dd938f698,SP,18,1776.0,646.22,3.7222222222222223,0.0,0.2777777777777778,5,0.26678831815442033,False,False,True,False
4978a02ea9c8be7a9b5480680f40334e,SP,18,2356.61,340.23,3.5555555555555554,0.0,0.2777777777777778,5,0.12615876358997938,False,False,True,False
270297ead4c65a6cd2593960d2af6b21,SP,17,9344.4,537.36,3.823529411764706,0.0,0.29411764705882354,5,0.054378977024335744,False,False,True,False
63ffcb71394dd8ea3872ed9ffda17c74,RJ,17,399.0,264.72,3.176470588235294,0.058823529411764705,0.29411764705882354,5,0.3988428855541494,False,False,True,False
ec4608a1f76453166bb312b2968aeaf4,SP,17,968.8100000000001,894.5500000000001,3.2941176470588234,0.17647058823529413,0.29411764705882354,5,0.4800736304310493,False,True,True,False
0725b8c0f3f906e58f70cbe76b7c748c,SP,16,2161.52,703.95,3.5625,0.25,0.3125,5,0.24566650497126125,False,True,True,False
610f72e407cdd7caaa2f8167b0163fd8,SP,16,13585.16,844.29,3.625,0.125,0.3125,5,0.0585115856806739,False,True,True,False
a6bd7d1ccdac48c6b33b28596b7eb122,PB,15,13669.11,637.8,3.5,0.06666666666666667,0.3333333333333333,5,0.04457985686636737,False,False,True,False
ed8cb7b190ceb6067227478e48cf8dde,SP,15,573.5,242.71,3.4,0.06666666666666667,0.3333333333333333,5,0.2973621984538293,False,False,True,False
c26a2be5b53b7db6b276280da212a779,RJ,13,7482.0,806.85,3.3846153846153846,0.0,0.38461538461538464,5,0.09734160951157278,False,False,True,False
c37b2059d4f90d4feead554e5246565e,SP,12,839.3,221.98,3.3333333333333335,0.25,0.4166666666666667,5,0.20916252072968491,False,True,True,False
e64d65bc8dbec2accda90c58de5d1246,SP,12,1678.8000000000002,221.16,3.0833333333333335,0.25,0.4166666666666667,5,0.11640245057790688,False,True,True,False
ecccfa2bb93b34a3bf033cc5d1dcdc69,PR,12,1120.8500000000001,212.47,2.8333333333333335,0.16666666666666666,0.4166666666666667,5,0.15935409354093538,False,True,True,False
7fdb0720c8d7c9075538b365dc8c3a22,PR,9,1804.0,484.31,2.4444444444444446,0.1111111111111111,0.5555555555555556,5,0.2116452753341986,False,True,True,False
282f23a9769b2690c5dda22e316f9941,MG,98,6464.28,1866.77,4.36734693877551,0.04081632653061224,0.04081632653061224,4,0.22407379622016435,False,False,False,False
9d4db00d65d7760644ac0c14edb5fd86,SP,97,9845.710000000001,1509.59,4.541666666666667,0.041237113402061855,0.041237113402061855,4,0.13294144584467163,False,False,False,False
d921b68bf747894be13a97ae52b0f386,MG,77,15645.8,1758.01,4.558441558441558,0.012987012987012988,0.05194805194805195,4,0.10101293912080173,False,False,False,False
9de4643a8dbde634fe55621059d92273,SC,72,17560.34,1722.07,4.527777777777778,0.027777777777777776,0.05555555555555555,4,0.089307819924999,False,False,False,False
9646c3513289980f17226a2fc4720dbd,SP,69,2964.4,1187.83,4.449275362318841,0.028985507246376812,0.057971014492753624,4,0.2860703766409857,False,False,False,False
5f1dc28029d2c244352a68107ec2b542,SP,62,2807.3,996.16,4.426229508196721,0.016129032258064516,0.06451612903225806,4,0.26190889348119867,False,False,False,False
715bbd5ba4e6b74cb0d2f29eb45058b0,SP,62,4043.3,1272.58,4.467741935483871,0.08064516129032258,0.06451612903225806,4,0.23939216084636972,False,True,False,False
aced59e9b31ef866a94f9e7f29d8d418,SP,61,7268.5,1047.3,4.426229508196721,0.03278688524590164,0.06557377049180328,4,0.12594097982154454,False,False,False,False
f7720c4fa8e3aba4546301ab80ea1f1b,PR,59,2043.55,1317.24,4.254237288135593,0.05084745762711865,0.06779661016949153,4,0.39194356088895765,False,False,False,False
d650b663c3b5f6fb392b6326366efa9a,SP,57,18335.9,852.11,4.368421052631579,0.05263157894736842,0.07017543859649122,4,0.04440846132558821,False,False,False,False
2b3e4a2a3ea8e01938cabda2a3e5cc79,SP,52,23629.15,905.95,4.365384615384615,0.0,0.07692307692307693,4,0.03692465080639573,False,False,False,False
4c498c7345e89aebad651544829beca0,SP,47,4570.27,561.39,4.276595744680851,0.10638297872340426,0.0851063829787234,4,0.10939734900597466,False,True,False,False
381c83fdca332ea6afd896da20bf6e4a,PR,46,7355.8,999.21,4.391304347826087,0.021739130434782608,0.08695652173913043,4,0.11959411179639522,False,False,False,False
efcd8d2104f1a05d028af7bad20d974b,SP,46,2384.79,840.31,4.195652173913044,0.021739130434782608,0.08695652173913043,4,0.26055316114229016,False,False,False,False
870d0118f7a9d85960f29ad89d5d989a,MG,45,3157.2,1270.83,4.044444444444444,0.044444444444444446,0.08888888888888889,4,0.28699670056435933,False,False,False,False
afe0067131b73e40875c9b6c10bd2e21,MG,45,5040.5,1111.09,4.2727272727272725,0.044444444444444446,0.08888888888888889,4,0.18061834420044248,False,False,False,False
406822777a0b9eb5c50e442dd4cd3ec5,SP,44,3548.09,901.12,4.325581395348837,0.11363636363636363,0.09090909090909091,4,0.20253483202635975,False,True,False,False
3f995f07c49d0d55a99d5c54957f7d81,SP,43,3955.7,671.5,4.209302325581396,0.023255813953488372,0.09302325581395349,4,0.14512015905947442,False,False,False,False
b18dc380845b24038cfc48006478f099,SP,43,7753.96,796.87,4.214285714285714,0.11627906976744186,0.09302325581395349,4,0.09319212286994362,False,True,False,False
31344c16881c08a8a72c6d2eb29918c1,MG,42,9365.8,2208.55,4.428571428571429,0.047619047619047616,0.09523809523809523,4,0.19081417099016362,False,False,False,False
c013e57c075a06e5b5c48ee03c525719,SP,42,1971.55,857.11,4.238095238095238,0.047619047619047616,0.09523809523809523,4,0.30300919870185883,False,False,False,False
6f892e20a171e98efe17fdb971ff319b,SP,41,6049.0,857.49,4.15,0.0975609756097561,0.0975609756097561,4,0.1241571333629673,False,True,False,False
e63e8bfa530fb16910dd6956e592bb81,SP,41,1282.8,645.41,4.317073170731708,0.04878048780487805,0.0975609756097561,4,0.3347197660005912,False,False,False,False
1d4587203296c8f4ad134dc286fa6db0,SP,40,2287.5,654.41,4.35,0.025,0.1,4,0.22244392248573205,False,False,False,False
c9aafcd0621b2207c10e32c649cada4d,SP,40,2671.26,817.29,4.325,0.075,0.1,4,0.23427785182955668,False,True,False,False
5cbbd5a299cab112b7bf23862255e43e,PR,36,2726.06,659.15,4.277777777777778,0.0,0.1111111111111111,4,0.194714655811604,False,False,False,False
ec8879960bd2221d5c32f8e12f7da711,SP,35,3957.5,798.76,4.294117647058823,0.17142857142857143,0.11428571428571428,4,0.16793867450475794,False,True,False,False
33ac3e28642ab8bda860a2f693000e78,SP,34,3661.03,490.09000000000003,4.205882352941177,0.0,0.11764705882352941,4,0.11806211335735899,False,False,False,False
6a0cbc8af2e8abd1bdfb777943d174c6,SP,34,3788.15,729.0,4.03030303030303,0.08823529411764706,0.11764705882352941,4,0.16138494404657805,False,True,False,False
232a6014e7b10cba61c6c2b2ea6bb4b0,SP,32,3819.9700000000003,1197.07,4.15625,0.03125,0.125,4,0.23860084830896305,False,False,False,False
2745f798279e0ed033addcc1474776d7,SP,32,3668.53,696.46,3.967741935483871,0.09375,0.125,4,0.1595559210903118,False,True,False,False
20cb7c2fde3e5bf10f0bbe7394e1c6a9,PR,31,844.9999999999999,780.15,4.096774193548387,0.0967741935483871,0.12903225806451613,4,0.48004799556963973,False,True,True,False
4917cee8d902e13428c3ec4b1ca6f315,SC,31,5103.9,1074.44,4.161290322580645,0.03225806451612903,0.12903225806451613,4,0.17390431734090386,False,False,True,False
5c6d4016c2a288f074fa0848a2b653d2,SP,31,3100.0,498.13,4.161290322580645,0.0967741935483871,0.12903225806451613,4,0.13844135703823932,False,True,True,False
72c5da29406b4234927b81855e7b64f6,SP,31,11798.69,853.78,4.129032258064516,0.03225806451612903,0.12903225806451613,4,0.06747931431570278,False,False,True,False
f00e21b1e91a79653163b7fd8f293ff1,SP,31,3900.09,570.97,4.1,0.03225806451612903,0.12903225806451613,4,0.12770349760459487,False,False,True,False
2bf6a2c1e71bbd29a4ad64e6d3c3629f,RJ,30,50628.9,1000.59,4.166666666666667,0.06666666666666667,0.13333333333333333,4,0.01938020305836839,False,False,True,False
66e0557ecc2b4dbea057e93f215f68d8,SP,30,12141.0,487.42,4.033333333333333,0.2,0.13333333333333333,4,0.03859706915037669,False,True,True,False
6ec1a01e866584bb679eb9b098345919,SP,30,3998.9100000000003,795.85,4.241379310344827,0.2,0.13333333333333333,4,0.16598328174924293,False,True,True,False
c8467937e403e76a8ee9f0ab13f6f5ef,MG,30,1853.79,588.9499999999999,4.071428571428571,0.13333333333333333,0.13333333333333333,4,0.24110220490105372,False,True,True,False
238fac594e170b59c6d228f5a4f4f1d9,SP,29,3126.0,1419.52,4.0,0.10344827586206896,0.13793103448275862,4,0.3122899030253964,False,True,True,False
8b2492b7ff4468839593fafeed55bad9,RJ,29,3660.08,676.18,4.172413793103448,0.06896551724137931,0.13793103448275862,4,0.15593622153653147,False,True,True,False
94e93ce877be27a515118dbfd2c2be41,SP,29,5436.58,853.46,4.035714285714286,0.0,0.13793103448275862,4,0.13568435176882818,False,False,True,False
3ade81dab5a172b88e1871c28ae05260,SP,28,5383.6,1437.99,4.185185185185185,0.10714285714285714,0.14285714285714285,4,0.21079982819254747,False,True,True,False
c0563dd588b775f2e37747ef6ad6c92c,SP,28,3697.2000000000003,397.47999999999996,4.357142857142857,0.10714285714285714,0.14285714285714285,4,0.09707229869000751,False,True,True,False
f12ff17ad8bbf01ec5c33b17e506649b,SP,28,6101.0,627.88,3.857142857142857,0.10714285714285714,0.14285714285714285,4,0.0933112196977803,False,True,True,False
271c58a1d139c45eaf3316107c6d3a3b,SP,27,3597.63,634.92,4.185185185185185,0.07407407407407407,0.14814814814814814,4,0.15000885990714816,False,True,True,False
38e679b9e0064cd94c6f035707344dae,PR,27,3644.15,692.47,4.115384615384615,0.037037037037037035,0.14814814814814814,4,0.159679658351435,False,False,True,False
575df70bde3f9f2b30bf8d2e9910d725,SP,27,5410.05,753.37,4.074074074074074,0.037037037037037035,0.14814814814814814,4,0.12223246184748078,False,False,True,False
5b67882648febfb6e1225e6ad7164f6b,PR,27,6813.4800000000005,618.94,4.0,0.037037037037037035,0.14814814814814814,4,0.0832757029339031,False,False,True,False
3b872fd4747f01cc56206f2934198618,SP,25,2726.7400000000002,1116.37,3.88,0.16,0.16,4,0.29048609069217374,False,True,True,False
6a51fc556dab5f766ced6fbc860bc613,SP,24,7217.87,747.14,4.0,0.08333333333333333,0.16666666666666666,4,0.09380276986469571,False,True,True,False
c731d18cea9bf687ffee82a241c25b11,SC,24,3662.0,610.65,4.217391304347826,0.0,0.16666666666666666,4,0.1429206698419014,False,False,True,False
e89c4adbe7b1d0819dbb636e16461cf1,SP,24,3181.3,454.85,3.8333333333333335,0.125,0.16666666666666666,4,0.12509109910207225,False,True,True,False
977f9f63dd360c2a32ece2f93ad6d306,SP,23,2730.07,891.85,3.869565217391304,0.08695652173913043,0.17391304347826086,4,0.24623680257984715,False,True,True,False
2b1a40c1daabc6ca280c4b815c101841,MG,22,12342.6,1833.14,3.8181818181818183,0.045454545454545456,0.18181818181818182,4,0.1293152950039998,False,False,True,False
55f7a3319d80f7fdf078b8f03e6725fe,SP,22,3013.78,406.67,3.772727272727273,0.045454545454545456,0.18181818181818182,4,0.1188937128155652,False,False,True,False
7139dc5186aa238b006e066d8fbab2e4,SP,22,1712.0,535.93,4.0,0.13636363636363635,0.18181818181818182,4,0.23841044872393713,False,True,True,False
fb89df7f89fd1b8f03fa2acca1ba7364,PR,22,2220.0,467.43,3.8636363636363638,0.09090909090909091,0.18181818181818182,4,0.17393197218160103,False,True,True,False
e99e927c81e3f51739c94fcdfca9f10f,MG,21,2597.85,639.08,3.7142857142857144,0.047619047619047616,0.19047619047619047,4,0.1974339883778766,False,False,True,False
1a932caad4f9d804097d7f8e615baed1,SP,20,4661.0,1040.45,3.9,0.15,0.2,4,0.18248866516412493,False,True,True,False
f918546be4bec7104d117789ba758b2b,SP,20,1483.0,347.15,3.85,0.15,0.2,4,0.18968390569079036,False,True,True,False
430315b7bb4b6e4b3c978f9dfa9b0558,SP,19,2864.4,550.16,3.9473684210526314,0.05263157894736842,0.21052631578947367,4,0.16112178435874608,False,False,True,False
52f0fe436a347ddad7ed5f9aa4e27eaa,SP,19,1452.49,436.34000000000003,3.736842105263158,0.10526315789473684,0.21052631578947367,4,0.23101073151104126,False,True,True,False
ef2fbc2b607d8492bcffe657a4645434,RJ,19,920.9,353.61,4.0,0.10526315789473684,0.21052631578947367,4,0.2774478034695687,False,True,True,False
30829ded4523ab9224b93bc49a62c95f,RS,18,6911.71,638.0,3.7777777777777777,0.05555555555555555,0.2222222222222222,4,0.08450655720550855,False,False,True,False
c12b92bf1c350f3e6bf88d3596219c86,SP,17,4808.78,444.06,3.8823529411764706,0.058823529411764705,0.23529411764705882,4,0.08453712658295322,False,False,True,False
adcf50477d6a1f5d91bb9d54c4903cb5,MG,16,981.86,615.77,3.5625,0.1875,0.25,4,0.3854271639866552,False,True,True,False
8f54d64f28a993550aa7943f12572959,MG,15,2755.5,377.62,3.7333333333333334,0.06666666666666667,0.26666666666666666,4,0.12052522724951487,False,False,True,False
c6381d2d013342748761e906d45aff76,RS,15,2042.98,571.28,3.8666666666666667,0.0,0.26666666666666666,4,0.21852455379342525,False,False,True,False
7fc87cc3e89b3d1d5cabdca32f8485aa,SP,14,2153.9,681.92,3.5714285714285716,0.21428571428571427,0.2857142857142857,4,0.2404666022526112,False,True,True,False
e48cc16ab70bfa09e1401740dce0b3d7,SP,14,1084.83,326.3,3.5714285714285716,0.0,0.2857142857142857,4,0.23123312522588282,False,False,True,False
9d5604a1f112324ad6b2aa552122e0fb,SP,13,421.5,340.48,3.5384615384615383,0.0,0.3076923076923077,4,0.446835874957348,False,False,True,False
d101c6da914ae3d53f7bee42283f2fe2,SP,13,1297.4,260.15,3.6153846153846154,0.07692307692307693,0.3076923076923077,4,0.16702513562967478,False,True,True,False
26e2c91ef821e1ff8985f408788fe35b,SP,12,1649.4,274.47,3.0,0.4166666666666667,0.3333333333333333,4,0.14266556472110903,False,True,True,False
5b0cc932433fa5184b5b94bfe6bcc256,SP,12,1437.8,556.29,3.5833333333333335,0.25,0.3333333333333333,4,0.2789693544423772,False,True,True,False
968268a686aa05d1f529fb07dff08130,SP,12,4677.29,203.55,3.5,0.0,0.3333333333333333,4,0.04170388703583809,False,False,True,False
082e0bf4cb865a6533b1e8e498cc0255,SP,11,2073.3,991.0300000000001,3.272727272727273,0.18181818181818182,0.36363636363636365,4,0.32340837964579533,False,True,True,False
cb41bfbcbda0aea354a834ab222f9a59,SP,11,3792.0,858.66,3.272727272727273,0.36363636363636365,0.36363636363636365,4,0.1846318587039259,False,True,True,False
2aa3443d7bf9d9bb11133f420d75e083,RJ,10,647.0,134.12,3.0,0.2,0.4,4,0.17170217124129455,False,True,True,False
c6a7539d424a8402232c2228d7a03c5e,SP,10,607.5,393.82,3.1,0.1,0.4,4,0.39330084288738865,False,True,True,False
48fb026ed7455a42f5d3e9390ed5088e,RJ,9,489.73,191.54,2.888888888888889,0.0,0.4444444444444444,4,0.28115137904208315,False,False,True,False
b18871c324516afa228a13e8f1ef0ae9,SP,9,1064.6,243.8,3.4444444444444446,0.1111111111111111,0.4444444444444444,4,0.18633445429532255,False,True,True,False
538caafddff204241cecbf3a02e6b3cf,SP,8,128.4,90.41,2.75,0.375,0.5,4,0.4131895251588136,False,True,True,False
89de2d6f23e9746ff309705b23581faa,PR,8,340.0,160.08,2.7142857142857144,0.0,0.5,4,0.3201087825947848,False,False,True,False
a36ac007a4d18f865c8d32c3b2402c2d,SP,8,1229.79,161.17,2.75,0.0,0.5,4,0.11586961522976935,False,False,True,False
5151aea44289d6c6b090ee31c2132508,SP,7,1315.3,167.17,1.8333333333333333,0.0,0.5714285714285714,4,0.11276450788211564,False,False,True,False
5b35136197710e16ac5e7b7c2bd4ea85,RJ,7,3104.2000000000003,246.08999999999997,2.5714285714285716,0.2857142857142857,0.5714285714285714,4,0.07345334284494773,False,True,True,False
30c7f28fd3a5897b2c82d152bb760c17,RJ,6,1849.38,311.09000000000003,1.4,0.16666666666666666,0.6666666666666666,4,0.14399181659546303,False,True,True,False
633ecdf879b94b5337cca303328e4a25,SP,6,1037.6000000000001,87.89,1.8,0.6666666666666666,0.6666666666666666,4,0.07809043172307172,False,True,True,False
cf8ab1616079e2793aa29d524df01bb1,SP,6,9594.0,437.56,2.5,0.16666666666666666,0.6666666666666666,4,0.04361834051732732,False,True,True,False
ac3508719a1d8f5b7614b798f70af136,RS,101,12446.140000000001,2964.52,4.64,0.019801980198019802,0.0297029702970297,3,0.19236813997583488,True,False,False,False
2ff97219cb8622eaf3cd89b7d9c09824,SP,87,4339.1,1359.6,4.540229885057471,0.034482758620689655,0.034482758620689655,3,0.23858072893817883,False,False,False,False
1bb2bdb95f4841f1bba2c0d2cd83d3c9,SP,79,4905.76,1118.17,4.628205128205129,0.06329113924050633,0.0379746835443038,3,0.1856213468616003,False,False,False,False
744dac408745240a2c2528fb1b6028f3,PR,78,22322.6,1877.8,4.576923076923077,0.01282051282051282,0.038461538461538464,3,0.07759375878084661,False,False,False,False
834f3294fba9f932f56edc879193f925,SP,66,39907.5,4299.92,4.545454545454546,0.06060606060606061,0.045454545454545456,3,0.09726692939782508,False,False,False,False
cb8bcce248bb1fb274ba762d8b971456,MG,66,9152.4,1200.09,4.333333333333333,0.015151515151515152,0.045454545454545456,3,0.11592283595540782,False,False,False,False
643214e62b870443ccbe55ab29a4dccf,SP,65,3229.23,891.48,4.4,0.1076923076923077,0.046153846153846156,3,0.21634135864935897,False,True,False,False
5b925e1d006e9476d738aa200751b73b,SP,63,7748.5,1053.34,4.603174603174603,0.06349206349206349,0.047619047619047616,3,0.11967270479808766,False,False,False,False
57e632711dec9ec14ca7546769483e7e,SC,62,6350.06,1207.98,4.419354838709677,0.0,0.04838709677419355,3,0.15982715095448025,False,False,False,False
cce6ab8d1682639fe45ab70234f1665f,SP,61,2442.7,1136.89,4.508196721311475,0.03278688524590164,0.04918032786885246,3,0.3176034126813406,False,False,False,False
91f848e9f4be368f4318775aac733370,SP,60,5668.61,1193.88,4.396551724137931,0.016666666666666666,0.05,3,0.17397183821032894,False,False,False,False
c864036feaab8c1659f65ea4faebe1da,PR,58,10454.2,1845.57,4.568965517241379,0.034482758620689655,0.05172413793103448,3,0.15004914726047722,False,False,False,False
05ff92fedb5be47920fea08e501238b9,RS,57,21235.98,1747.89,4.315789473684211,0.03508771929824561,0.05263157894736842,3,0.07604855057046529,False,False,False,False
e882b2a25a10b9c057cc49695f222c19,RJ,57,51057.54,2856.22,4.578947368421052,0.0,0.05263157894736842,3,0.05297757010455215,False,False,False,False
8a130737016f838139d31878787a39c9,SP,56,4222.03,842.29,4.446428571428571,0.07142857142857142,0.05357142857142857,3,0.16631847908504993,False,True,False,False
2dee2ce60de9709b1a24083217181a1f,MT,54,7784.5,2060.06,4.425925925925926,0.018518518518518517,0.05555555555555555,3,0.2092587175048961,False,False,False,False
d9a84e1403de8da0c3aa531d6d108ba6,SP,53,1385.3,723.85,4.584905660377358,0.05660377358490566,0.05660377358490566,3,0.34319512599862506,False,False,False,False
9b00ed88b7fdb95d6ff76e27c1b52d16,SP,46,1567.88,567.8,4.543478260869565,0.06521739130434782,0.06521739130434782,3,0.2658637998201977,False,False,False,False
6b90f847357d8981edd79a1eb1bf0acb,SP,45,3322.08,737.65,4.355555555555555,0.0,0.06666666666666667,3,0.181699275567587,False,False,False,False
b8bc237ba3788b23da09c0f1f3a3288c,SC,45,13685.710000000001,1935.45,4.318181818181818,0.022222222222222223,0.06666666666666667,3,0.12389924947955208,False,False,False,False
bccf933e006e9b94a6184af782963e77,SP,45,4162.74,884.47,4.5227272727272725,0.022222222222222223,0.06666666666666667,3,0.17523938968261674,False,False,False,False
c68fb906c8f4b4b946d8386bfa6e5467,SP,45,4541.16,892.45,4.5227272727272725,0.022222222222222223,0.06666666666666667,3,0.1642462377682609,False,False,False,False
f680f85bee2d253556ac91be391d2c82,SP,45,5183.92,893.42,4.333333333333333,0.022222222222222223,0.06666666666666667,3,0.1470083951202335,False,False,False,False
4da0e408c99d2fdc2126dc9fce518060,PR,44,3026.0,938.73,4.409090909090909,0.0,0.06818181818181818,3,0.23677022142743642,False,False,False,False
acce39e832338debb07b02385cde5967,MG,44,4748.1,1175.56,4.4772727272727275,0.0,0.06818181818181818,3,0.19845163294314663,False,False,False,False
c66dccfb3f109511246da627dd5a2498,SP,44,12182.55,944.74,4.568181818181818,0.045454545454545456,0.06818181818181818,3,0.07196763383760091,False,False,False,False
9add47bf45ce8e8c7db6b9cf670b1e09,PR,41,4606.4400000000005,1082.76,4.225,0.024390243902439025,0.07317073170731707,3,0.19031849820712926,False,False,False,False
20d83f3ef0e6925fd74bfd59170babf7,SP,40,2903.6,653.61,4.4,0.05,0.075,3,0.18374231490409618,False,False,False,False
a2e874074c877c5a05abae80ad6e488f,SP,40,7355.0,1105.34,4.25,0.05,0.075,3,0.1306495956427283,False,False,False,False
3f3486b61f45078d4f31ee5e43d8c5bb,SP,39,3769.73,883.4,4.333333333333333,0.10256410256410256,0.07692307692307693,3,0.18985070264531614,False,True,False,False
75fbb52eda0cbc24f479d3b2fbfa8d3e,GO,38,1094.19,900.26,4.447368421052632,0.05263157894736842,0.07894736842105263,3,0.45138258667803155,False,False,False,False
7f7b8245c336066a1f9933c359f11d77,SP,38,2094.36,535.87,4.552631578947368,0.02631578947368421,0.07894736842105263,3,0.20373503457872505,False,False,False,False
bacb1f0ed56ad24198f5810d2b3fe9a5,SP,38,6078.05,769.65,4.324324324324325,0.02631578947368421,0.07894736842105263,3,0.11239540283598873,False,False,False,False
14d7985702e72162bbf13b6beb74ab2b,SP,37,3887.0,554.0,4.324324324324325,0.10810810810810811,0.08108108108108109,3,0.12474667867597387,False,True,False,False
325f3178fb58e2a9778334621eecdbf9,SP,36,981.6999999999999,451.67,4.444444444444445,0.0,0.08333333333333333,3,0.3151105436837663,False,False,False,False
bd4889b5e9133b35b66e42a8665cea5c,SP,36,6271.9,984.64,4.4,0.0,0.08333333333333333,3,0.1356900120443076,False,False,False,False
11305281b50fff20ae8bb473f8e11876,MG,35,6528.7,1444.51,4.314285714285714,0.11428571428571428,0.08571428571428572,3,0.1811704445261068,False,True,False,False
240b9776d844d37535668549a396af32,RJ,35,13332.09,839.5600000000001,4.3428571428571425,0.02857142857142857,0.08571428571428572,3,0.05924221950161061,False,False,False,False
fde0cc9ea29c8ccfc0a2c22256a58c71,PR,35,3922.0,999.27,4.485714285714286,0.02857142857142857,0.08571428571428572,3,0.2030512449022305,False,False,False,False
26d8a1c7c75d513045798992ead43aa2,PR,34,5937.13,653.33,4.411764705882353,0.08823529411764706,0.08823529411764706,3,0.09913268573058634,False,True,False,False
b90e891671cffd9557f33a97dc523645,PR,34,4449.0,632.31,4.323529411764706,0.0,0.08823529411764706,3,0.12443838301540351,False,False,False,False
0ffa40d54288e4f3499b8780dd0f144f,SP,33,2162.8,583.67,4.484848484848484,0.12121212121212122,0.09090909090909091,3,0.2125164301812872,False,True,False,False
5160d23075764e18e07c1f4a87fad743,SP,33,2359.0,478.64,4.363636363636363,0.0,0.09090909090909091,3,0.16867537813112304,False,False,False,False
65febd49fd28ec955651299159b1f527,SP,33,4136.71,948.67,4.454545454545454,0.0,0.09090909090909091,3,0.1865484978507014,False,False,False,False
8bd0f31cf0a614c658f6763bd02dea69,SP,33,4455.34,967.98,4.28125,0.030303030303030304,0.09090909090909091,3,0.17848476578922137,False,False,False,False
93dc87703c046b603023e75222018b45,MG,33,8149.35,648.99,4.129032258064516,0.09090909090909091,0.09090909090909091,3,0.07376277797857322,False,True,False,False
cc5a78bbad32776dc4e3af205218368c,MG,33,4269.18,1304.17,4.454545454545454,0.030303030303030304,0.09090909090909091,3,0.23400109449433465,False,False,False,False
dfc5fb7259bb2b599ca565e6e9448f0f,SP,33,6124.63,721.35,4.121212121212121,0.030303030303030304,0.09090909090909091,3,0.10536840598424184,False,False,False,False
6481e96574816ead57975da2c0f6d80d,SP,32,3324.9,1015.96,4.1875,0.03125,0.09375,3,0.2340457881617928,False,False,False,False
33576ec5412fb5905d876f12f33bfde6,PR,31,2718.0,569.98,4.096774193548387,0.03225806451612903,0.0967741935483871,3,0.17335263596493897,False,False,False,False
78c99c6dff4eeae5be99bf635ed21e3f,SP,31,2030.88,664.89,4.419354838709677,0.06451612903225806,0.0967741935483871,3,0.24664196129491758,False,False,False,False
3c487ae8f8d7542beff5788e2e0aea83,DF,30,9385.699999999999,719.65,4.2,0.03333333333333333,0.1,3,0.07121475258155334,False,False,False,False
974cf2cb8f4b7add98709c30df02fe10,SP,30,2694.7,497.2,4.166666666666667,0.03333333333333333,0.1,3,0.15576929101788906,False,False,False,False
b4a476fbd28de64b1e347abf9089366a,SP,30,4479.04,796.0699999999999,4.137931034482759,0.06666666666666667,0.1,3,0.15091059712498886,False,False,False,False
b74d1c09cb380e1d03a6f859c6f4224b,RJ,30,2174.61,809.97,4.3,0.13333333333333333,0.1,3,0.27138491848099233,False,True,False,False
1464afc72f696af775557a821c2e253f,RJ,29,1059.36,454.42,4.241379310344827,0.034482758620689655,0.10344827586206896,3,0.30018893102035965,False,False,False,False
31da954dc0855f2495c6310f70a2f931,SP,29,4583.0,449.71,4.206896551724138,0.06896551724137931,0.10344827586206896,3,0.08935742373393261,False,True,False,False
4bf2f4ee540798a61f9636d12cd9cc80,SP,29,4995.56,505.45,4.137931034482759,0.0,0.10344827586206896,3,0.09188312691669348,False,False,False,False
57c764b4a836300be881e2ff86e449f9,SP,28,1156.1000000000001,457.39,4.222222222222222,0.14285714285714285,0.10714285714285714,3,0.2834786704596867,False,True,False,False
0885aaf116795758dfeb5f1032487bcd,SP,27,2573.1000000000004,499.04,4.2592592592592595,0.0,0.1111111111111111,3,0.16244051377866894,False,False,False,False
6a8a889bde935bafa76d7848782dfaf9,SP,26,860.8199999999999,367.79999999999995,4.038461538461538,0.07692307692307693,0.11538461538461539,3,0.29936025785027104,False,True,False,False
8090490573c6c0aa343a7231ebcb8c86,SP,26,3871.1200000000003,426.91,4.1923076923076925,0.07692307692307693,0.11538461538461539,3,0.09932690092903027,False,True,False,False
b8555308bfdb4ca1ed54325a58da9a97,SP,26,3047.2000000000003,582.83,4.0,0.07692307692307693,0.11538461538461539,3,0.1605579017253301,False,True,False,False
ccf8813e5a7d6c84d865cd38bfc2b130,SP,26,2635.5,415.79,4.384615384615385,0.038461538461538464,0.11538461538461539,3,0.13626695594322402,False,False,False,False
e883aa812c37a7413226856f4579fe91,SP,26,4097.1,457.36,4.153846153846154,0.038461538461538464,0.11538461538461539,3,0.10042024740583955,False,False,False,False
f61c63d13f7cd800549d5acdd390ae72,SP,26,3072.3,429.39,4.0,0.07692307692307693,0.11538461538461539,3,0.12262364743880812,False,True,False,False
edf96ef93ed595084bbcbd9224bd2894,SP,25,3757.0,608.78,3.88,0.08,0.12,3,0.13944358167383605,False,True,False,False
0afccdb8a34ee5c79f7c06faf2b4d56e,MG,24,1185.6,371.49,4.086956521739131,0.08333333333333333,0.125,3,0.2385796582085814,False,True,False,False
2e13c71026e1a39ba5cc1b86dcb679aa,SP,24,3793.0,517.21,4.375,0.041666666666666664,0.125,3,0.11999647348969077,False,False,False,False
b83cedfb587e7911540e3f576d6917ce,SP,24,2224.95,343.8,4.208333333333333,0.041666666666666664,0.125,3,0.13383941605839417,False,False,False,False
cea729054f157f5870bdd321a958d994,SP,24,2482.1,349.52,4.125,0.041666666666666664,0.125,3,0.12343464165389424,False,False,False,False
4b5f66b7adcf57f1ecc0d3c07dd6b177,PR,23,6381.78,734.18,4.090909090909091,0.043478260869565216,0.13043478260869565,3,0.10317371092586242,False,False,True,False
a36b125ac6d5fdbc7f50de85c9157bdc,SP,23,1793.65,373.89,3.9565217391304346,0.08695652173913043,0.13043478260869565,3,0.17249508659586443,False,True,True,False
093805f8f2aeb63881444571e1f48f30,SP,22,1215.79,343.94,4.181818181818182,0.045454545454545456,0.13636363636363635,3,0.22051252460361728,False,False,True,False
13d058e4eeac2ce8217660b2f8a05812,SP,22,3739.78,907.59,4.181818181818182,0.09090909090909091,0.13636363636363635,3,0.19529110012759907,False,True,True,False
7f2617c58d5d06806987308b45654351,SP,22,3656.8,326.47,3.8181818181818183,0.09090909090909091,0.13636363636363635,3,0.08196029895035988,False,True,True,False
df56d7b40d437f88407c5f78b63bc328,PR,22,2791.28,460.21999999999997,4.090909090909091,0.045454545454545456,0.13636363636363635,3,0.14154082731047207,False,False,True,False
f615fe7efbef0f4f08fd3086bc7a3e60,SP,22,2061.37,369.71,4.5,0.09090909090909091,0.13636363636363635,3,0.15207644339141452,False,True,True,False
2156f2671501a81034d7d07f217609d0,SP,21,2909.5,393.49,4.0,0.14285714285714285,0.14285714285714285,3,0.11913145362232402,False,True,True,False
3d5d0dc7073a299e31fa718ce1bc00b6,RJ,21,674.8,352.32,4.428571428571429,0.047619047619047616,0.14285714285714285,3,0.3430173689539684,False,False,True,False
411f3b52d857390502ee4e4d5ceabc2d,SP,21,1804.01,378.71,4.105263157894737,0.09523809523809523,0.14285714285714285,3,0.17350370180325467,False,True,True,False
542917da124346b47ea1ac79a93ce454,PR,20,1303.9,363.18,4.15,0.05,0.15,3,0.2178539722148907,False,False,True,False
82bd0703a4aefd6b599e5bfdaed378fb,SP,20,2394.28,378.13,4.05,0.05,0.15,3,0.13639036073308058,False,False,True,False
d3674f271c91f824f82d24d92011f669,DF,20,1718.3,383.52,4.1,0.1,0.15,3,0.18247043038890107,False,True,True,False
094ced053e257ae8cae57205592d6712,SP,19,1519.2,459.03,4.052631578947368,0.0,0.15789473684210525,3,0.23204076371301616,False,False,True,False
52d76513f0c4d97f3b99570e2c94ee31,RS,19,8153.099999999999,889.26,4.055555555555555,0.05263157894736842,0.15789473684210525,3,0.09834379520390696,False,False,True,False
6d988d6174a2c27441597174f8905515,PR,19,371.72999999999996,365.47,4.105263157894737,0.10526315789473684,0.15789473684210525,3,0.4957542051003798,False,True,True,False
784ba75dd9d20200c4caed3d7a77141a,SP,19,8142.33,600.02,4.105263157894737,0.10526315789473684,0.15789473684210525,3,0.06863371976642435,False,True,True,False
9dda5bbacd45e18d6485fee649205d09,MG,19,1912.6000000000001,506.73,4.105263157894737,0.05263157894736842,0.15789473684210525,3,0.2094505503589837,False,False,True,False
a44fb5a447105f8469bdf16bf9159f25,RS,19,3706.1,586.61,4.052631578947368,0.21052631578947367,0.15789473684210525,3,0.136652604065963,False,True,True,False
e5475dcab1e07b63d7f6e902d8f5eda8,SP,19,2192.0,251.22,4.105263157894737,0.05263157894736842,0.15789473684210525,3,0.10282332331922628,False,False,True,False
f5b44895715ddfe3087dc414f30268f3,SP,19,378.8,275.64,4.0,0.0,0.15789473684210525,3,0.42118452417333896,False,False,True,False
1354d51653f645349064725ed204e85e,SP,18,2410.0,284.72,3.9444444444444446,0.0,0.16666666666666666,3,0.1056584728654554,False,False,True,False
2e1a7d075abe038c1b2743005fe42ff1,SP,18,1366.8000000000002,344.89,4.222222222222222,0.16666666666666666,0.16666666666666666,3,0.201490924174354,False,True,True,False
4b0fdb526525f9890eb145bf1534640e,SP,18,2419.0,535.21,4.055555555555555,0.0,0.16666666666666666,3,0.1811685696006716,False,False,True,False
6b536a23086fba0d58c08d68814397f6,RJ,18,1996.8,359.74,4.111111111111111,0.05555555555555555,0.16666666666666666,3,0.15265601262868445,False,False,True,False
7a425d299613df3e613bcf9d2eaf5c49,RJ,18,1218.8,286.67,4.111111111111111,0.05555555555555555,0.16666666666666666,3,0.19041893893601333,False,False,True,False
f4c4daa86e30c7e5a553a8d518ac03a5,PR,18,5984.3099999999995,340.19,4.0,0.05555555555555555,0.16666666666666666,3,0.05378923235038344,False,False,True,False
2a61c271b1ac763450d846849783e922,SP,17,1486.77,482.27,4.117647058823529,0.17647058823529413,0.17647058823529413,3,0.24492646162597,False,True,True,False
9c068d10aca38e85c50202e17b4a7e88,MS,17,2658.9,449.93,4.125,0.17647058823529413,0.17647058823529413,3,0.14472647266013258,False,True,True,False
15cd6eefe58588619aaed41dfa6621b1,MG,16,1622.74,566.12,4.25,0.0625,0.1875,3,0.25863691602021144,False,False,True,False
2d2c62bef4c8ba0dd74e0e228e808539,SP,16,3749.0,481.48,4.125,0.125,0.1875,3,0.11381214424840681,False,True,True,False
5b664594895aefb418afaee6d40a9a23,RJ,16,1008.8,226.38,3.9375,0.0,0.1875,3,0.18327693129746273,False,False,True,False
89bc797e2e29667aa035d4368f9b7f92,SP,16,392.4,238.04,3.875,0.1875,0.1875,3,0.3775775648753252,False,True,True,False
b33aaadd1a8891d2dfef0c4c3bdf0371,SP,16,1504.0,359.04,3.9375,0.125,0.1875,3,0.19271727928546892,False,True,True,False
f97e2b0650c2068227e1d366140eb62f,SP,16,3654.0,1011.98,4.0,0.0625,0.1875,3,0.21688477018761335,False,False,True,False
fcdd820084f17e9982427971e4e9d47f,SP,16,4783.99,881.75,3.9375,0.125,0.1875,3,0.155628390995704,False,True,True,False
1b8b75e227c9a9c100d0c210fb6176ce,SP,15,1444.8700000000001,203.62,3.933333333333333,0.06666666666666667,0.2,3,0.12351909929693233,False,False,True,False
3a1a1fec38dd360f15fc912e821e169d,SP,15,2007.38,371.25,3.8666666666666667,0.26666666666666666,0.2,3,0.15607723773768933,False,True,True,False
87d3c3aeb3ead335511b3ce315eb341e,SP,15,749.3499999999999,213.71,3.5,0.06666666666666667,0.2,3,0.2219072539613316,False,False,True,False
be8e909810184b9b19e886129149d8e5,SP,15,629.85,216.23,3.7333333333333334,0.13333333333333333,0.2,3,0.25556684947049924,False,True,True,False
c4fb51fb1c5b7c07bc5e67be6e7e8f6e,PR,15,1567.9,558.71,3.533333333333333,0.13333333333333333,0.2,3,0.2627233014045829,False,True,True,False
cfa5ab0e4d3fc212fd0b3410e7081c62,MG,15,4780.81,1015.48,3.8666666666666667,0.0,0.2,3,0.17519482289533475,False,False,True,False
e601b04acf48b4576e73ddca9481f0dc,SP,15,491.94,211.0,4.066666666666666,0.0,0.2,3,0.30016786638973453,False,False,True,False
218f991754f360af9c2daa5e0b8e990c,SP,14,3554.32,265.22,3.642857142857143,0.14285714285714285,0.21428571428571427,3,0.06943768097729047,False,True,True,False
45213867cefbf2cd4c6177e10216a951,SP,14,4955.42,433.74,3.857142857142857,0.07142857142857142,0.21428571428571427,3,0.08048378597035531,False,True,True,False
4de6e4ba574aa9dfdc824bc44dc47fdd,PR,14,451.1,253.32,4.071428571428571,0.07142857142857142,0.21428571428571427,3,0.3596150024133329,False,True,True,False
bce6a5ecf98e99fd2a8868b15c51f04b,SP,14,3464.9,241.60000000000002,4.071428571428571,0.14285714285714285,0.21428571428571427,3,0.06518278699581816,False,True,True,False
c273175f7c6c80fb02f051e2fc6d0d72,SP,14,1188.23,255.22,3.7857142857142856,0.07142857142857142,0.21428571428571427,3,0.17681249783504796,False,True,True,False
c679fb69a36e1d8349e8c50a217b4d58,RS,14,1825.68,388.21000000000004,3.8461538461538463,0.07142857142857142,0.21428571428571427,3,0.1753519822574744,False,True,True,False
00720abe85ba0859807595bbf045a33b,SP,13,1007.5,315.98,3.6153846153846154,0.15384615384615385,0.23076923076923078,3,0.2387493577538006,False,True,True,False
02dcd3e8e25bee036e32512bcf175493,MG,13,1341.9,281.59,4.076923076923077,0.3076923076923077,0.23076923076923078,3,0.17344732643872152,False,True,True,False
0417b067eeab773d2f7061a726dc477f,SC,13,1859.18,642.57,3.923076923076923,0.23076923076923078,0.23076923076923078,3,0.2568482062556211,False,True,True,False
373ee4a3a775a733770ca3f790b8b9ac,RJ,13,2141.49,290.32,3.923076923076923,0.07692307692307693,0.23076923076923078,3,0.1193843269005391,False,True,True,False
5f67c6082caacb26e431a7b17940cece,PR,13,1662.6,208.43,3.5384615384615383,0.23076923076923078,0.23076923076923078,3,0.11139853449704175,False,True,True,False
8f78f0903005064036736c7173a5c2ed,MG,13,2113.7000000000003,632.25,3.769230769230769,0.0,0.23076923076923078,3,0.23024818368870517,False,False,True,False
8ff1a9df749e454105c55cda13e79143,SP,13,1400.6000000000001,277.21,3.727272727272727,0.0,0.23076923076923078,3,0.1652213301863739,False,False,True,False
a8739afb32aaa45e01815ca76f76f54b,SP,13,298.83,264.73,3.769230769230769,0.0,0.23076923076923078,3,0.4697459010575627,False,False,True,False
0747d5bb69f0586cc869d8af4c50f93e,RJ,12,322.8,181.44,3.75,0.08333333333333333,0.25,3,0.35982865302237027,False,True,True,False
08d0949a9a17c027262db1f3c450c26c,PR,12,324.8,233.04000000000002,3.75,0.0,0.25,3,0.41775419475118314,False,False,True,False
557f22c76691849db52d2abccf0015d0,GO,12,799.87,308.67,3.272727272727273,0.0,0.25,3,0.278447327114944,False,False,True,False
e1dc0754bada9ee4cfe9713f22f61292,RJ,12,885.0,264.78,3.8333333333333335,0.0,0.25,3,0.23028753326723372,False,False,True,False
39c763cca83e654764b7a4a650fb9b7c,GO,11,761.0,223.21,3.8181818181818183,0.18181818181818182,0.2727272727272727,3,0.22679103036953496,False,True,True,False
66fd84ee7528c0c0de85d0f44a73d5ab,RS,11,1438.1100000000001,453.19,3.3636363636363638,0.09090909090909091,0.2727272727272727,3,0.23961825199598158,False,True,True,False
7586919161935337bf6b6d7ff5779648,RJ,11,1664.71,330.21999999999997,3.8181818181818183,0.18181818181818182,0.2727272727272727,3,0.16552961758056672,False,True,True,False
91f0eec23d4a61d7d7caeefa3f0ad1ca,SC,11,2190.8,354.46,3.5454545454545454,0.2727272727272727,0.2727272727272727,3,0.1392627865129692,False,True,True,False
9803a40e82e45418ab7fb84091af5231,GO,11,4278.75,512.63,3.727272727272727,0.0,0.2727272727272727,3,0.10699005297012551,False,False,True,False
c9a06ece156bb057372c68718ec8909b,DF,11,3849.0,432.96000000000004,3.3636363636363638,0.0,0.2727272727272727,3,0.10111257461536306,False,False,True,False
cb5df0dcb9e280b1780e9d589889f2c7,SP,11,1614.88,453.91999999999996,3.4,0.18181818181818182,0.2727272727272727,3,0.21941221964423815,False,True,True,False
d9e7e7778b32987280a6f2cb9a39c57d,SP,11,722.5,263.89,3.5454545454545454,0.18181818181818182,0.2727272727272727,3,0.2675310982471436,False,True,True,False
615005a3ef192c00c6f0e977cee3d2bc,SP,10,286.5,155.64,3.8,0.1,0.3,3,0.3520151988058081,False,True,True,False
9d39404483343dd55c7ae254494d8388,SP,10,293.2,141.07999999999998,3.5,0.1,0.3,3,0.3248595376254951,False,True,True,False
d32e3909cfb714fb2a6cb092c85b9c5f,SP,10,2827.9,251.0,3.5,0.2,0.3,3,0.08152262171554776,False,True,True,False
e504a4e2efaa45cbff7e268a2c58c956,SP,10,1088.9,240.8,3.8,0.3,0.3,3,0.18109347973227044,False,True,True,False
f9903dd0f812c7e771fcad47b6fff231,SC,10,1684.8500000000001,416.63,3.2,0.0,0.3,3,0.19825551516074386,False,False,True,False
5ee7fd217d08dfe5d3e2f51f96a12c9a,SP,9,1165.5,269.68,3.4444444444444446,0.2222222222222222,0.3333333333333333,3,0.18790674340500843,False,True,True,False
95b293867b5862941c9cd74f756a3c68,SP,9,648.1,98.12,3.5555555555555554,0.4444444444444444,0.3333333333333333,3,0.13148937310712658,False,True,True,False
b87a7ea0c30fad2dd6781b74a0064859,SP,9,515.4,122.35,3.4444444444444446,0.2222222222222222,0.3333333333333333,3,0.19184633477067817,False,True,True,False
bafc5aa11e413978be29040f51342e70,MG,9,1679.55,149.92,3.7777777777777777,0.1111111111111111,0.3333333333333333,3,0.08194723061870376,False,True,True,False
c7fdb77fdbff3c41981bc52f787e959e,SP,9,658.48,166.68,3.5555555555555554,0.1111111111111111,0.3333333333333333,3,0.2019971884240632,False,True,True,False
d29ba1220fb8634fa3a107e54497b8a4,SP,9,724.94,182.92000000000002,3.2222222222222223,0.0,0.3333333333333333,3,0.20148481043332672,False,False,True,False
daf565f087a52def0fd5c5825b3661bc,SC,9,813.9000000000001,307.93,3.625,0.0,0.3333333333333333,3,0.27448900457288533,False,False,True,False
de9727ca376d1be6ec121b110aa7954c,PR,9,997.8000000000001,197.84,3.6666666666666665,0.1111111111111111,0.3333333333333333,3,0.16546786658191429,False,True,True,False
4091f77d8c768fc3e81c20761471761d,SP,8,1079.0,230.87,2.75,0.25,0.375,3,0.17625413208944402,False,True,True,False
4e8dacf3d38f281ae26c3e0321d92d88,SP,8,2055.46,140.57999999999998,3.125,0.125,0.375,3,0.0640152274093368,False,True,True,False
b5abf4f36adc043117b4fca82c22984c,DF,8,803.0999999999999,166.84,3.125,0.25,0.375,3,0.17201063983339177,False,True,True,False
e250d617a0ad591ba9bd663e584a895d,SP,8,904.12,300.78999999999996,3.5,0.0,0.375,3,0.2496369023412537,False,False,True,False
f1b93673502375d491780bb49d615dbc,SP,8,2638.9300000000003,320.35,3.125,0.125,0.375,3,0.10825268308507476,False,True,True,False
ffff564a4f9085cd26170f4732393726,SP,8,359.0,115.35,3.25,0.0,0.375,3,0.24317487087593548,False,False,True,False
2c3d56f92f360fb89d849b84e8f50eae,SP,7,425.1,111.75999999999999,3.4285714285714284,0.14285714285714285,0.42857142857142855,3,0.20817345304176132,False,True,True,False
2e0dba2da448400b1c11d7b4b22f32a4,SP,7,235.87,171.83,3.142857142857143,0.0,0.42857142857142855,3,0.42146185921020357,False,False,True,False
312ba1d77e9c332ef21f9598b7f64cd7,SP,7,513.0,102.41,3.142857142857143,0.5714285714285714,0.42857142857142855,3,0.16640938561284346,False,True,True,False
5acd070dd3fe441bbb2ec1f1ede515ee,SP,7,764.17,122.2,3.0,0.42857142857142855,0.42857142857142855,3,0.13786567686180715,False,True,True,False
9c7fd21e0aa159b20da593371f08ff7c,SP,7,798.3000000000001,123.5,3.2857142857142856,0.14285714285714285,0.42857142857142855,3,0.13397700151876762,False,True,True,False
b7ed9fb14c8eadb37adb9c45d67ab0fb,SP,7,566.0,221.75,3.2857142857142856,0.0,0.42857142857142855,3,0.28149793716280547,False,False,True,False
08ad4ac1388e4420ca531c3edfc46198,SP,6,221.61999999999998,89.05,2.8333333333333335,0.0,0.5,3,0.2866385553803071,False,False,True,False
714b9a1332840f257b49f476bea4e341,SP,6,1499.94,158.15,3.3333333333333335,0.3333333333333333,0.5,3,0.09538082974989294,False,True,True,False
8bd0e3abda539b9479c4b44a691be1ec,RS,6,425.75,212.27,2.5,0.3333333333333333,0.5,3,0.33270116924234355,False,True,True,False
1b65c144b17e607c0f37f10bb7dfec8d,SC,5,1109.5,144.85,2.0,0.0,0.6,3,0.11547813608641927,False,False,True,False
2528744c5ef5d955adc318720a94d2e7,SP,5,6245.0,263.7,2.4,0.0,0.6,3,0.04051500299598998,False,False,True,False
4b1eaadf791bdbbad8c4a35b65236d52,SP,5,960.0899999999999,68.95,2.6,0.2,0.6,3,0.06700419808753791,False,True,True,False
6bd69102ab48df500790a8cecfc285c2,SP,5,8070.0,289.02,3.0,0.2,0.6,3,0.034575823481700005,False,True,True,False
b37c4c02bda3161a7546a4e6d222d5b2,SP,4,24075.0,412.6,2.25,0.0,0.75,3,0.01684934415785949,False,False,True,False
8d92f3ea807b89465643c219455e7369,SP,3,121.2,131.57,1.0,0.6666666666666666,1.0,3,0.5205127190726748,False,True,True,False
725c32fa80c2faacc4fc88450d27314e,SP,89,7838.88,1327.78,4.517241379310345,0.011235955056179775,0.02247191011235955,2,0.1448488326173328,False,False,False,False
dbd66278cbfe1aa1000f90a217ca4695,SP,85,4928.9,1543.87,4.5058823529411764,0.03529411764705882,0.023529411764705882,2,0.23851766708843355,False,False,False,False
516e7738bd8f735ac19a010ee5450d8d,RJ,74,6463.19,1442.5,4.635135135135135,0.02702702702702703,0.02702702702702703,2,0.18246351678348127,False,False,False,False
d13e50eaa47b4cbe9eb81465865d8cfc,SP,66,7073.05,834.5,4.818181818181818,0.09090909090909091,0.030303030303030304,2,0.10553205480837934,False,True,False,False
d566c37fa119d5e66c4e9052e83ee4ea,SP,65,5145.7,979.22,4.6875,0.0,0.03076923076923077,2,0.15987474122110984,False,False,False,False
116ccb1a1604bc88e4d234a8c23f33de,SP,61,2004.89,943.4399999999999,4.639344262295082,0.03278688524590164,0.03278688524590164,2,0.31999131711850437,False,False,False,False
d9bd94811c3338dceb4181f3dbc0c73e,SP,54,6911.02,771.09,4.796296296296297,0.05555555555555555,0.037037037037037035,2,0.10037476682838438,False,False,False,False
3504c0cb71d7fa48d967e0e4c94d59d9,SP,53,2349.94,687.37,4.415094339622642,0.0,0.03773584905660377,2,0.22630880614754503,False,False,False,False
a5cba26a62b8b4d0145b68b841e62e7f,PR,53,14438.84,1346.93,4.566037735849057,0.018867924528301886,0.03773584905660377,2,0.08532558120383105,False,False,False,False
729b2d09b2a0bdab221076327f13d050,SP,48,1805.21,934.6999999999999,4.5625,0.041666666666666664,0.041666666666666664,2,0.3411425922749287,False,False,False,False
994f04b3718c2bab35c2adfa8afecd2a,SP,47,3289.8,754.65,4.297872340425532,0.06382978723404255,0.0425531914893617,2,0.18658902941067387,False,False,False,False
2a5b78b41cd05baeac8df54c6606b92c,MG,46,15554.279999999999,1021.19,4.543478260869565,0.021739130434782608,0.043478260869565216,2,0.061608509441964554,False,False,False,False
02f623a8eb246f3c5f7c2f96462654e6,SP,44,6378.0,829.63,4.558139534883721,0.06818181818181818,0.045454545454545456,2,0.11510441018753736,False,True,False,False
0ed6ce5d87fd9c69eaacaeb778d67235,SP,42,2026.52,670.78,4.390243902439025,0.14285714285714285,0.047619047619047616,2,0.2486857227597968,False,True,False,False
34d1ca11b242c0fee2c834ae8d788566,MG,40,13422.24,982.04,4.333333333333333,0.0,0.05,2,0.06817695851510801,False,False,False,False
113e3a788b935f48aad63e1c41dac1bd,SP,39,847.35,686.6,4.315789473684211,0.05128205128205128,0.05128205128205128,2,0.44760259460869,False,False,False,False
55a5b51f93f2b70ea513f5a047b0262a,MG,39,4002.3,847.08,4.461538461538462,0.02564102564102564,0.05128205128205128,2,0.1746780000742363,False,False,False,False
d23019c84ffae2d5ef2270367b8605fc,PR,39,29205.1,2749.7400000000002,4.410256410256411,0.02564102564102564,0.05128205128205128,2,0.08605081421155607,False,False,False,False
ba90964cff9b9e0e6f32b23b82465f7b,SP,38,44212.5,1311.0,4.421052631578948,0.05263157894736842,0.05263157894736842,2,0.028798312959240832,False,False,False,False
d66c305afaec317ebee552073a674429,MG,38,4126.59,1108.91,4.447368421052632,0.02631578947368421,0.05263157894736842,2,0.21180594021583424,False,False,False,False
6338ea67c41078a46ad99cc009654956,RS,37,2286.09,924.3,4.6,0.0,0.05405405405405406,2,0.2879089456421182,False,False,False,False
32b8764b4ef628b53608fc34011fcc13,SC,36,8884.0,2970.42,4.194444444444445,0.027777777777777776,0.05555555555555555,2,0.2505748910532949,False,False,False,False
3586b8580d9c917874e053a1bb37b5ff,SP,36,1524.6999999999998,827.65,4.416666666666667,0.027777777777777776,0.05555555555555555,2,0.35183964971199017,False,False,False,False
f181738b150df1f37cb0bd72e705b193,SP,36,5529.7,1103.05,4.472222222222222,0.08333333333333333,0.05555555555555555,2,0.16630356940937016,False,True,False,False
42bde9fef835393bb8a8849cb6b7f245,DF,34,7574.0,767.37,4.352941176470588,0.029411764705882353,0.058823529411764705,2,0.09199567936681863,False,False,False,False
e49c26c3edfa46d227d5121a6b6e4d37,PE,34,3624.35,1141.31,4.5588235294117645,0.0,0.058823529411764705,2,0.23948624115022893,False,False,False,False
1caf283236cd69af44cbc09a0a1e7d32,RJ,33,917.6,612.65,4.606060606060606,0.09090909090909091,0.06060606060606061,2,0.40035941839568695,False,True,False,False
3340ef1913fb70d28420f6ceb685c339,PR,32,6731.150000000001,750.4,4.375,0.03125,0.0625,2,0.10030007150924607,False,False,False,False
7b0df942f46435babab05d49b744b2c4,SP,32,22600.63,672.15,4.387096774193548,0.09375,0.0625,2,0.028881379878123708,False,True,False,False
f62d7bb4a613ec758a03342d46b580b2,MG,32,24665.0,2125.59,4.375,0.09375,0.0625,2,0.07934091783719582,False,True,False,False
fad44952713764836814be105382aee5,RJ,32,5129.0,507.88,4.28125,0.0,0.0625,2,0.09009948765984019,False,False,False,False
0ebd97a106433a45a4aebe57c1799778,MG,31,3046.8,614.88,4.483870967741935,0.0,0.06451612903225806,2,0.1679229206265976,False,False,False,False
9baf5cb77970f539089d09a38bcec5c3,SP,31,5989.68,531.66,4.419354838709677,0.0,0.06451612903225806,2,0.08152618940279144,False,False,False,False
cd6efc47efaabf134f8bdb654e10b4f1,RJ,31,4158.55,598.61,4.483870967741935,0.06451612903225806,0.06451612903225806,2,0.12583348047995022,False,False,False,False
f67efa3f0b6761102a7f8c6b7b571f5d,PR,31,5188.68,841.49,4.483870967741935,0.0,0.06451612903225806,2,0.1395466462802873,False,False,False,False
b2ac621f0d0322434d04a12b078b9369,PR,30,9575.5,781.39,4.4,0.1,0.06666666666666667,2,0.07544639365678307,False,True,False,False
b335c59ab742f751a85db9c411a86739,MG,30,2494.11,544.93,4.033333333333333,0.03333333333333333,0.06666666666666667,2,0.1793099136569443,False,False,False,False
c8b3445d737de6befde0c88ede534a5e,SP,30,3149.04,651.75,4.433333333333334,0.03333333333333333,0.06666666666666667,2,0.1714775086232073,False,False,False,False
e38db885400cd35c71dfd162f2c1dbcf,DF,30,2066.8,670.75,4.466666666666667,0.1,0.06666666666666667,2,0.24501835582911727,False,True,False,False
1b938a7ec6ac5061a66a3766e0e75f90,SP,29,3859.8,859.65,4.413793103448276,0.0,0.06896551724137931,2,0.18215046244795474,False,False,False,False
323ce52b5b81df2cd804b017b7f09aa7,SP,29,2374.3,393.35,4.428571428571429,0.13793103448275862,0.06896551724137931,2,0.1421241847776995,False,True,False,False
3361277dc30b7cccdb0c286b24219756,PR,29,3905.05,635.85,4.344827586206897,0.06896551724137931,0.06896551724137931,2,0.1400273073619767,False,True,False,False
d4e12e7884759a14fa0f5f896c791cae,SP,29,1400.0,439.67,4.620689655172414,0.06896551724137931,0.06896551724137931,2,0.23899395000190252,False,True,False,False
817245bcc3badd82bbd222e0366951a6,SP,28,5345.6,699.23,4.111111111111111,0.03571428571428571,0.07142857142857142,2,0.11567405534977825,False,False,False,False
bf00385a5f7fc1ef39a13c2e9ee50a5f,SP,28,855.4,333.85,4.428571428571429,0.0,0.07142857142857142,2,0.28072314483918437,False,False,False,False
1f1bb1f0859883505541bdd6606193e5,SP,27,16040.84,522.03,4.333333333333333,0.1111111111111111,0.07407407407407407,2,0.03151808835063005,False,True,False,False
5f5b43b2bffa8656e4bc6efeb13cc649,SP,27,3677.2,555.45,4.407407407407407,0.037037037037037035,0.07407407407407407,2,0.1312298441874476,False,False,False,False
73a63f72308aa20a46f4b1632018f196,PR,27,7640.8,997.3,4.1923076923076925,0.0,0.07407407407407407,2,0.11545362984915664,False,False,False,False
06df0c10d34e459d9672bc77388742eb,PR,26,9070.0,525.77,4.346153846153846,0.038461538461538464,0.07692307692307693,2,0.05479185099267698,False,False,False,False
4bfc7a4a1cf8d4d2121c27422d9e50b5,SP,26,8124.4,1067.19,4.538461538461538,0.038461538461538464,0.07692307692307693,2,0.11610504820167132,False,False,False,False
77a515caa36327151d1cc6c32a9f00e1,SP,26,2217.39,396.19,4.423076923076923,0.11538461538461539,0.07692307692307693,2,0.15158900818035032,False,True,False,False
8d79c8a04e42d722a75097ce5cbcf2ef,CE,26,2627.82,719.43,4.576923076923077,0.07692307692307693,0.07692307692307693,2,0.21493166031817162,False,True,False,False
df560393f3a51e74553ab94004ba5c87,PR,26,3429.78,570.11,3.8846153846153846,0.07692307692307693,0.07692307692307693,2,0.14253141961403937,False,True,False,False
15aac934c58d886785ac1b17953ea898,ES,25,4353.9,665.7,4.24,0.12,0.08,2,0.13262012909395174,False,True,False,False
5debea795b07621e1f90532e18f96145,PR,25,1883.78,504.35,4.36,0.0,0.08,2,0.21119034558420186,False,False,False,False
916748bc99315c2d202898ae58b1617e,SP,25,369.40000000000003,377.11,4.28,0.0,0.08,2,0.5051640299527134,False,False,False,False
b2a6d334e2833acea353624840e25a0e,SP,25,1650.98,387.61,4.48,0.0,0.08,2,0.19013631971117292,False,False,False,False
c8417879a15366a17c30af34c798c332,SP,25,1734.7,458.15,4.291666666666667,0.04,0.08,2,0.2089290193127665,False,False,False,False
e48b04bf1aa1ef711caebeb7aede6180,PR,25,3187.1000000000004,645.63,4.48,0.0,0.08,2,0.1684517302288447,False,False,False,False
f7496d659ca9fdaf323c0aae84176632,SP,25,4837.67,804.26,4.56,0.04,0.08,2,0.14255051019775147,False,False,False,False
2199e7fe213c16213bf5d6a7eadc9a5d,SP,24,3767.29,541.8100000000001,4.375,0.041666666666666664,0.08333333333333333,2,0.12573623262398181,False,False,False,False
7ecd59e5e20407131822c1a68ac59c1f,DF,24,1466.71,587.8100000000001,4.416666666666667,0.125,0.08333333333333333,2,0.28610575706247693,False,True,False,False
6426d21aca402a131fc0a5d0960a3c90,SP,23,1209.64,384.18,4.173913043478261,0.0,0.08695652173913043,2,0.24104353063708572,False,False,False,False
e7df4cd29ab5abab70fb0783ddb53987,SP,23,9608.699999999999,413.37,4.304347826086956,0.08695652173913043,0.08695652173913043,2,0.04124597014389243,False,True,False,False
0d33a55da925bbf1ff02af5f6059fc7f,SP,22,547.3,385.61,4.454545454545454,0.045454545454545456,0.09090909090909091,2,0.413341051119615,False,False,False,False
4200ddf1967c5e41e48db62bc6d4b5ac,SP,22,734.8,487.93,4.2631578947368425,0.045454545454545456,0.09090909090909091,2,0.39904966754720994,False,False,False,False
5670f4db5b62c43d542e1b2d56b0cf7c,SP,22,6630.09,582.5600000000001,4.409090909090909,0.045454545454545456,0.09090909090909091,2,0.0807692041066737,False,False,False,False
730937bf88cb151eb2eb849f642fc213,SP,22,2821.2,455.97,4.409090909090909,0.045454545454545456,0.09090909090909091,2,0.13913529050979961,False,False,False,False
7901646fdd36a55f564ffaf2dbccaaf7,RJ,22,11857.08,621.75,4.5,0.09090909090909091,0.09090909090909091,2,0.049824382574327884,False,True,False,False
7b1222c3624aa89b9558b50a2594188c,SP,22,10103.52,457.57,4.454545454545454,0.13636363636363635,0.09090909090909091,2,0.043326020325553515,False,True,False,False
8fdca8e349553f99bc738833a62c8802,SP,22,989.34,380.88,4.190476190476191,0.045454545454545456,0.09090909090909091,2,0.2779699610281561,False,False,False,False
e9511df20ccd82658a30c37b7fb343af,SP,22,2096.6,726.5,4.318181818181818,0.0,0.09090909090909091,2,0.25734122064397297,False,False,False,False
412a4720f3e9431b4afa1476a1acddbe,SP,21,2058.1,511.06,4.238095238095238,0.047619047619047616,0.09523809523809523,2,0.1989210481246789,False,False,False,False
52f9db5cfb423382a2fa5c9e39303202,SP,21,1218.78,345.75,4.285714285714286,0.0,0.09523809523809523,2,0.22099288604245365,False,False,False,False
55d3daac7c404d59e51c2aa2f4dc5a23,SP,21,4480.6,1309.88,4.095238095238095,0.0,0.09523809523809523,2,0.22621268012323675,False,False,False,False
7c5b05cbdb5542049f38d90d7815b97d,SP,21,993.97,298.92,4.523809523809524,0.047619047619047616,0.09523809523809523,2,0.23120296390257486,False,False,False,False
bd697db56ff8e7c9cd1abeb7f72029b2,SP,21,2869.79,329.14,4.333333333333333,0.0,0.09523809523809523,2,0.10289065406245214,False,False,False,False
e6a69c4a27dfdd98ffe5aa757ad744bc,SP,21,508.51,275.83,4.285714285714286,0.0,0.09523809523809523,2,0.35167146900578833,False,False,False,False
04e38a233f726ef161074ab1c9b0399a,SP,19,991.6,355.67,4.105263157894737,0.05263157894736842,0.10526315789473684,2,0.26399311199685294,False,False,False,False
65b081a070633e057c462abdd6fb9dd8,GO,19,1885.09,441.58,4.315789473684211,0.0,0.10526315789473684,2,0.1897905590393137,False,False,False,False
67883baaae6134ee81b271a542613728,SP,19,8167.9,328.12,4.105263157894737,0.05263157894736842,0.10526315789473684,2,0.03862043639256969,False,False,False,False
7bac63f6603d382cc8d0832eb6c100a8,SP,19,7751.95,362.65,4.0,0.10526315789473684,0.10526315789473684,2,0.04469105069874054,False,True,False,False
888faa8bfb0b159c37de6d898b961c31,SC,19,2418.2999999999997,526.7,4.2105263157894735,0.0,0.10526315789473684,2,0.17884550084889644,False,False,False,False
ce69a8021d18961dd2a40269b7c2c293,PR,19,4818.0,471.05,4.473684210526316,0.05263157894736842,0.10526315789473684,2,0.08906136262655864,False,False,False,False
d9442042130b7fe579d1295f9f4a248f,SP,19,772.16,338.88,4.368421052631579,0.05263157894736842,0.10526315789473684,2,0.3050115207373272,False,False,False,False
e24d3429d294b2eb200b064ebb035879,SP,19,1878.58,372.12,4.2631578947368425,0.05263157894736842,0.10526315789473684,2,0.1653352290398543,False,False,False,False
e84ad2127668df3aafc6b73531a0beb8,SP,19,987.0,286.73,4.368421052631579,0.05263157894736842,0.10526315789473684,2,0.22511050222574644,False,False,False,False
eb5b6204dde3a6e03b5f1bb8479f055b,SP,19,452.2,275.13,3.9473684210526314,0.05263157894736842,0.10526315789473684,2,0.37827396092557714,False,False,False,False
33c51922b6e3c16b24a8f28e5833c99d,PR,18,6657.87,368.01,4.235294117647059,0.05555555555555555,0.1111111111111111,2,0.05237920374387265,False,False,False,False
54c04bdb5ec46762f8f08c7e8f86ed4a,SC,18,3281.66,476.12,4.333333333333333,0.1111111111111111,0.1111111111111111,2,0.12670246794650034,False,True,False,False
59417c56835dd8e2e72f91f809cd4092,SP,18,36459.0,1198.77,4.277777777777778,0.0,0.1111111111111111,2,0.03183327106198801,False,False,False,False
822bad9bc42b51213ba522fe87b7ab5d,SC,18,5160.0,527.34,4.111111111111111,0.2777777777777778,0.1111111111111111,2,0.09272172931458292,False,True,False,False
b4f8921fcc4ff77b66bea6dda43dcd51,RS,18,11395.05,1468.3600000000001,4.555555555555555,0.05555555555555555,0.1111111111111111,2,0.11415013592818701,False,False,False,False
bc2ac6b95e1accce9858528ee566c17e,SP,18,2045.0,234.56,4.555555555555555,0.0,0.1111111111111111,2,0.10289705030795417,False,False,False,False
dfc475d54e1b6dbeeb7d7d9bdaa63827,PR,18,1708.37,413.76,4.5,0.0,0.1111111111111111,2,0.19497391771474884,False,False,False,False
f5f2ab9bdb6b30c14c61be68c5ed37da,SP,18,2134.6800000000003,339.87,4.277777777777778,0.05555555555555555,0.1111111111111111,2,0.1373461841546948,False,False,False,False
fbc14c0cf93505ef89f64665ffa4a7b5,SP,18,12227.82,531.11,4.176470588235294,0.05555555555555555,0.1111111111111111,2,0.04162653137841496,False,False,False,False
ffdd9f82b9a447f6f8d4b91554cc7dd3,PR,18,2101.2,727.46,4.333333333333333,0.0,0.1111111111111111,2,0.2571747753353178,False,False,False,False
1430239a858e7682bbc43b20758af153,SP,17,633.99,254.65,4.176470588235294,0.0,0.11764705882352941,2,0.2865614872164206,False,False,False,False
3dbbce181edfaa4a597ec858c382d2ec,PR,17,848.3,440.27,4.235294117647059,0.058823529411764705,0.11764705882352941,2,0.34167332779748094,False,False,False,False
4305fe92735c8a43d154ff6dd2b8d927,MG,17,2606.1000000000004,393.54,4.176470588235294,0.0,0.11764705882352941,2,0.1311957434892187,False,False,False,False
5bc24d989e71e93c33e50a7782431b0e,MG,17,3148.0,588.53,4.352941176470588,0.0,0.11764705882352941,2,0.1575070988323391,False,False,False,False
8602a61d680a10a82cceeeda0d99ea3d,SP,17,826.99,252.91,4.411764705882353,0.0,0.11764705882352941,2,0.23419761088989718,False,False,False,False
863d2ebcd347ce4922de7a0f9a5581d6,RJ,17,1312.36,293.21999999999997,4.0588235294117645,0.11764705882352941,0.11764705882352941,2,0.18262559324356306,False,True,False,False
87d30a6a0cbf89356e49324971ab1d24,SP,17,2134.13,215.78,4.352941176470588,0.058823529411764705,0.11764705882352941,2,0.09182479328995577,False,False,False,False
b64d51f0435e884e8de603b1655155ae,SP,17,416.17999999999995,357.36,4.294117647058823,0.11764705882352941,0.11764705882352941,2,0.4619799881066267,False,True,False,False
bba3293d6f5d5af2f415e004e8b93ae3,SP,17,11702.1,326.69,4.294117647058823,0.058823529411764705,0.11764705882352941,2,0.02715900768073929,False,False,False,False
c4d51195486dc781531876a7d00453d8,SP,17,11468.98,569.37,3.9411764705882355,0.29411764705882354,0.11764705882352941,2,0.04729634875211304,False,True,False,False
e81e1f9c3e762e620f3fb60a51499e16,SC,17,4465.99,513.5,4.0,0.058823529411764705,0.11764705882352941,2,0.10312301058943787,False,False,False,False
f63d8f293af3a6454377546bd9dd19ff,SP,17,1751.8200000000002,495.13,4.470588235294118,0.058823529411764705,0.11764705882352941,2,0.2203564832328267,False,False,False,False
ffa6adafb71b807dc13159e26431354c,PR,17,2500.9,516.48,3.9411764705882355,0.0,0.11764705882352941,2,0.17116836460770601,False,False,False,False
3092c0b297aacfb4bb6e056ebe13b9b8,SP,16,1184.3000000000002,313.98,4.125,0.0,0.125,2,0.20956029580585736,False,False,False,False
343e716476e3748b069f980efbaa294e,SP,16,876.6999999999999,303.03,4.266666666666667,0.0625,0.125,2,0.2568638586795283,False,False,False,False
4736e9d642ef4257cd7622516931eb51,SP,16,1078.8700000000001,370.90000000000003,4.125,0.0,0.125,2,0.2558336839636632,False,False,False,False
5b33b527da3c5b969cc99dc435cad09a,PR,16,1872.79,365.55,4.125,0.0625,0.125,2,0.16331299087716789,False,False,False,False
6c12e40690c335dbc2f68a4134d30dc1,PR,16,9139.2,485.06,4.071428571428571,0.0,0.125,2,0.05039971904333424,False,False,False,False
a425f92c199eb576938df686728acd20,PR,16,1106.3,293.39,4.5,0.0,0.125,2,0.2096106995120348,False,False,False,False
afa6714acee029b2dfdf357e5579cc03,SP,16,3220.7599999999998,382.82,4.25,0.125,0.125,2,0.10623324582776017,False,True,False,False
cf2384dd2f1dddea3f838efed0945e65,SP,16,2101.5,433.44,3.9375,0.0,0.125,2,0.1709862955336221,False,False,False,False
dbdd0ec73a4817971d962698f2fea022,CE,16,6384.0,1790.8,4.375,0.0625,0.125,2,0.2190634633263199,False,False,False,False
e3a386fc36e22064434e1fa256f6a9fa,SP,16,793.9,253.25,4.1875,0.125,0.125,2,0.24184691782457143,False,True,False,False
fe49ee029e61e789a1f3a5525f57ba8d,SP,16,2473.69,217.46,4.25,0.0625,0.125,2,0.08080560355238467,False,False,False,False
2646baaf662d4d92ac48f047e35db92d,SP,15,1263.05,286.34,4.466666666666667,0.06666666666666667,0.13333333333333333,2,0.18480821484584256,False,False,True,False
81336a0f57a33776419727a300249e90,SP,15,1351.9,277.79999999999995,4.066666666666666,0.13333333333333333,0.13333333333333333,2,0.17046082101000182,False,True,True,False
8b8cfc8305aa441e4239358c9f6f2485,PR,15,11892.0,1218.7,4.2,0.13333333333333333,0.13333333333333333,2,0.09295460959369065,False,True,True,False
921323538c9f1c4e816f2720eac02bea,SP,15,1401.84,240.36,3.933333333333333,0.2,0.13333333333333333,2,0.14636463280964562,False,True,True,False
9a84ba99f5367fdbd4598363496f1ea2,GO,15,2223.38,415.07,3.8,0.0,0.13333333333333333,2,0.15731584832003637,False,False,True,False
a066df7361163e7ddc5d7452dd17448b,SP,15,1078.3,266.32,4.4,0.2,0.13333333333333333,2,0.19806339337507997,False,True,True,False
ba5daa4041e1f15cdf34b76e3e18a450,SP,15,806.8000000000001,152.55,4.266666666666667,0.0,0.13333333333333333,2,0.15901391567206963,False,False,True,False
014c0679dd340a0e338872e7ec85666a,MG,14,7058.0,628.3100000000001,3.857142857142857,0.14285714285714285,0.14285714285714285,2,0.08174403582473255,False,True,True,False
2e3be8a987a30d7544dbbda6861cc14e,MG,14,2472.86,278.05,3.7857142857142856,0.07142857142857142,0.14285714285714285,2,0.1010756440596021,False,True,True,False
7c1fea10b5b006671d608b1d7c446ec4,SP,14,423.59999999999997,224.15,4.0,0.07142857142857142,0.14285714285714285,2,0.34604399845619455,False,True,True,False
b6e1504972665f739dec4facb9943775,SP,14,1484.48,225.89,4.357142857142857,0.07142857142857142,0.14285714285714285,2,0.13207083847354667,False,True,True,False
c89cf7c468a48af70aada384e722f9e2,RJ,14,745.0,226.01,4.0,0.07142857142857142,0.14285714285714285,2,0.2327576441025324,False,True,True,False
df0f42bc4c2142eacf0eaf2cffd0cfbb,SC,14,1654.0,292.45,4.142857142857143,0.0,0.14285714285714285,2,0.15024788717922372,False,False,True,False
ffeee66ac5d5a62fe688b9d26f83f534,SP,14,1839.8600000000001,419.69,4.214285714285714,0.14285714285714285,0.14285714285714285,2,0.18574052355557522,False,True,True,False
0ac4201fda2c68ebc0e47cb9423cf3c9,SP,13,1676.88,233.99,4.230769230769231,0.07692307692307693,0.15384615384615385,2,0.1224520768027129,False,True,True,False
36890be00bbfc1cdb9a4a38a6af05a69,SP,13,1361.3,239.57999999999998,4.230769230769231,0.15384615384615385,0.15384615384615385,2,0.14965518964569488,False,True,True,False
596849622429351f47b32e6cae1055ff,SP,13,1069.8,153.1,4.083333333333333,0.0,0.15384615384615385,2,0.12519421048327747,False,False,True,False
5abb8ea023c77787f2c15da891c8d384,SC,13,2241.0,746.2,3.923076923076923,0.23076923076923078,0.15384615384615385,2,0.24979914301017678,False,True,True,False
655220df33262c7e0c4949a147366f94,SP,13,2245.0,681.53,4.076923076923077,0.15384615384615385,0.15384615384615385,2,0.23287989530262804,False,True,True,False
6f229cc508fc6915ed5c499efd93baa4,RJ,13,2654.8,333.88,4.384615384615385,0.15384615384615385,0.15384615384615385,2,0.11171487077907302,False,True,True,False
7c4618c82226628831613e95e9c22f44,SP,13,333.92999999999995,165.54,4.076923076923077,0.07692307692307693,0.15384615384615385,2,0.33143131719622804,False,True,True,False
8629c241b3622ac12cd4118afdc8d394,SP,13,1167.66,334.36,4.076923076923077,0.07692307692307693,0.15384615384615385,2,0.22260688938895623,False,True,True,False
1d503743d2526f03f0c2c89540ee008c,SP,12,516.04,204.49,3.9166666666666665,0.08333333333333333,0.16666666666666666,2,0.28380497689201006,False,True,True,False
41ab63a91b8b264e8c8780368bf1dd5b,MG,12,2571.95,302.27,4.25,0.0,0.16666666666666666,2,0.10516592327657591,False,False,True,False
4324dd16853115efb0fd9d0d131ba6f4,SP,12,1052.25,327.21999999999997,4.083333333333333,0.08333333333333333,0.16666666666666666,2,0.23720704328473977,False,True,True,False
62c50c1af4dfdc4149d25c5222043d39,SP,12,2325.83,281.95,4.083333333333333,0.0,0.16666666666666666,2,0.10811878302617553,False,False,True,False
8476243f92442881ddd5b578975cf115,RS,12,7838.0,275.03,4.083333333333333,0.08333333333333333,0.16666666666666666,2,0.03389978836513608,False,True,True,False
b8630e1121437d41cb08e3c749c2c2e2,RJ,12,6988.0,346.1,4.333333333333333,0.08333333333333333,0.16666666666666666,2,0.047190520990987306,False,True,True,False
bd15ee794d5e640d9dd71b665b2ab15b,SP,12,374.79999999999995,219.32999999999998,4.0,0.16666666666666666,0.16666666666666666,2,0.36916163129281476,False,True,True,False
c510bc1718f0f2961eaa42a23330681a,SP,12,10141.0,710.45,4.25,0.0,0.16666666666666666,2,0.06547051315722784,False,False,True,False
cd3d09fbe6e3e9ff0c0ac0c300e93ae7,SP,12,651.04,229.19,4.166666666666667,0.08333333333333333,0.16666666666666666,2,0.2603751292275882,False,True,True,False
d1c7fa84e48cfa21a0e595167c1c500e,RS,12,1156.03,321.35,4.333333333333333,0.0,0.16666666666666666,2,0.21751343594742042,False,False,True,False
014d9a685fd57276679edd00e07089e5,PR,11,729.88,146.93,3.727272727272727,0.0,0.18181818181818182,2,0.16757336253008065,False,False,True,False
0249d282d911d23cb8b869ab49c99f53,SP,11,393.0,138.88,4.2727272727272725,0.18181818181818182,0.18181818181818182,2,0.2611115289162969,False,True,True,False
04aa0a1c5ce6b222003403a3e11c3cc0,SP,11,5518.0,821.51,4.090909090909091,0.18181818181818182,0.18181818181818182,2,0.1295857250796986,False,True,True,False
058cb5aeb36d7c0fcae20fc85d5e0a59,RJ,11,1236.0,747.82,3.8181818181818183,0.09090909090909091,0.18181818181818182,2,0.37695960318980554,False,True,True,False
31ae0774c17fabd06ff707cc5bde005f,SP,11,6719.85,850.82,4.0,0.09090909090909091,0.18181818181818182,2,0.11238371240590331,False,True,True,False
3f8034bfc6b8b4135534975d49f04c63,PR,11,1273.9,249.03,4.0,0.0,0.18181818181818182,2,0.16352031938434464,False,False,True,False
512d298ac2a96d1931b6bd30aa21f61d,RJ,11,7401.94,321.93,4.2727272727272725,0.0,0.18181818181818182,2,0.041679883270950964,False,False,True,False
5b581417df4480f632484ba681e53944,SC,11,1641.6,572.41,3.727272727272727,0.18181818181818182,0.18181818181818182,2,0.2585399343273066,False,True,True,False
723cd880edaacdb998898b67c8f9da30,SP,11,2136.5299999999997,413.1,4.090909090909091,0.09090909090909091,0.18181818181818182,2,0.16202350929350537,False,True,True,False
7b7f91e98f8c6def45a1407923304402,SP,11,417.47,203.02,4.181818181818182,0.09090909090909091,0.18181818181818182,2,0.3271930248674435,False,True,True,False
87b740daf17b5d1be335a64164ec6842,SP,11,12099.89,1254.94,3.727272727272727,0.09090909090909091,0.18181818181818182,2,0.09396899848219709,False,True,True,False
8ca1551acf9832a4cf467bbbac15851f,PR,11,2176.4,266.54,3.909090909090909,0.09090909090909091,0.18181818181818182,2,0.10910624084095394,False,True,True,False
9df5750209b83567ec144eb299d7d634,RS,11,4917.0,259.3,4.0,0.09090909090909091,0.18181818181818182,2,0.05009369626953616,False,True,True,False
a23266650e7c84bb93fbbba502137478,RS,11,1512.4,279.03999999999996,3.8181818181818183,0.0,0.18181818181818182,2,0.15576296163979814,False,False,True,False
a369d693961cb93b61ca2cc518872a85,SP,11,2597.0,616.79,3.909090909090909,0.0,0.18181818181818182,2,0.19191982052343182,False,False,True,False
bc302730ea8cf49b5c74f579febb5bbf,SP,11,2640.9,289.27,3.8181818181818183,0.09090909090909091,0.18181818181818182,2,0.0987212346041356,False,True,True,False
c4fabeea6e569d42d02993bb1f4f1cbc,CE,11,859.3000000000001,277.22,4.0,0.09090909090909091,0.18181818181818182,2,0.24392003660296346,False,True,True,False
c5f7feb04a6a1fb3596322bfc3cf1917,SP,11,1720.6,337.86,4.2727272727272725,0.09090909090909091,0.18181818181818182,2,0.16413240966547807,False,True,True,False
cb6c9f5888a7a090c75beaf615925792,ES,11,779.8900000000001,229.08,3.8181818181818183,0.0,0.18181818181818182,2,0.22704342051795393,False,False,True,False
eb4df17aed01d918c65f0f8d650900c0,SP,11,3739.87,185.59,3.909090909090909,0.2727272727272727,0.18181818181818182,2,0.04727853550921421,False,True,True,False
1b1ae47a313a825a7ccceb8e2e30fa9d,PR,10,2184.0,229.37,4.222222222222222,0.0,0.2,2,0.09504137368078662,False,False,True,False
26af45f5dfd967225a832838aa4e24a3,PR,10,573.1,198.51,4.1,0.0,0.2,2,0.2572672723266935,False,False,True,False
5075aaa8404020ae6aa8bf4792099b41,MG,10,1572.88,299.27,3.9,0.0,0.2,2,0.15985364420585957,False,False,True,False
5ab05b6d86d417796c69ffd6774ec832,SP,10,1886.1,256.75,3.8,0.1,0.2,2,0.11981706605688686,False,True,True,False
5ef131ac72773e5b3f6c0d63cf424657,SP,10,575.79,246.2,4.1,0.0,0.2,2,0.29951702575457123,False,False,True,False
acb6c2ca5c82411c1fdb88d5fd5eb95e,SP,10,413.88,161.61,3.9,0.0,0.2,2,0.2808215607569202,False,False,True,False
cb9fb4ca75d7ba8437480e8dde64fe98,SP,10,532.14,173.42000000000002,4.0,0.0,0.2,2,0.2457905776971484,False,False,True,False
f5f1f2c5f923f36ad79ea1d07185ddc9,SP,10,1517.77,173.73,3.7,0.1,0.2,2,0.10270765592669227,False,True,True,False
fdaaf5bfda82b7b80535610c831b8d09,SP,10,2588.8999999999996,259.42,4.2,0.1,0.2,2,0.0910782496348725,False,True,True,False
3c3017960b2dbd72711a61f0400aab8f,SC,9,878.9000000000001,228.72,3.888888888888889,0.0,0.2222222222222222,2,0.20649681298640327,False,False,True,False
3f0e48d209018b466fcd3bb4ccfeb520,PR,9,5399.0,255.79999999999998,3.888888888888889,0.0,0.2222222222222222,2,0.04523590577916106,False,False,True,False
6c99c983ce3b6ba0ab813e6790e81691,MG,9,546.75,205.76,3.7777777777777777,0.0,0.2222222222222222,2,0.2734315823045541,False,False,True,False
7813ea3ebd9411dc600b4dd01f7a97b9,SP,9,1599.4,146.59,3.888888888888889,0.1111111111111111,0.2222222222222222,2,0.08395809827089502,False,True,True,False
9e6967d3cf386d284251784b18ccb485,SP,9,517.67,137.23,3.888888888888889,0.1111111111111111,0.2222222222222222,2,0.20954344174683157,False,True,True,False
b0b346d3a89f5eb4c2968af3f083cd43,SP,9,469.0,160.70000000000002,3.7777777777777777,0.3333333333333333,0.2222222222222222,2,0.255200889312371,False,True,True,False
c24173065483e421f9e5e7f599de101d,SP,9,373.91,117.3,3.5555555555555554,0.1111111111111111,0.2222222222222222,2,0.23879807007186332,False,True,True,False
c500367424994318b9e779ff1ae9a330,SP,9,4346.4,311.98999999999995,3.7777777777777777,0.1111111111111111,0.2222222222222222,2,0.06697378278761547,False,True,True,False
c840d3fdbba0790404fdae73d253b253,PR,9,4522.280000000001,359.65,3.5555555555555554,0.0,0.2222222222222222,2,0.07366963475510709,False,False,True,False
c878515173c84a492ebe50d6b493230b,PR,9,1118.84,189.2,4.111111111111111,0.2222222222222222,0.2222222222222222,2,0.1446438946821198,False,True,True,False
d3dcf0604eabf0224fbd5948b5e02f69,SP,9,2902.2999999999997,165.10999999999999,3.888888888888889,0.3333333333333333,0.2222222222222222,2,0.05382717015332153,False,True,True,False
ea65d8b58316a6f2362f2a9e4b3e86ad,SP,9,2061.4,230.82,4.0,0.0,0.2222222222222222,2,0.100697140763103,False,False,True,False
04fdea0c111866e6cf812f1570d6b5bd,SP,8,865.0,173.35,3.5,0.125,0.25,2,0.16694756103433334,False,True,True,False
07017df32dc5f2f1d2801e579548d620,PB,8,946.49,181.75,4.0,0.0,0.25,2,0.16109161171381975,False,False,True,False
1976a05ecf2996d6ffb7b5430e635fe7,SP,8,1796.2,394.46000000000004,3.875,0.25,0.25,2,0.18006445546091135,False,True,True,False
3492e68f37fd1df87f4f2f2ea247f445,SP,8,787.86,169.4,3.875,0.0,0.25,2,0.17696341641769217,False,False,True,False
3968920b9aa752ab98f7d5888c9252f2,SP,8,523.3,157.71,3.875,0.125,0.25,2,0.23158250245958212,False,True,True,False
3d4824f20035949c710eaf111f869d39,SP,8,449.97,125.6,4.0,0.125,0.25,2,0.21821846169883766,False,True,True,False
6e0908ef4d4efadbc3cc2b74ea477cb0,RJ,8,589.4499999999999,160.82999999999998,3.75,0.125,0.25,2,0.21435997227701656,False,True,True,False
9198786624eaeb375793215cad26cfa6,SC,8,854.4,198.3,4.0,0.0,0.25,2,0.1883727557708749,False,False,True,False
92d14edfb62ee5ae7fdff70b0f4e7233,SP,8,322.0,165.65,3.375,0.0,0.25,2,0.33969035168666056,False,False,True,False
a5259c149128e82c9d6d46e0c1c812bb,RO,8,1182.26,438.87,3.875,0.0,0.25,2,0.27071857284733486,False,False,True,False
c33a5c3c983090c8b78a28e65052a20d,SC,8,559.2,128.13,4.125,0.0,0.25,2,0.18641700493212865,False,False,True,False
c990d6cf976a5718aaedc539f383ab88,SP,8,183.1,115.35,3.625,0.375,0.25,2,0.3864969006533758,False,True,True,False
2bf28e311bba65237358230cabac3f15,PR,7,294.0,183.88,3.7142857142857144,0.2857142857142857,0.2857142857142857,2,0.38478279065874277,False,True,True,False
37dd29b36c458d82f74a953c40c43645,SP,7,4536.99,479.44,3.857142857142857,0.14285714285714285,0.2857142857142857,2,0.09557394401995045,False,True,True,False
4cf490a58259286ada5ba8525ba9e84a,SP,7,1075.3,142.55,3.4285714285714284,0.0,0.2857142857142857,2,0.11705053988586445,False,False,True,False
4ef4c39cf3c24f326434cf0b2e48046a,SP,7,792.0,109.51,3.7142857142857144,0.14285714285714285,0.2857142857142857,2,0.12147397144790407,False,True,True,False
51ed72984a04e5dd35c2b27e77179038,SP,7,1294.3,198.93,3.5714285714285716,0.14285714285714285,0.2857142857142857,2,0.13322127200766123,False,True,True,False
52a52b9f656520e99716f5bc40f661c8,SP,7,783.0999999999999,148.12,4.0,0.0,0.2857142857142857,2,0.15906015764266232,False,False,True,False
7daca0837f033a41a6f3428c18657533,SP,7,1228.98,168.16,3.5714285714285716,0.2857142857142857,0.2857142857142857,2,0.12036016433571438,False,True,True,False
8378eb36b6b70c5734e83ad7b8cdc3b7,SC,7,1714.8,241.87,3.857142857142857,0.14285714285714285,0.2857142857142857,2,0.12361307732014085,False,True,True,False
a414555ce331b8c8aea4a9cb8395194d,SP,7,1450.95,242.64,3.3333333333333335,0.0,0.2857142857142857,2,0.1432696225178467,False,False,True,False
c447f8dd3ed213f291d65ef074a268eb,SP,7,655.0,122.22999999999999,3.7142857142857144,0.0,0.2857142857142857,2,0.1572636156607439,False,False,True,False
d5b9a084373da994a6e37f732169a853,SP,7,1769.0,176.29000000000002,3.5714285714285716,0.14285714285714285,0.2857142857142857,2,0.09062402006898715,False,True,True,False
dc7192adf8ba09569261f4a8d576afe0,SP,7,917.0,161.43,3.857142857142857,0.0,0.2857142857142857,2,0.14968982687796148,False,False,True,False
f3295428338a40977a03f555246a70f4,ES,7,644.98,124.4,3.5714285714285716,0.14285714285714285,0.2857142857142857,2,0.16168863240531337,False,True,True,False
0307f7565ff85b299b6e5ef162b1b1a9,SP,6,4711.9,256.99,3.5,0.0,0.3333333333333333,2,0.051719800599329034,False,False,True,False
0873d9f8f36123f8d910f4760e788cfb,SP,6,7265.59,161.06,3.1666666666666665,0.3333333333333333,0.3333333333333333,2,0.021686763210868962,False,True,True,False
13511db12ac61e2f89c53b72a944a60b,RS,6,798.0,265.97,3.5,0.0,0.3333333333333333,2,0.24997885278720267,False,False,True,False
3364a91ec4d56c98e44174de954b94f6,RO,6,3579.94,273.91,3.8333333333333335,0.0,0.3333333333333333,2,0.07107438016528926,False,False,True,False
3afc536624bc2e65bddfb5db33cc01f3,MG,6,312.0,107.07000000000001,3.5,0.0,0.3333333333333333,2,0.25549430882668767,False,False,True,False
3f2af2670e104d1bcb54022274daeac5,PR,6,973.6,360.58,3.3333333333333335,0.16666666666666666,0.3333333333333333,2,0.2702633827519525,False,True,True,False
52f976b17ea7f2f087f56dcc419328f6,PR,6,7630.0,862.65,3.6666666666666665,0.0,0.3333333333333333,2,0.10157606871824461,False,False,True,False
71271995e85f5b8530be99ed54a91b89,RS,6,582.0,92.15,3.0,0.16666666666666666,0.3333333333333333,2,0.1366906474820144,False,True,True,False
89c127985a8b130cfa45c1d36764017a,SP,6,1334.67,107.02,3.4,0.0,0.3333333333333333,2,0.07423232456353307,False,False,True,False
8a40ae794fa3f9892cee24bd5af0488b,PR,6,739.85,206.41,3.1666666666666665,0.3333333333333333,0.3333333333333333,2,0.21813243717371547,False,True,True,False
9da1ca0bef29ee170e541927a5aeabdc,SP,6,1484.3999999999999,127.63,3.0,0.16666666666666666,0.3333333333333333,2,0.07917346451368772,False,True,True,False
bc503e244f187939d10c92a5c8e378ce,SP,6,430.31,173.41,3.5,0.0,0.3333333333333333,2,0.28723580467766513,False,False,True,False
bdae679a9b282249bc23b9b69dae9a99,DF,6,663.15,188.82999999999998,3.5,0.0,0.3333333333333333,2,0.22163665813751493,False,False,True,False
d8cf3b6a2151949f930d0252b180ec42,PR,6,623.6999999999999,406.47999999999996,3.5,0.0,0.3333333333333333,2,0.39457182239996896,False,False,True,False
edc518ba25576a0188a0e8f2c3af186f,SP,6,1647.3899999999999,262.15999999999997,3.6666666666666665,0.0,0.3333333333333333,2,0.1372888900526302,False,False,True,False
167fd940acebc789debd6eb418c46e38,SP,5,1077.58,100.9,3.0,0.2,0.4,2,0.08561876315253547,False,True,True,False
25debeafbce801fdd479539350185eee,SP,5,237.85,87.12,3.0,0.0,0.4,2,0.2680862848878358,False,False,True,False
270d3ef21830ad0ecf3a6c53d08a533a,SP,5,471.0,217.61,2.6,0.0,0.4,2,0.31601341833548746,False,False,True,False
427165bf50f8ca07efc7bdc2bfcf1688,SP,5,1603.5,89.4,3.2,0.6,0.4,2,0.052808789650894916,False,True,True,False
54219883e72aad869adfb2a54b7bfa0f,SP,5,6750.0,829.55,3.2,0.0,0.4,2,0.10944581142679974,False,False,True,False
6cf476a4ca74498db55cbccdaa9dcfb6,SP,5,624.94,166.66,3.4,0.2,0.4,2,0.21053562405255177,False,True,True,False
6e4f5ff6b086632ba8dcb558fb10249e,RS,5,838.9,214.35,3.4,0.0,0.4,2,0.20351293615001187,False,False,True,False
6ee85be3693ed79a8e80718743d80655,SP,5,147.5,88.97,3.2,0.4,0.4,2,0.37624222945828223,False,True,True,False
9cad4b68bb993ee401a3c5aaa2bc26dd,SP,5,649.3000000000001,114.03,2.8,0.2,0.4,2,0.1493849318119293,False,True,True,False
b566ab0ef88016e00422755e305103c6,MG,5,1208.0,220.21999999999997,3.2,0.2,0.4,2,0.15419193121507888,False,True,True,False
c53bcd3be457a342a97e39e5a9f0be22,SE,5,509.5,186.09,3.2,0.0,0.4,2,0.2675282853405023,False,False,True,False
f44bdc12aa39f5271f0b95f66cd4c289,SP,5,357.5,74.57,3.2,0.2,0.4,2,0.17258777512903,False,True,True,False
fa74b2f3287d296e9fbd2cc80f2d1cf1,SP,5,1274.49,76.18,3.2,0.4,0.4,2,0.056401637705731235,False,True,True,False
fc59392d66ef99377e50356ee4f3b4e1,BA,5,519.99,86.97,3.6,0.0,0.4,2,0.1432878608145512,False,False,True,False
08cdbae123ff67ca4e36d9d641ce0119,MG,4,3098.99,1096.47,3.25,0.5,0.5,2,0.2613467891482698,False,True,True,False
353e21e8bf8de2722b4fae1636664b76,RS,4,208.0,91.89,2.5,0.0,0.5,2,0.30641235119543836,False,False,True,False
43402bdf22aa2310e8f99e2f94f78628,SP,4,649.95,187.15,2.5,0.0,0.5,2,0.22356946601361843,False,False,True,False
4dc646b9b9e8e411ef48ba000ea3ac6f,SP,4,289.70000000000005,63.56,2.75,0.25,0.5,2,0.17992413519787123,False,True,True,False
556a6409838156ea299c9d1f9e2dde43,PR,4,1362.8,86.84,3.25,0.0,0.5,2,0.059904528020749984,False,False,True,False
c458e2045a8aa8964f8879af03fdcce6,SP,4,494.91,196.79000000000002,2.75,0.0,0.5,2,0.28450195171317044,False,False,True,False
c7bb64409aa480bb7d0335faaaf3d242,SC,4,97.6,67.56,2.25,0.0,0.5,2,0.40905788326471304,False,False,True,False
0dfbed20065e425d2eaefb101f9816c0,SP,3,84.35,49.25,2.6666666666666665,0.3333333333333333,0.6666666666666666,2,0.3686377245508982,False,True,True,False
1284de4ae8aa26997e748c851557cf0e,SP,3,1459.97,86.86999999999999,2.6666666666666665,0.0,0.6666666666666666,2,0.05615965452147604,False,False,True,False
191d55f7edb8524d525ed01b20fe32e8,DF,3,747.0,65.8,2.3333333333333335,0.3333333333333333,0.6666666666666666,2,0.08095472440944881,False,True,True,False
213fafb0ca06fb3d5886579c2565791b,MG,3,189.70000000000002,27.16,2.3333333333333335,0.0,0.6666666666666666,2,0.12524209167204647,False,False,True,False
327b89b872c14d1c0be7235ef4871685,AM,3,1177.0,81.8,2.3333333333333335,0.3333333333333333,0.6666666666666666,2,0.0649825230378138,False,True,True,False
4e326052e5dbba8adcd512f3450a307e,SP,3,570.0,85.96,2.3333333333333335,0.0,0.6666666666666666,2,0.1310445758887737,False,False,True,False
74bafed391319577bce6f4d2acc0589a,SP,3,1847.0,237.73,2.6666666666666665,0.0,0.6666666666666666,2,0.11403395163882132,False,False,True,False
762ed976527cddf02787edba70fffa2a,PR,3,179.8,60.31999999999999,2.3333333333333335,0.0,0.6666666666666666,2,0.251207729468599,False,False,True,False
79a679c36c08d606b3fd47ead9de109b,SP,3,935.0,137.22,2.0,0.3333333333333333,0.6666666666666666,2,0.12797746731081308,False,True,True,False
8a43128d7f9a3db592b866e6861a6cce,SP,3,990.5999999999999,67.89,2.3333333333333335,0.0,0.6666666666666666,2,0.06413853697247966,False,False,True,False
8fbe2ee446b97e128471be4ce983dc0d,SP,3,148.5,40.0,3.0,0.3333333333333333,0.6666666666666666,2,0.21220159151193635,False,True,True,False
a0d7fbb07bb5ebc3b05980e750db56f3,SP,3,848.99,236.19,2.3333333333333335,0.0,0.6666666666666666,2,0.21765052802300078,False,False,True,False
bcc9dd23e2a8bd8267cf92b19304a1b9,SP,3,202.79000000000002,43.43,2.3333333333333335,0.6666666666666666,0.6666666666666666,2,0.17638697100154332,False,True,True,False
e59e489e2ea74bd409b798b5daf49de3,PR,3,495.0,86.76,1.6666666666666667,0.0,0.6666666666666666,2,0.14913366336633666,False,False,True,False
2ec6e37d992a95eaddb3369dcbcc76d9,RS,2,159.8,24.14,1.5,0.0,1.0,2,0.13123844731977818,False,False,True,False
324583d68897f5ddbaf38f6248322176,SP,2,84.0,43.989999999999995,1.0,0.5,1.0,2,0.3436987264630049,False,True,True,False
4342d4b2ba6b161468c63a7e7cfce593,RJ,2,528.9,34.54,1.0,0.5,1.0,2,0.0613020019877893,False,True,True,False
553a440137d6e0cf776aee0bb83ac9f5,SP,2,144.8,30.34,1.0,0.5,1.0,2,0.17323284229759048,False,True,True,False
d8dd176509baa37f359644d082bf7f7b,SP,2,198.0,31.9,1.5,1.0,1.0,2,0.13875598086124402,False,True,True,False
ec2e006556300a79a5a91e4876ab3a56,SP,2,77.4,48.33,1.5,0.5,1.0,2,0.3843951324266285,False,True,True,False
0509040ea3fe50071181bbc359eb7738,MG,87,3689.35,1409.8999999999999,4.476744186046512,0.04597701149425287,0.011494252873563218,1,0.2764916409275874,False,False,False,False
080199a181c46c657dc5aa235411be3b,SP,79,14504.2,1040.68,4.615384615384615,0.012658227848101266,0.012658227848101266,1,0.06694680177653349,False,False,False,False
709e16e2b25c7474d980076c6bfc4806,SP,60,5151.9,1226.96,4.516666666666667,0.03333333333333333,0.016666666666666666,1,0.19234784898869078,False,False,False,False
376a891762bbdecbc02b4b6adec3fdda,GO,57,6406.23,1287.4,4.666666666666667,0.03508771929824561,0.017543859649122806,1,0.16733323541683187,False,False,False,False
83e197e95a1bbabc8c75e883ed016c47,RJ,46,6574.1900000000005,961.3299999999999,4.804347826086956,0.021739130434782608,0.021739130434782608,1,0.12757314690956958,False,False,False,False
abcd2cb37d46c2c8fb1bf071c859fc5b,MT,44,4817.32,1304.52,4.318181818181818,0.045454545454545456,0.022727272727272728,1,0.213092795630072,False,False,False,False
33a17d60c64393351ebf1ef860f4e0f2,RS,43,8152.4800000000005,1279.38,4.627906976744186,0.023255813953488372,0.023255813953488372,1,0.13564450702194478,False,False,False,False
5f3ae9136c875522250f8184f253413a,SP,42,1143.05,596.72,4.642857142857143,0.047619047619047616,0.023809523809523808,1,0.3429878662122005,False,False,False,False
23c38debaffe4a25a30fdbd9b586a13f,SP,41,5382.18,834.38,4.317073170731708,0.12195121951219512,0.024390243902439025,1,0.13421892493597745,False,True,False,False
43f8c9950d11ecd03a0304a49e010da6,SP,41,4249.59,557.63,4.560975609756097,0.04878048780487805,0.024390243902439025,1,0.11599843568632182,False,False,False,False
6df688df543f90e9b38f4319e75a9d88,MG,39,1891.76,769.4399999999999,4.564102564102564,0.0,0.02564102564102564,1,0.2891327220802645,False,False,False,False
d1b65fc7debc3361ea86b5f14c68d2e2,SP,39,11413.17,1410.15,4.641025641025641,0.02564102564102564,0.02564102564102564,1,0.10996762148959864,False,False,False,False
5a93f3ab0ef4c84ed5e1b5dbf23978bc,SP,38,2299.2799999999997,652.9399999999999,4.7894736842105265,0.02631578947368421,0.02631578947368421,1,0.22116915406033424,False,False,False,False
b1ac6ea7895bc3dd6f0f6f4abbdd2821,RS,38,2962.0,772.36,4.526315789473684,0.0,0.02631578947368421,1,0.20682526590901787,False,False,False,False
594f9aaa48e5bf431f011ddc5669b0d5,MG,37,3248.8,887.61,4.594594594594595,0.02702702702702703,0.02702702702702703,1,0.21458462773274412,False,False,False,False
31561f325664a8a7aba4c8d0c3a9b3db,SP,36,2702.19,627.17,4.638888888888889,0.0,0.027777777777777776,1,0.18837554364802844,False,False,False,False
718539d38d07dd351c76db862760e2e2,SP,35,1273.01,634.6,4.628571428571429,0.0,0.02857142857142857,1,0.3326675788027951,False,False,False,False
bf3c6d2a28b2b5501e6c15448982dcc9,SP,35,3956.5,691.65,4.6,0.02857142857142857,0.02857142857142857,1,0.14880113593580244,False,False,False,False
a3dd39f583bc80bd8c5901c95878921e,BA,34,4607.81,804.35,4.588235294117647,0.029411764705882353,0.029411764705882353,1,0.14861903565304793,False,False,False,False
02f5837340d7eb4f653d676c7256523a,PR,30,3883.05,580.83,4.833333333333333,0.03333333333333333,0.03333333333333333,1,0.13011774510067475,False,False,False,False
e8b4225284fbb02d16f200513f1f395d,SP,30,5638.62,1273.98,4.3,0.1,0.03333333333333333,1,0.1842982380001736,False,True,False,False
6e386f64c84e482f0b9abf960797ee1b,SP,29,12209.3,611.51,4.607142857142857,0.06896551724137931,0.034482758620689655,1,0.047696674391087615,False,True,False,False
6061155addc1e54b4cfb51c1c2a32ad8,SP,28,15633.4,879.91,4.642857142857143,0.03571428571428571,0.03571428571428571,1,0.053284895638730206,False,False,False,False
671585f5a2af58b6e276bc01003c0d2b,PR,27,1244.0,448.11,4.703703703703703,0.0,0.037037037037037035,1,0.26482320889303884,False,False,False,False
95ec4458365c4d11f452ccf538377619,SP,27,1866.76,436.67,4.615384615384615,0.037037037037037035,0.037037037037037035,1,0.1895738094927999,False,False,False,False
cac876b37d3abcd6bd76caca30277996,PR,27,2229.77,729.02,4.461538461538462,0.0,0.037037037037037035,1,0.24639126129262298,False,False,False,False
cc3d14116804f7209f3884f6367f1152,PR,27,5477.8,582.79,4.62962962962963,0.0,0.037037037037037035,1,0.09616060482560278,False,False,False,False
ffc470761de7d0232558ba5e786e57b7,SP,27,1529.13,421.09,4.444444444444445,0.037037037037037035,0.037037037037037035,1,0.21591922962537557,False,False,False,False
e5e33c0d8e7e002f398f5dc4cbbb338f,SP,26,6494.9,745.95,4.576923076923077,0.07692307692307693,0.038461538461538464,1,0.10301967310467695,False,True,False,False
f41ce2e25237f9092cd8e6e7516c7a2f,SP,26,1961.9,323.92,4.423076923076923,0.0,0.038461538461538464,1,0.1417084459843732,False,False,False,False
1dc2de47ee26a0a5b12dc14fd6dc0dea,SP,25,1670.3,617.1999999999999,4.56,0.04,0.04,1,0.2698142076502732,False,False,False,False
ed4311e67debd72b8610a5347a743087,SP,25,3636.0,706.8100000000001,4.625,0.04,0.04,1,0.16275406936983197,False,False,False,False
a3f0b55de503387383c7b1de3ad7f678,PR,24,4348.400000000001,1229.34,4.416666666666667,0.041666666666666664,0.041666666666666664,1,0.22040109435004138,False,False,False,False
013900e863eace745d3ec7614cab5b1a,PR,23,1619.7,469.67,4.695652173913044,0.0,0.043478260869565216,1,0.22479024777803838,False,False,False,False
10076e5788b8ee532724bcd460baf762,SP,23,821.48,377.29999999999995,4.565217391304348,0.043478260869565216,0.043478260869565216,1,0.31473664892640846,False,False,False,False
42ef3192a9ff87a22d1867b74b3ee205,SP,23,1354.0900000000001,301.88,4.6521739130434785,0.0,0.043478260869565216,1,0.18229798849012963,False,False,False,False
7e26c750b4cb9f6766f58265ff9ebe95,MG,23,1344.3,388.88,4.434782608695652,0.0,0.043478260869565216,1,0.22437369459606044,False,False,False,False
8cc6a0e5738e61a87b03c78b2ba9db4b,MG,23,13272.7,503.90000000000003,4.478260869565218,0.08695652173913043,0.043478260869565216,1,0.036576513798760216,False,True,False,False
503c1de08ae81a2d86f17951b204db55,SP,22,4906.99,414.90999999999997,4.409090909090909,0.045454545454545456,0.045454545454545456,1,0.07796275766173735,False,False,False,False
916c9de0b5ad957346eeeb12f332687e,PR,22,5336.5,477.77,4.545454545454546,0.0,0.045454545454545456,1,0.08217196655814056,False,False,False,False
02ecc2a19303f05e59ce133fd923fff7,SP,21,5264.1900000000005,478.21000000000004,4.619047619047619,0.0,0.047619047619047616,1,0.08327702702702702,False,False,False,False
679769a98cfcc6da877c8486ff1c13f3,MG,21,7029.0,438.39,4.571428571428571,0.0,0.047619047619047616,1,0.058707259162840024,False,False,False,False
9596c870880d900012f2e8e6e30d06d7,MG,21,7625.35,1746.36,4.285714285714286,0.047619047619047616,0.047619047619047616,1,0.18634379424886172,False,False,False,False
a5a1bfcf728ab0e19182959cf0771ee4,SP,21,1812.96,347.89,4.333333333333333,0.047619047619047616,0.047619047619047616,1,0.16099682995117662,False,False,False,False
b347677812ea483b0f528eaf8cbc09b7,PR,21,7288.99,762.35,4.523809523809524,0.0,0.047619047619047616,1,0.09468610194079495,False,False,False,False
c72de06d72748d1a0dfb2125be43ba63,BA,21,17522.0,1211.18,4.476190476190476,0.0,0.047619047619047616,1,0.06465426585342157,False,False,False,False
1fe5540d7c1c37a595fefbacd5570d9e,RJ,20,4537.6,581.15,4.3,0.05,0.05,1,0.11353357753357753,False,False,False,False
6288c69c4ce638e59925e59193f98b16,SP,20,4196.8,270.21,4.25,0.05,0.05,1,0.060490126505201455,False,False,False,False
808d4348b916efa08e766ebad39f61eb,SP,20,712.95,268.59,4.6,0.05,0.05,1,0.27364142062473257,False,False,False,False
8ab42aa58097fd4668d60cc648225d5f,GO,20,2616.75,593.64,4.2,0.0,0.05,1,0.18491211348153963,False,False,False,False
cfe94489ddd337d1e29e12f2a7205d10,SP,20,2376.0,296.82,4.3,0.05,0.05,1,0.11105124924237321,False,False,False,False
f9244d45189d3a3605499abddeade7d5,SP,20,15081.439999999999,820.72,4.35,0.0,0.05,1,0.05161059881173376,False,False,False,False
8ed8ea9a57c862f2c18c2fe41f601d56,SC,19,3831.9,731.0699999999999,4.473684210526316,0.0,0.05263157894736842,1,0.1602180158975404,False,False,False,False
93b9a99027bd8bd6af682aff18dd19bf,SP,19,1916.0,450.79,4.111111111111111,0.0,0.05263157894736842,1,0.19046472226095262,False,False,False,False
b494891378bd8f4560abe576c52deacd,SP,19,2839.0,295.98,4.7368421052631575,0.0,0.05263157894736842,1,0.09441208556354427,False,False,False,False
179d859f51292aac5c10806a356f7af9,SP,18,404.46999999999997,395.8,4.388888888888889,0.05555555555555555,0.05555555555555555,1,0.49458307821110375,False,False,False,False
6aa3928696eab49a19a466e665a649fd,RJ,18,2075.0,335.68,4.611111111111111,0.05555555555555555,0.05555555555555555,1,0.13924701743906284,False,False,False,False
8a2d12a90e92f012ce5226fc6592b653,PR,18,1594.6499999999999,338.97,4.588235294117647,0.0,0.05555555555555555,1,0.1753033170943619,False,False,False,False
c35672b10ad50968f567ea3f4b91e877,RJ,18,1150.57,364.78,4.5,0.05555555555555555,0.05555555555555555,1,0.24072326525225196,False,False,False,False
d03698c2efd04a549382afa6623e27fb,BA,18,8865.47,779.15,4.5,0.05555555555555555,0.05555555555555555,1,0.08078597186825402,False,False,False,False
d51e0a403fe2e689ece6c73359d96e12,SP,18,7380.0,647.5699999999999,4.222222222222222,0.1111111111111111,0.05555555555555555,1,0.08066824705359156,False,True,False,False
ea00f977a203ff88adf7057cb7806998,SP,18,381.72999999999996,176.29,4.277777777777778,0.05555555555555555,0.05555555555555555,1,0.31592057632342924,False,False,False,False
392e0502231ae2f8b29994ef6398cd77,SP,17,1572.9,309.89,4.352941176470588,0.11764705882352941,0.058823529411764705,1,0.1645908465628137,False,True,False,False
53d00c40e32aeb924a84ce72b1af869d,SP,17,2165.85,296.22,4.352941176470588,0.11764705882352941,0.058823529411764705,1,0.12031339482630472,False,True,False,False
6bb0724edf0b62fb91ac404873a97241,SP,17,3653.0,763.52,4.466666666666667,0.058823529411764705,0.058823529411764705,1,0.17287819369096027,False,False,False,False
72bc2cce903c872fe376a8faaa81d237,SP,17,2149.2,255.77,4.647058823529412,0.0,0.058823529411764705,1,0.10635059896797051,False,False,False,False
9f50216bfd01913736a55a11b55ea842,SP,17,1354.0,317.1,4.411764705882353,0.11764705882352941,0.058823529411764705,1,0.18975525103225424,False,True,False,False
cda598c48d7c614bc1cad7d8ff6f0010,SP,17,1118.6000000000001,301.6,4.0588235294117645,0.0,0.058823529411764705,1,0.21236445571046328,False,False,False,False
d06d019f72a04e5497a0b64190af170c,SP,17,2415.93,225.51,4.529411764705882,0.0,0.058823529411764705,1,0.08537388697074325,False,False,False,False
d25aa0aaacb370e912f8cf6efeba38b3,SC,17,2658.45,714.6800000000001,4.470588235294118,0.058823529411764705,0.058823529411764705,1,0.2118744311663055,False,False,False,False
da7039f29f90ce5b4846ffc0fcc93beb,SP,17,1259.1,244.45000000000002,4.529411764705882,0.058823529411764705,0.058823529411764705,1,0.1625818895281168,False,False,False,False
e7f3bf1ecd8526eb7f3b18059e6716e5,SP,17,1382.04,260.77,4.647058823529412,0.0,0.058823529411764705,1,0.15873412019649258,False,False,False,False
f1ed6bd0a9b11b581f16c851c6a5a527,RS,17,1622.77,373.81,4.470588235294118,0.058823529411764705,0.058823529411764705,1,0.18722515501507578,False,False,False,False
25e47381a6c510ddeb36084e33b89f0c,SP,16,1289.6000000000001,282.11,4.25,0.0,0.0625,1,0.179492399997455,False,False,False,False
2be17df1c49978426251562096c3cc09,SC,16,2165.0,312.55,4.1875,0.0625,0.0625,1,0.12615285261649614,False,False,False,False
3935fe5fe0f82787a9dcb8deb62be09d,SP,16,1681.69,419.65999999999997,4.0,0.125,0.0625,1,0.19970971042425106,False,True,False,False
638cba8be1fb599bbb76fd6948351eb3,SP,16,535.4,268.27,4.6875,0.0,0.0625,1,0.33380616422163323,False,False,False,False
ad97a199236354e53fcd91a5a913e9a2,SC,16,12446.85,837.17,4.5,0.125,0.0625,1,0.06302083254918314,False,True,False,False
b5e3e38609125694d2ea2417522a60b7,SC,16,995.04,301.14,4.3125,0.125,0.0625,1,0.23232884321622,False,True,False,False
bb5bd94c8f59cc050072d2930c869cac,SP,16,2543.87,302.77000000000004,4.1875,0.0,0.0625,1,0.10636048112862886,False,False,False,False
c794dab4928dd97beb41d05514441e86,SP,16,1312.3999999999999,232.19,4.375,0.125,0.0625,1,0.15032468163072402,False,True,False,False
db46ca7bce82b11f7e247539271fc390,RJ,16,933.97,215.89,4.5625,0.0,0.0625,1,0.1877532917050771,False,False,False,False
f125f3a310c2e5f822d116147de1e474,SP,16,2761.4,287.89,4.1875,0.125,0.0625,1,0.09441214184285522,False,True,False,False
04aba03279157f6d4e0fe8ccaf21963c,RJ,15,2416.0,319.23,4.533333333333333,0.06666666666666667,0.06666666666666667,1,0.11671047772947797,False,False,False,False
0eaa7e33d73809f1f925f7d07c506cbd,SP,15,1552.0,194.9,4.714285714285714,0.0,0.06666666666666667,1,0.11156906520121358,False,False,False,False
26785a546900236d66f2e4197c211158,SP,15,1019.2,225.45,4.666666666666667,0.0,0.06666666666666667,1,0.18113525890812676,False,False,False,False
67bf6941ba2f1fa1d02c375766bc3e53,PR,15,5062.0,1257.94,4.333333333333333,0.06666666666666667,0.06666666666666667,1,0.19904302888951478,False,False,False,False
76ea5315acb3f5f7ade3cd261faf922a,SP,15,1087.06,224.02,4.266666666666667,0.06666666666666667,0.06666666666666667,1,0.17086676633004852,False,False,False,False
820cc752a266cdc6c1a1e61dd4583330,PR,15,2802.7999999999997,275.97,4.133333333333334,0.06666666666666667,0.06666666666666667,1,0.08963644572345451,False,False,False,False
b1aaae6b66ad3c40f54b389d7ea4bee0,SP,15,1176.5,392.74,4.4,0.0,0.06666666666666667,1,0.2502740179959726,False,False,False,False
f3c38ab652836d21de61fb8314b69182,SP,15,1581.0,247.59,4.266666666666667,0.0,0.06666666666666667,1,0.1353994060997818,False,False,False,False
1987cd4be10fe09ee50454f9c354d1c6,MG,14,2877.7,257.53000000000003,4.357142857142857,0.07142857142857142,0.07142857142857142,1,0.08214070419076114,False,True,False,False
2953ce3a88f5e3c3b696d77fc9e4c8eb,SP,14,470.0,161.32,4.642857142857143,0.07142857142857142,0.07142857142857142,1,0.2555280998542736,False,True,False,False
4a1f694197d05fe70026b016a7316b41,SP,14,907.77,370.97999999999996,4.571428571428571,0.07142857142857142,0.07142857142857142,1,0.2901114369501466,False,True,False,False
5a05a16bb50629ee31afab8a6d4c2674,RS,14,794.3,281.18,4.214285714285714,0.0,0.07142857142857142,1,0.2614460519953881,False,False,False,False
5a413ade68e8f8d93071a7f52a64cb9e,SP,14,778.9,153.77,4.642857142857143,0.07142857142857142,0.07142857142857142,1,0.16487074742406213,False,True,False,False
5a425cc503b39b262a847fd6212bf53b,PR,14,1340.6000000000001,251.28,4.461538461538462,0.07142857142857142,0.07142857142857142,1,0.1578510943035907,False,True,False,False
7ff588a03c2aeae4fbd23f9ae64b760d,SP,14,1182.2,221.18,4.642857142857143,0.0,0.07142857142857142,1,0.157605210278043,False,False,False,False
9bcdfa7b615b3abb9461d9e3ad9886ae,SC,14,2126.07,397.71999999999997,4.428571428571429,0.07142857142857142,0.07142857142857142,1,0.15758838889131027,False,True,False,False
b9ca8e8baa5d4aa038394a700f63e69f,SP,14,1289.77,388.18,4.214285714285714,0.07142857142857142,0.07142857142857142,1,0.23134181590631425,False,True,False,False
bbf9ad41dca6603e614efcdad7aab8c4,CE,14,7846.0,776.26,4.5,0.0,0.07142857142857142,1,0.09002976017888581,False,False,False,False
c84592044b180dec206770c38603814b,SP,14,491.94000000000005,209.03,4.428571428571429,0.0,0.07142857142857142,1,0.2982010642395537,False,False,False,False
ca4b77513ac2040591b0d8fae6958380,SP,14,1772.45,201.17000000000002,4.5,0.14285714285714285,0.07142857142857142,1,0.10192944943808839,False,True,False,False
d2e753bb80b7d4faa77483ed00edc8ca,BA,14,1320.7,454.24,3.7142857142857144,0.07142857142857142,0.07142857142857142,1,0.25591850992146215,False,True,False,False
de0c78824586e9a5f5f04fd84e25df39,SP,14,2489.3,208.53,4.642857142857143,0.0,0.07142857142857142,1,0.07729545597758197,False,False,False,False
13074f016982ff2bd6c58ced8682f000,RS,13,1977.0,775.66,4.153846153846154,0.23076923076923078,0.07692307692307693,1,0.281785618274687,False,True,False,False
2f74af7a0ee5636f12c2336f9fffed47,SP,13,560.6999999999999,163.76999999999998,4.3076923076923075,0.0,0.07692307692307693,1,0.22605490910596712,False,False,False,False
51702dc2a3e106c76dbff722b5bf0726,SP,13,2705.1,581.94,4.3076923076923075,0.0,0.07692307692307693,1,0.17704074182242993,False,False,False,False
5b07547f10dd980738a1a27f685af669,SP,13,1134.6000000000001,185.47,4.461538461538462,0.15384615384615385,0.07692307692307693,1,0.14050012499337156,False,True,False,False
6e864f5c4669eff3d98140a07cc50202,SP,13,740.59,191.77,4.461538461538462,0.07692307692307693,0.07692307692307693,1,0.2056823544553606,False,True,False,False
768de2a4fc06aacecb9a586ccc30746a,DF,13,442.7,221.01,4.384615384615385,0.0,0.07692307692307693,1,0.33299181871600547,False,False,False,False
9d7a1d34a5052409006425275ba1c2b4,SP,13,1054.82,277.05,4.384615384615385,0.07692307692307693,0.07692307692307693,1,0.20801579733757802,False,True,False,False
a2deecd5398f5df4987110c80a1972a3,SP,13,623.81,221.99,4.230769230769231,0.0,0.07692307692307693,1,0.26246157484038785,False,False,False,False
c3e1abd72a42fe690fcd89cf5720fe29,SP,13,1798.61,168.97,4.461538461538462,0.0,0.07692307692307693,1,0.08587706726028929,False,False,False,False
02c988090b766852e088c69d7fb3b551,SP,12,1564.3700000000001,206.57,4.583333333333333,0.0,0.08333333333333333,1,0.11664426801585598,False,False,False,False
1660ad786c27fd935378b6192a90b417,SP,12,1570.0,248.28,4.583333333333333,0.08333333333333333,0.08333333333333333,1,0.13654662648216997,False,True,False,False
1c5e4e49b9079480255b49d50aac1aa9,SP,12,10173.11,889.61,4.333333333333333,0.0,0.08333333333333333,1,0.08041512394781752,False,False,False,False
1d29dfba02015238dfbe2449a5eaa361,MG,12,612.8,177.12,4.5,0.08333333333333333,0.08333333333333333,1,0.22422523799878472,False,True,False,False
1dcfa3835714681d4ba4a93bc1e0fd41,SP,12,1186.6000000000001,296.88,4.2727272727272725,0.0,0.08333333333333333,1,0.2001240326799148,False,False,False,False
3969863bb8af7f72580b3b1ffd3a17b3,SP,12,623.15,226.87,4.083333333333333,0.0,0.08333333333333333,1,0.2668996023622974,False,False,False,False
49e7217cfe4e427191c378ec626d8737,MG,12,2868.8,352.09000000000003,4.083333333333333,0.0,0.08333333333333333,1,0.10931450623895879,False,False,False,False
54065e9aef7e9e9c2dc23b7594db021a,RJ,12,7079.0,242.78,4.333333333333333,0.0,0.08333333333333333,1,0.03315860350898279,False,False,False,False
5b51032eddd242adc84c38acab88f23d,MG,12,3280.0,268.95,4.0,0.0,0.08333333333333333,1,0.0757829780639344,False,False,False,False
5b85809efd0d0e4dea1a9544e1280ed9,SP,12,1804.6000000000001,292.76,4.25,0.0,0.08333333333333333,1,0.13958500209787542,False,False,False,False
5d9dc90a686a8fddacffab6bab5653a3,SP,12,3761.94,369.33,4.166666666666667,0.08333333333333333,0.08333333333333333,1,0.08939865949211742,False,True,False,False
6b333a05bf188ef3e1f1662a86bd9855,DF,12,3990.91,563.97,4.333333333333333,0.08333333333333333,0.08333333333333333,1,0.12381665378670789,False,True,False,False
6d22a1fcebb6dd08c9cd90b92a93e8d0,SC,12,723.7,222.73,4.25,0.0,0.08333333333333333,1,0.2353370032649007,False,False,False,False
70849ca4f400aaabb62cb7462a6f1428,MG,12,909.58,233.66,4.416666666666667,0.16666666666666666,0.08333333333333333,1,0.20438403134949792,False,True,False,False
7357b52d27cbaa90f81a96cbc1279396,MG,12,1328.02,217.81,4.333333333333333,0.08333333333333333,0.08333333333333333,1,0.1409016515399494,False,True,False,False
97512d3fc193b2d1dfcdba0f9d1f0f8a,SP,12,1458.8700000000001,341.55,4.25,0.08333333333333333,0.08333333333333333,1,0.18970573532842336,False,True,False,False
9906e7aa42a3c067b7c9a564d01c4320,PR,12,2619.0,496.59999999999997,4.5,0.16666666666666666,0.08333333333333333,1,0.15939144948003595,False,True,False,False
a1474fd46fd3430168f7ec202da39408,SP,12,2752.5,661.02,4.333333333333333,0.16666666666666666,0.08333333333333333,1,0.1936476130211629,False,True,False,False
abc015ebac1d283a323ca9db35ede4b9,SP,12,1106.8,222.85000000000002,4.416666666666667,0.0,0.08333333333333333,1,0.1676004963712255,False,False,False,False
acadd4d36859671cb635527c6c977533,SP,12,2381.0,265.94,4.25,0.08333333333333333,0.08333333333333333,1,0.1004707322417584,False,True,False,False
bd1d49a326abfa9b1036772e40445430,SP,12,637.7,188.5,4.083333333333333,0.08333333333333333,0.08333333333333333,1,0.22815298959089808,False,True,False,False
c3acdfac4e3e97ff87529454fbc03642,SP,12,16788.0,269.28000000000003,4.25,0.08333333333333333,0.08333333333333333,1,0.015786807744259345,False,True,False,False
ccb83a794700270fde70898fe9ff368b,SC,12,11062.0,1723.73,4.333333333333333,0.16666666666666666,0.08333333333333333,1,0.13481670581186997,False,True,False,False
cfd7ddab722b902f7ac5b5f3ba6d723d,MG,12,3385.0299999999997,673.0799999999999,4.75,0.0,0.08333333333333333,1,0.1658604621363147,False,False,False,False
d6ab728cf30867cf3f1a2e216ae2f9b7,SP,12,2002.0,231.82,4.416666666666667,0.0,0.08333333333333333,1,0.10377738582338773,False,False,False,False
d93844a9c55ba7ce353388bcf849ea56,PR,12,2708.5,521.02,4.25,0.0,0.08333333333333333,1,0.1613304763556194,False,False,False,False
e256a62e0ac58c0edfba09966142d561,PR,12,1474.1100000000001,335.44,4.416666666666667,0.0,0.08333333333333333,1,0.1853720538255367,False,False,False,False
ec80e49e69745ab6c14f984bf2149423,SP,12,3709.0,188.31,4.0,0.08333333333333333,0.08333333333333333,1,0.048317942375638585,False,True,False,False
f52c2422904463fdd7741f99045fecb6,SP,12,567.79,177.01,4.25,0.0,0.08333333333333333,1,0.2376611170784103,False,False,False,False
141440cad9341e553f8401c574a2aa38,PR,11,1288.2,290.8,4.454545454545454,0.0,0.09090909090909091,1,0.18416719442685245,False,False,False,False
1b7e5006cb25dd23ce8686691013b121,SP,11,2636.74,149.22,4.363636363636363,0.18181818181818182,0.09090909090909091,1,0.05356142945340207,False,True,False,False
1cbd32d00d01bb8087a5eb088612fd9c,SP,11,1045.47,244.06,4.181818181818182,0.09090909090909091,0.09090909090909091,1,0.18926275464704195,False,True,False,False
236585a4ddb5fea9fa40233e2249ed91,RS,11,649.53,188.14,4.090909090909091,0.09090909090909091,0.09090909090909091,1,0.22459918583690475,False,True,False,False
403aa86912527d730337ffcb0fb096ab,MG,11,8959.89,204.62,4.0,0.0,0.09090909090909091,1,0.022327434854673082,False,False,False,False
47efca563408aae19bb7206c2d969ea9,PI,11,2383.0,408.55,4.363636363636363,0.0,0.09090909090909091,1,0.14635238487578583,False,False,False,False
4ba52dfeba874da5b9ee7b17c7494f04,SP,11,1463.0,204.91,4.363636363636363,0.09090909090909091,0.09090909090909091,1,0.1228543506544118,False,True,False,False
4be6b962d83299498bae2190f95d6566,SP,11,508.8,182.29,4.1,0.09090909090909091,0.09090909090909091,1,0.2637717229304432,False,True,False,False
5011f0d93373a4c5753adf58ca77af8d,SP,11,859.52,363.67,4.090909090909091,0.09090909090909091,0.09090909090909091,1,0.2973127641658287,False,True,False,False
659e8466eb3ff1b0e8740d74fb7bbedd,BA,11,1486.8,393.2,4.363636363636363,0.0,0.09090909090909091,1,0.20914893617021277,False,False,False,False
6ddc28b61be28373b4503a1f61cf98a9,SP,11,1732.9,167.19,4.181818181818182,0.09090909090909091,0.09090909090909091,1,0.08799056886779047,False,True,False,False
6f83d9e4da896daae20b9b6b2d3ff8d2,PR,11,765.19,219.85,4.363636363636363,0.0,0.09090909090909091,1,0.2231889060342727,False,False,False,False
77fccaae319668a8ab6cd0fd16aec48c,RJ,11,1667.0,221.44,4.454545454545454,0.0,0.09090909090909091,1,0.1172608078625744,False,False,False,False
7a2d2949aea47fab95fd98d6c9f618b1,PR,11,1638.99,211.24,4.2727272727272725,0.0,0.09090909090909091,1,0.11416958972668263,False,False,False,False
89f69225956f951295ca4c7fb1266553,RJ,11,1041.3,277.41,4.2727272727272725,0.0,0.09090909090909091,1,0.21036467456832816,False,False,False,False
8e2b3afb420011ef0c88c9d5f11ea526,SP,11,1384.5,147.93,4.2727272727272725,0.09090909090909091,0.09090909090909091,1,0.09653295745972083,False,True,False,False
bc07d855eac23aab5ac8a120f21d16b2,SP,11,1202.62,204.74,4.454545454545454,0.18181818181818182,0.09090909090909091,1,0.1454780582082765,False,True,False,False
d1b9d4be4b6f9ebd85f8acd6745ba612,MG,11,1154.35,194.18,4.181818181818182,0.0,0.09090909090909091,1,0.1439938303189399,False,False,False,False
d4e4b5192cba4e0e66eb12a9d347239d,PR,11,431.9,193.5,4.454545454545454,0.0,0.09090909090909091,1,0.3094019827310521,False,False,False,False
f08a5b9dd6767129688d001acafc21e5,RS,11,14069.630000000001,496.11,4.2727272727272725,0.0,0.09090909090909091,1,0.03406006148674904,False,False,False,False
ff4e2d38692ce827b1a4f4b8196e680d,SP,11,518.9,150.28,4.2727272727272725,0.0,0.09090909090909091,1,0.22457335843868617,False,False,False,False
226b05fe067266c59c15dae208213d06,PR,10,1056.9,188.68,4.5,0.0,0.1,1,0.1514796319786766,False,False,False,False
2d42ebcda99fd55f6f4bc2f1ca035d50,GO,10,921.5,282.47,4.3,0.0,0.1,1,0.23461548045217076,False,False,False,False
3d2531eccfbde1d7c8db7a3a12fb267a,MG,10,1999.54,213.06,4.222222222222222,0.0,0.1,1,0.09629395281569195,False,False,False,False
3fac58ce0ad699020c7944d53c41329c,SP,10,1244.95,183.02,4.4,0.0,0.1,1,0.12816795871061717,False,False,False,False
41b86b552e54e3a7009596125aa8b167,SP,10,1595.3000000000002,234.61,4.3,0.0,0.1,1,0.12820849112797897,False,False,False,False
5f7300535881cef3b625fd683cf7d145,RS,10,665.98,170.85,4.4,0.0,0.1,1,0.2041633306645316,False,False,False,False
6806dad1da97bfb5a9038eac6881f706,PR,10,1477.0,306.26,4.1,0.0,0.1,1,0.17174164171236947,False,False,False,False
6bbcb8924baf70b7fe2fe2097e8cd407,SC,10,2382.5,264.33,4.5,0.0,0.1,1,0.09986663291560093,False,False,False,False
851773c885feb5e2da3b4f82bc2b17ce,SP,10,585.3,251.82999999999998,4.2,0.2,0.1,1,0.3008254392985558,False,True,False,False
8603f0038fe0e52fedd3382d266723de,SC,10,2355.0,490.12,4.4,0.0,0.1,1,0.17226689911146104,False,False,False,False
9c690ceacd5c66731bf443ea810195cb,MG,10,871.8,249.22,4.3,0.0,0.1,1,0.22231539134002962,False,False,False,False
ad273c9eb54ecb4532de4bf75bae9e4e,PR,10,645.0,184.75,4.1,0.0,0.1,1,0.22265742693582405,False,False,False,False
b16d3dadc47d4eb18be3d88bad0775ce,RS,10,722.1,178.44,4.3,0.0,0.1,1,0.19814777799986674,False,False,False,False
b9a03475e6447e631b6799ec8274800f,PR,10,1349.1,294.98,4.2,0.0,0.1,1,0.179419492968712,False,False,False,False
bb7a14e229b1c95156719c3d9552eeee,RJ,10,2760.2,287.40999999999997,4.5,0.1,0.1,1,0.09430668622297472,False,True,False,False
d7485b33791774c36108f8c69602d48d,PR,10,399.82,219.32,3.7,0.1,0.1,1,0.3542332913396001,False,True,False,False
e9c6969d40e6a3d2d0f90013165c2b98,SP,10,5239.98,242.0,4.4,0.0,0.1,1,0.04414463387316262,False,False,False,False
f435898e493ba0356019a0b1cb8b55b1,PR,10,649.76,230.92000000000002,4.4,0.0,0.1,1,0.2622064768133715,False,False,False,False
f8201cab383e484733266d1906e2fdfa,SC,10,889.0,255.82999999999998,4.1,0.1,0.1,1,0.2234654926932383,False,True,False,False
fb3cfbc8a86f5d7fbb4d36b8df63f60d,RJ,10,1007.3000000000001,217.76,4.2,0.0,0.1,1,0.17775455896037745,False,False,False,False
fe701d88b67eaca109dffd464d1be9f9,RJ,10,1359.0,219.02,4.3,0.1,0.1,1,0.13879418511805935,False,True,False,False
01c97ebb5cdac52891c0ed1c37ba0012,SP,9,577.5,178.5,4.222222222222222,0.0,0.1111111111111111,1,0.2361111111111111,False,False,False,False
03a2a6dcbe45d639c4dc2a0d24769c40,SP,9,1078.41,172.25,4.111111111111111,0.1111111111111111,0.1111111111111111,1,0.13772727999616202,False,True,False,False
05a940b4ecae36cadfd8e93bd9c43257,GO,9,695.1,169.0,4.222222222222222,0.0,0.1111111111111111,1,0.1955792153685916,False,False,False,False
07de60b03d150fb3ea09eab5da5e4c8b,SP,9,719.1,169.9,4.333333333333333,0.1111111111111111,0.1111111111111111,1,0.19111361079865016,False,True,False,False
13fa2a6c6b9d0f43cb588d7c82117a12,SP,9,4528.0,191.44,4.111111111111111,0.3333333333333333,0.1111111111111111,1,0.04056413472784907,False,True,False,False
1996942dc085d7773ba77a529b163cd0,SP,9,2383.52,185.28,4.222222222222222,0.0,0.1111111111111111,1,0.07212706322018063,False,False,False,False
1acde099eb406aa220b1169b188b42da,SP,9,311.1,147.4,4.222222222222222,0.0,0.1111111111111111,1,0.3214830970556162,False,False,False,False
1cbd50a8c52e6cf8e315c5709fab386f,PR,9,785.97,220.69,3.7777777777777777,0.1111111111111111,0.1111111111111111,1,0.2192299286750243,False,True,False,False
2379bdc3888025689a9deb7b141507d5,SP,9,999.5,126.11,4.333333333333333,0.2222222222222222,0.1111111111111111,1,0.11203702881104469,False,True,False,False
2dcf93836ae3ce0d7c93e2f10876467a,SP,9,1443.8,178.64,4.111111111111111,0.2222222222222222,0.1111111111111111,1,0.11010576662311086,False,True,False,False
33d677f27a69b84051204ee4ae76eaca,SC,9,165.0,173.49,4.555555555555555,0.0,0.1111111111111111,1,0.5125409908712222,False,False,False,False
525e75a6fb1454a2325ab1734bcec221,SP,9,607.17,112.22,3.888888888888889,0.0,0.1111111111111111,1,0.15599327207773253,False,False,False,False
5eeb9c756d9780b96283e5a2ac6da334,SP,9,2471.0,247.74,4.222222222222222,0.2222222222222222,0.1111111111111111,1,0.0911230937860921,False,True,False,False
6b9b80d53ba3676eafe60268a810b5a1,SP,9,783.7,157.51000000000002,4.222222222222222,0.0,0.1111111111111111,1,0.1673484132127793,False,False,False,False
7210cd29727d674c00741e5e387b3ccd,SP,9,729.0899999999999,145.09,4.444444444444445,0.1111111111111111,0.1111111111111111,1,0.16597268297147041,False,True,False,False
85cc55e048b6bcc90c75afe7f0e72f72,RJ,9,308.28,193.48,4.444444444444445,0.2222222222222222,0.1111111111111111,1,0.38560267857142855,False,True,False,False
8c5e007d7bd5693fa1386ffefbc99f6c,SP,9,1029.11,378.3,4.333333333333333,0.0,0.1111111111111111,1,0.2687916101207182,False,False,False,False
9449f25aeaf531019b76999ea49a6949,RJ,9,1979.55,170.49,4.222222222222222,0.2222222222222222,0.1111111111111111,1,0.07929619914048111,False,True,False,False
a0415d9b25ede3c4b1e477e9916ffc03,RJ,9,3544.2,184.94,4.222222222222222,0.0,0.1111111111111111,1,0.04959320379497686,False,False,False,False
b8578d2d823bd8e251f6fdd02b40902d,SC,9,1255.6,244.0,4.444444444444445,0.0,0.1111111111111111,1,0.16271005601493732,False,False,False,False
c64a2aec32cc408a8a4c6d7c46017f91,RS,9,3221.5,406.67,3.888888888888889,0.0,0.1111111111111111,1,0.11208680960373962,False,False,False,False
d1582f4043306e6b91afa6a8a884f898,SP,9,990.0,131.92,4.111111111111111,0.1111111111111111,0.1111111111111111,1,0.11758414147176267,False,True,False,False
d9e8c084b68fe958861d8f2c21202e6b,SP,9,3050.0,181.86,4.333333333333333,0.0,0.1111111111111111,1,0.056271001837950904,False,False,False,False
e1b12447a7563944843191754aeb5562,SP,9,472.46000000000004,126.67,4.444444444444445,0.2222222222222222,0.1111111111111111,1,0.21142323035067515,False,True,False,False
e8dba4d70f7f2b20e775d09cae01142d,SP,9,855.91,176.48,4.333333333333333,0.1111111111111111,0.1111111111111111,1,0.17094315132847085,False,True,False,False
ea6b12bf9ffe2bac34602ec631d97a47,SP,9,1047.3,154.89,4.333333333333333,0.0,0.1111111111111111,1,0.12883986724228283,False,False,False,False
ef30892870c278497523264be1be2241,SP,9,783.2,109.33999999999999,4.555555555555555,0.0,0.1111111111111111,1,0.1225043135321666,False,False,False,False
f35b3c613c4f7b2275f4185d0a3c59ec,SP,9,4047.25,167.04,4.555555555555555,0.1111111111111111,0.1111111111111111,1,0.03963656986111539,False,True,False,False
f5f46307a4d15880ca14fab4ad9dfc9b,SC,9,1422.94,231.38,4.111111111111111,0.1111111111111111,0.1111111111111111,1,0.13986411335170945,False,True,False,False
fec6275253471ace26d209bbaa64cd0f,RJ,9,2840.0,355.66999999999996,4.555555555555555,0.0,0.1111111111111111,1,0.11129747439504077,False,False,False,False
0aea4c6ae1505b3228ddf3dd7822ee5b,SP,8,1427.91,151.75,3.875,0.25,0.125,1,0.09606497600749528,False,True,False,False
10ff823eda2b032e2c93d17a7d294736,SP,8,1144.98,147.88,4.25,0.0,0.125,1,0.11438206766393885,False,False,False,False
13c2ed7698b3ca92dad49e849219da59,PR,8,498.61,154.68,4.375,0.0,0.125,1,0.23677080622694366,False,False,False,False
15fa791d5e017f66402dc28c44480657,SP,8,1802.0,181.29,4.25,0.125,0.125,1,0.09140871985438337,False,True,False,False
1dd33b8119b3cb1056ed5dc88cd0aaf4,SP,8,1513.0,128.74,3.75,0.125,0.125,1,0.07841680168601606,False,True,False,False
2009a095de2a2a41626f6c6d7722678d,SP,8,388.89,193.54,4.375,0.0,0.125,1,0.3322974434696015,False,False,False,False
27a56ff04b34c2ba34ce6ba4d3b9d616,SP,8,349.28999999999996,102.98,4.125,0.125,0.125,1,0.22769584540208285,False,True,False,False
406740ee611378a662d274c7d8c43c4a,ES,8,1790.0,182.08,4.375,0.125,0.125,1,0.09232891160602005,False,True,False,False
41b14765bd56c8ad10971074380f9c0c,SP,8,395.5,119.13000000000001,4.625,0.0,0.125,1,0.23148669918193657,False,False,False,False
439a47cc365d6e3bd526812ea9de3c29,SP,8,1186.5,224.43,4.25,0.0,0.125,1,0.15906529735706237,False,False,False,False
4eb61f060e7dcc1d5a80d806c35cc541,SP,8,1313.0,153.12,3.875,0.0,0.125,1,0.10443892723651543,False,False,False,False
577719699805dd125d5b6fdde5943bba,RS,8,1077.8000000000002,209.56,4.375,0.125,0.125,1,0.16278274919214514,False,True,False,False
579891617139df7d8671d373f0669622,RJ,8,280.3,128.2,4.5,0.25,0.125,1,0.3138310893512852,False,True,False,False
5e105f5c9f63f5f1fd75d6cb942e55b1,SP,8,1471.9,273.83,4.5,0.0,0.125,1,0.156857016835364,False,False,False,False
6562efe88ce0826a4ca4f189f03b4b84,PR,8,1076.0,282.32,3.75,0.125,0.125,1,0.20784498498144768,False,True,False,False
6b89abe95848c850399130d149a39b63,GO,8,1135.2,330.53,4.375,0.0,0.125,1,0.22550537957195388,False,False,False,False
81783131d2a97c8d44d406a4be81b5d9,SP,8,761.8399999999999,113.15,4.5,0.0,0.125,1,0.12931576360872699,False,False,False,False
8f580d36c1e9d6fbce95283403c7d447,SP,8,4813.25,180.15,4.375,0.125,0.125,1,0.03607762246164938,False,True,False,False
9bc484c87d79cd4874e05ca182658045,SP,8,970.0,105.12,4.25,0.125,0.125,1,0.09777513207827965,False,True,False,False
a1544b9ea0b2390e020537d4daa89049,SP,8,841.2,107.33,3.875,0.0,0.125,1,0.11315403835408473,False,False,False,False
ba6b4a237f92479743cf0ca06b67a9ac,RJ,8,801.89,111.82,4.25,0.125,0.125,1,0.1223801862735441,False,True,False,False
c1ed9e3daf6154542826a6996af0fb8c,SC,8,757.5,292.57,4.25,0.125,0.125,1,0.27861952060338835,False,True,False,False
c35affa65afd250151285c5917fc1c8a,SP,8,4779.92,644.84,4.25,0.125,0.125,1,0.11886977488405018,False,True,False,False
c6218512d16fcac0af02fe92691cf274,MG,8,674.0,194.64,4.0,0.0,0.125,1,0.22407441517774912,False,False,False,False
c7a0a13cbcf29d5ce51c8f80afdc0b89,SC,8,483.08000000000004,174.72,4.125,0.0,0.125,1,0.26561264822134384,False,False,False,False
d0d70d21e2234dd7cd3cf63fe414148a,PB,8,598.4,366.59000000000003,4.25,0.0,0.125,1,0.3798899470460834,False,False,False,False
dace965ca58120f92f8d742a9fa1864b,SP,8,1442.0,131.77,4.625,0.0,0.125,1,0.08372888033194177,False,False,False,False
e83c76265fc54bf41eac728805e4da77,SP,8,237.29999999999998,99.19,3.625,0.125,0.125,1,0.29477844809652587,False,True,False,False
e8a85b5f3df47be0984c55fd4064dbb4,DF,8,743.0,222.99,4.5,0.125,0.125,1,0.23084089897410948,False,True,False,False
eb72802c83dc7547529c9546d1a9b8ef,SP,8,1063.92,117.71,4.625,0.0,0.125,1,0.09961663126359349,False,False,False,False
f22a247b79dd22ecd91dc8e3b2a1b07c,SP,8,439.94,134.9,4.0,0.25,0.125,1,0.23467399624243268,False,True,False,False
f25e239052084705e17a982bc600ab2a,SP,8,7380.0,405.48,4.25,0.0,0.125,1,0.05208156722514219,False,False,False,False
112453736dbe3889cfb74e1aaa0ba0c1,SP,7,1890.0,264.77,4.142857142857143,0.0,0.14285714285714285,1,0.12287622344844229,False,False,True,False
184a67a8f9f63234d3a92340bbdb727f,SC,7,246.29,190.56,4.285714285714286,0.0,0.14285714285714285,1,0.43621380336499943,False,False,True,False
1b45169b635ef59425637e9a33eb5fb3,PR,7,308.9,110.45,4.571428571428571,0.0,0.14285714285714285,1,0.2633838082747109,False,False,True,False
1f867308a0ce13133a4e639ff4de0c02,PR,7,875.1,209.82,4.142857142857143,0.0,0.14285714285714285,1,0.19339674814732882,False,False,True,False
20a8b0dc55da94fe74d112082427c84f,SP,7,407.4,123.98,4.285714285714286,0.14285714285714285,0.14285714285714285,1,0.23331702359893108,False,True,True,False
20b54c376b794ed028df09a3cd88e8dc,SP,7,927.87,114.2,3.7142857142857144,0.2857142857142857,0.14285714285714285,1,0.1095895669196887,False,True,True,False
2b03ac196f5ed62ac483960fe0fa3b65,SP,7,843.1,92.09,4.142857142857143,0.14285714285714285,0.14285714285714285,1,0.09847196826313369,False,True,True,False
2f09f7d37a97956d11cc1a7cadd5262b,SP,7,625.0,126.91000000000001,4.0,0.14285714285714285,0.14285714285714285,1,0.16878349802502962,False,True,True,False
3076499bbc033a927bf4a8a41bcf7fd4,SP,7,359.33,124.3,4.285714285714286,0.0,0.14285714285714285,1,0.2570146599673304,False,False,True,False
35fb511489d9ee3ee27a76debce9df06,PR,7,414.5,172.29000000000002,3.5714285714285716,0.14285714285714285,0.14285714285714285,1,0.2936144106068611,False,True,True,False
38e6dada03429a47197d5d584d793b41,SP,7,596.14,206.91,4.428571428571429,0.0,0.14285714285714285,1,0.2576551895896893,False,False,True,False
3985a3c45be355a4c57fde108bfabd1c,RS,7,344.2,172.0,4.0,0.0,0.14285714285714285,1,0.33320418442464156,False,False,True,False
39d61be7a92eb77b7da367bd4845bc0e,SP,7,700.59,209.03,4.0,0.0,0.14285714285714285,1,0.22979925683252347,False,False,True,False
3f9be91358837bff69df67edfa3e42e8,PR,7,569.7,132.36,4.428571428571429,0.0,0.14285714285714285,1,0.18853089479531665,False,False,True,False
4c61e37f664c3c88aff092aa5ac779d7,RJ,7,788.3100000000001,119.86,4.0,0.14285714285714285,0.14285714285714285,1,0.13197969543147206,False,True,True,False
4d600e08ecbe08258c79e536c5a42fee,PR,7,3816.17,142.96,4.428571428571429,0.0,0.14285714285714285,1,0.03610894312639393,False,False,True,False
54aa8463e87776b5612f4bdc4bd5d4de,MG,7,649.3,123.53,3.857142857142857,0.0,0.14285714285714285,1,0.15984110347683192,False,False,True,False
5fd924b4836098a5be0ecf81ba054ce0,SP,7,1148.8,135.54,4.0,0.0,0.14285714285714285,1,0.10553280284036937,False,False,True,False
651fe66032c9520ee5587f694908040d,RS,7,464.0,128.73,4.0,0.0,0.14285714285714285,1,0.21718151603596914,False,False,True,False
6da1992f915d77be95d7fa48b36904af,SP,7,261.0,122.66,4.0,0.0,0.14285714285714285,1,0.3197101600375333,False,False,True,False
6e1862e15f33d9994bc25922a85e1efc,SP,7,668.49,110.83,4.428571428571429,0.0,0.14285714285714285,1,0.14221372478571062,False,False,True,False
6e4a902d1054e4e17aa6eab87fac1c75,SP,7,586.57,109.13,4.142857142857143,0.14285714285714285,0.14285714285714285,1,0.1568635906281443,False,True,True,False
70bf57d811208f8923b41bbd499a67a4,SP,7,780.8000000000001,88.93,4.142857142857143,0.0,0.14285714285714285,1,0.10225012360157751,False,False,True,False
78a4d36f65a019172c6154468831a69f,SP,7,1545.5,223.4,4.285714285714286,0.14285714285714285,0.14285714285714285,1,0.12629317655039854,False,True,True,False
79565f7d5603b24ddf07ade262547f2f,SP,7,346.0,98.11,4.428571428571429,0.2857142857142857,0.14285714285714285,1,0.2209137375875346,False,True,True,False
7d7d2b7a51328016102d4528c411d630,SP,7,918.8,180.05,4.142857142857143,0.14285714285714285,0.14285714285714285,1,0.16385311917004144,False,True,True,False
87e24fc7052259b1f7f607d61c10d8be,SP,7,7073.59,214.65999999999997,3.857142857142857,0.14285714285714285,0.14285714285714285,1,0.029452886495386407,False,True,True,False
8f2b51a30523cdecddc2f179f351c7d6,SP,7,1027.9,148.33,4.142857142857143,0.0,0.14285714285714285,1,0.12610628873604654,False,False,True,False
94b9108d4b637ba65bb4f1e53cfcf8d8,SP,7,234.95999999999998,99.13,4.428571428571429,0.14285714285714285,0.14285714285714285,1,0.29671645365021404,False,True,True,False
9a03a4e9eb0b947652fae4f6121a3f5e,SP,7,1497.0,185.22,3.857142857142857,0.0,0.14285714285714285,1,0.11010450476156507,False,False,True,False
ac6417315ae5da8f9a38ee11de6f7780,SP,7,716.4,134.72,4.142857142857143,0.14285714285714285,0.14285714285714285,1,0.15828555315349185,False,True,True,False
b248792ac0b60ec3f93d80af1b4fae47,SP,7,454.5,153.85,3.857142857142857,0.14285714285714285,0.14285714285714285,1,0.2528971808991534,False,True,True,False
b274baf5bbd142410eb2958cf685d684,RS,7,585.9,148.67000000000002,4.285714285714286,0.0,0.14285714285714285,1,0.2023905141783629,False,False,True,False
c42fd8e4d47dfb18ce5222f2dd7752f9,SP,7,466.99,161.64000000000001,3.8,0.2857142857142857,0.14285714285714285,1,0.2571305855590729,False,True,True,False
d594982fd877af63ace38ea1fca27c76,SP,7,217.04,92.66,4.428571428571429,0.0,0.14285714285714285,1,0.29919276719405874,False,False,True,False
de66a66f2dd06bb9ec37aa96987466a3,RJ,7,353.32,115.66,4.142857142857143,0.0,0.14285714285714285,1,0.24662032496055267,False,False,True,False
e3dd723429d1b23614b7fa85e2c7a853,SP,7,471.05,126.57,3.7142857142857144,0.14285714285714285,0.14285714285714285,1,0.2117901007329072,False,True,True,False
fa3a0b5aabb344b9a92e3524b0202123,SP,7,1789.0,164.41,4.142857142857143,0.14285714285714285,0.14285714285714285,1,0.08416563855002278,False,True,True,False
085f6f7e049c996695fb2074fe38d45e,SP,6,305.4,130.56,4.0,0.0,0.16666666666666666,1,0.29947701624002204,False,False,True,False
0bfd0b434243adc5c2e1aa6baf19c6aa,RJ,6,371.20000000000005,65.78999999999999,3.6666666666666665,0.0,0.16666666666666666,1,0.1505526442252683,False,False,True,False
0e44d110fa6a54e121cb2c095a77762f,SP,6,223.32,70.06,4.333333333333333,0.16666666666666666,0.16666666666666666,1,0.23880291771763584,False,True,True,False
2ba91c7ad80ff88b23b7db823b43c233,SP,6,740.4,99.93,3.8333333333333335,0.16666666666666666,0.16666666666666666,1,0.11891756809824713,False,True,True,False
2cb6eb1b7185064167657fa09f541105,MG,6,1217.9,164.78,4.333333333333333,0.0,0.16666666666666666,1,0.11917435704573726,False,False,True,False
2ea0861cc19e94cad86438c984c52da4,SP,6,165.6,62.449999999999996,3.3333333333333335,0.0,0.16666666666666666,1,0.2738434553825915,False,False,True,False
35857757f553273b1056c1cabdace7fb,SP,6,454.6,118.74000000000001,4.0,0.16666666666666666,0.16666666666666666,1,0.20710224299717445,False,True,True,False
3dfd3dc96f7f8598eca74e9ac8a2fa31,SP,6,183.0,75.7,4.0,0.16666666666666666,0.16666666666666666,1,0.2926169308078856,False,True,True,False
50770d25768b0486d89be26afca3108f,SP,6,171.76999999999998,76.08999999999999,4.0,0.16666666666666666,0.16666666666666666,1,0.3069878157024127,False,True,True,False
52092ddbd3a58c450a4459bf051b2287,SP,6,351.7,75.35,4.333333333333333,0.0,0.16666666666666666,1,0.1764430394567381,False,False,True,False
52ac6f920b7280e4c6d30dd94de6259b,PR,6,5657.3,726.59,3.6666666666666665,0.0,0.16666666666666666,1,0.11381618417610578,False,False,True,False
55c26bcb609f480eb7868594245febb5,SP,6,664.4000000000001,161.82999999999998,4.0,0.0,0.16666666666666666,1,0.1958655580165329,False,False,True,False
5795aebfe331fbcd02a2c4b679fb7952,SC,6,1280.0,156.09,3.8333333333333335,0.0,0.16666666666666666,1,0.10869095948025542,False,False,True,False
5d378b73ab7dd6f0418d743e5dcb0bd1,SP,6,11254.0,358.7,3.8333333333333335,0.16666666666666666,0.16666666666666666,1,0.030888596105987407,False,True,True,False
6750d71153f00fc58829af2a8ef1bcf1,RJ,6,3514.0,112.5,4.166666666666667,0.0,0.16666666666666666,1,0.03102164621535916,False,False,True,False
6879c4d287a8dd06b11f54ea8f78e4da,SP,6,527.67,149.46,4.333333333333333,0.0,0.16666666666666666,1,0.2207257099818351,False,False,True,False
777a0c55737f34ffeb78010f7542ab41,SP,6,452.5,75.83,4.333333333333333,0.0,0.16666666666666666,1,0.1435277194177881,False,False,True,False
78744a20ee2f80ba64f6804c25def2b8,PE,6,2715.0,353.85,4.166666666666667,0.16666666666666666,0.16666666666666666,1,0.11530377828828389,False,True,True,False
89ad3263c0931c47f976d7c5778e60f6,SP,6,568.2,131.54,4.166666666666667,0.0,0.16666666666666666,1,0.18798410838311372,False,False,True,False
91f5779a8731baca4809fdeade81803f,RJ,6,1971.46,145.63,3.8333333333333335,0.0,0.16666666666666666,1,0.06878781723970166,False,False,True,False
9aa388272ee334b6ae07bc73706e254a,MG,6,678.0,183.46,4.333333333333333,0.0,0.16666666666666666,1,0.2129640377962993,False,False,True,False
a254c682cc01e119f83530446f1df9a9,SP,6,569.4,240.02,4.0,0.16666666666666666,0.16666666666666666,1,0.29653332015517286,False,True,True,False
a4b6b9b992b46e9ef863637af96e04bc,SC,6,5293.0,209.84,3.6666666666666665,0.16666666666666666,0.16666666666666666,1,0.038133036759200704,False,True,True,False
a5dd1946fb63ada8bcaa0c9cd8f11e22,PE,6,219.62,206.71,3.8333333333333335,0.0,0.16666666666666666,1,0.4848591466704196,False,False,True,False
a67780aba9dd436e7ac0aa1f889e73ec,SP,6,863.0,178.04000000000002,3.6666666666666665,0.16666666666666666,0.16666666666666666,1,0.1710212864059018,False,True,True,False
ab3e0c171fe84a7ba7de130f19cfb485,PR,6,623.45,112.88,4.0,0.3333333333333333,0.16666666666666666,1,0.15330082979099044,False,True,True,False
ae7ab174effdead6c241e547e4ca13f0,PR,6,2778.6,795.46,4.333333333333333,0.0,0.16666666666666666,1,0.2225648142448644,False,False,True,False
af7cdac9d9897cddead9c6b08976c642,SP,6,543.54,150.47,3.6666666666666665,0.16666666666666666,0.16666666666666666,1,0.21681243786112592,False,True,True,False
b1204cfda1d4948679db3cfc0d3cb95c,SP,6,411.20000000000005,100.05,4.333333333333333,0.0,0.16666666666666666,1,0.1956968215158924,False,False,True,False
b29d3380981c51df13fc6fbe87e1763d,SP,6,435.3,98.58,3.8333333333333335,0.0,0.16666666666666666,1,0.18464823555855248,False,False,True,False
b586cd24c010a13916af621b0325fbba,SC,6,1108.94,263.99,3.8333333333333335,0.0,0.16666666666666666,1,0.19228219938379962,False,False,True,False
b8a0adc91af209270c2c725168eb00fd,SP,6,281.4,107.09,4.0,0.0,0.16666666666666666,1,0.2756570310690108,False,False,True,False
ba6ce6de456f6c11d08c17701ba5c26f,SP,6,744.35,130.16,4.166666666666667,0.0,0.16666666666666666,1,0.14883763478976797,False,False,True,False
c0f783394e37cd9c9d7f5f81141450fa,SP,6,249.39999999999998,87.35,3.6,0.0,0.16666666666666666,1,0.25939123979213063,False,False,True,False
c522be04e020c1e7b79f3acff36513d5,SP,6,649.94,90.48,4.0,0.3333333333333333,0.16666666666666666,1,0.12220091299532697,False,True,True,False
ca7c6bd577e559472af1c699de9e764e,SP,6,148.0,70.82,4.333333333333333,0.0,0.16666666666666666,1,0.3236450050269628,False,False,True,False
eba88037e1dca898cd02881f67ced679,SP,6,838.1,93.47,4.333333333333333,0.16666666666666666,0.16666666666666666,1,0.10033599192760607,False,True,True,False
ed859002ad59dbf8cf3602696a6c3000,PR,6,2063.9,225.44,4.166666666666667,0.0,0.16666666666666666,1,0.09847379594118828,False,False,True,False
f35becee938e982bd615edf8ef12bcfb,SP,6,148.59,78.22,4.0,0.0,0.16666666666666666,1,0.3448701556368767,False,False,True,False
f419677537694f0462a91990df6ca44f,SP,6,220.5,78.78,4.0,0.16666666666666666,0.16666666666666666,1,0.26323175621491585,False,True,True,False
039e6ad9dae79614493083e241147386,SP,5,12925.0,348.42,4.0,0.2,0.2,1,0.026249451912167324,False,True,True,False
0791d9fc1e30678ecf03d3e55fa108d3,MG,5,842.0,186.99,4.0,0.0,0.2,1,0.181721882622766,False,False,True,False
11eac105f3f90a9b87b19c89d91e24f3,SP,5,802.89,124.94,3.6,0.0,0.2,1,0.13465828869512736,False,False,True,False
180c3376aff0e43dd5788709df48a843,SP,5,4513.0,209.97,4.4,0.2,0.2,1,0.044457195366474904,False,True,True,False
1e8c6a4c538f286aee9573239740a4b4,SP,5,359.7,87.12,3.8,0.0,0.2,1,0.19497784342688332,False,False,True,False
282c7480173bb9c01dd41cc739fec010,SP,5,4274.2,192.10999999999999,4.0,0.2,0.2,1,0.04301313612355614,False,True,True,False
29fe9f200d3fa0c668d2aa1ec7e08dfb,SC,5,400.0,114.16,4.0,0.0,0.2,1,0.22203205227944608,False,False,True,False
2b3b9ce054da76a7428df143a567b156,SP,5,301.0,62.28,3.6,0.0,0.2,1,0.1714380092490641,False,False,True,False
33dd941c27854f7625b968cc6195a552,ES,5,6787.5,380.91,4.4,0.0,0.2,1,0.053137306599371416,False,False,True,False
3a4127e1ba7208ea37044c5092aae170,SP,5,1842.6999999999998,81.45,4.0,0.0,0.2,1,0.042330379648156335,False,False,True,False
49cdc90518a4f82676b38b3c1aa43ff6,SP,5,1539.5,82.61,3.8,0.0,0.2,1,0.05092749566922095,False,False,True,False
56e361f411e38dcef17cdc2a3d99628b,SP,5,1298.0,1857.76,4.0,0.2,0.2,1,0.5886886201739042,False,True,True,False
5dc203c7b84a0e71e878a179de05fb9a,SP,5,421.9,128.15,4.0,0.0,0.2,1,0.232978820107263,False,False,True,False
6219ba2359cfb97f2e38fd4c321eb309,SP,5,342.6,82.55,4.0,0.6,0.2,1,0.19416676467129246,False,True,True,False
63b9ae557efed31d1f7687917d248a8d,SP,5,139.5,102.81,4.2,0.0,0.2,1,0.42429119722669306,False,False,True,False
6861de0f40cacb0602e473c51639f980,PR,5,674.0,275.73,3.6,0.2,0.2,1,0.29032461857580577,False,True,True,False
68ca56ce86830f3d31b1b7ec6a54da3e,PR,5,599.6899999999999,123.33999999999999,4.0,0.0,0.2,1,0.17058766579533352,False,False,True,False
717b78b0950b51ed00b1471d858b0edc,SP,5,138.6,81.15,4.0,0.2,0.2,1,0.36928327645051195,False,True,True,False
741f8c587cb4248ebc5b779a0e8e0e51,SP,5,89.95,67.69,4.0,0.2,0.2,1,0.4293960923623446,False,True,True,False
7df1fc11cc5cbc518b39faa60cf5d67c,MS,5,1037.6,134.36,4.2,0.0,0.2,1,0.1146455510426977,False,False,True,False
7f35f9daf223da737b78738fbae4d977,SP,5,252.0,101.01,4.0,0.0,0.2,1,0.2861392028554432,False,False,True,False
83353a83fd769dfafa4f21a72b15e3e5,SP,5,579.5,94.83,3.8,0.2,0.2,1,0.14062847567214865,False,True,True,False
83b08de96980757220871b31bf6cffca,RJ,5,1304.17,454.21000000000004,4.0,0.2,0.2,1,0.2583116277482683,False,True,True,False
883dd81e82754ac2c65e9790a7db8c9a,PR,5,319.5,74.96000000000001,4.4,0.0,0.2,1,0.19003194240227148,False,False,True,False
8fb791022c1fc8909664f48ab7dc636d,SP,5,8119.95,363.4,4.2,0.0,0.2,1,0.04283685100815126,False,False,True,False
901b460cdce0c64e471230d7f2f9f3a3,RS,5,1904.0,108.56,4.4,0.0,0.2,1,0.05394124895655285,False,False,True,False
9d489893ff6af05029671b785f54b998,SP,5,298.7,102.53999999999999,4.0,0.0,0.2,1,0.2555577709101784,False,False,True,False
ba6b68b55fe8704377a7d43c8e5c0185,MG,5,739.77,92.44999999999999,4.2,0.0,0.2,1,0.111088414121266,False,False,True,False
bca9230d3bbb4efa51872bf605a2f1ad,SP,5,117.57,50.63,4.0,0.2,0.2,1,0.30101070154577886,False,True,True,False
bdb3edbaee43a761e2d4f258dc08f348,SP,5,259.5,68.86,3.8,0.2,0.2,1,0.20970885613351198,False,True,True,False
bff9deb0ec77d437f3305a79cf25529e,SP,5,161.95,80.78999999999999,4.0,0.0,0.2,1,0.33282524511823347,False,False,True,False
c4f7fee5b0db50e87766f5a4d1b1b758,SP,5,2762.0299999999997,152.69,4.0,0.0,0.2,1,0.0523858209364879,False,False,True,False
d5c530f4884a75ae0dba9c148718d278,MG,5,252.93,143.21,4.0,0.2,0.2,1,0.36151360630080276,False,True,True,False
d79e8478eed9999493990b44955fb22e,RJ,5,721.89,80.72,4.0,0.2,0.2,1,0.1005718842277071,False,True,True,False
df47da4ae86fa4db890d05aaf24e21d8,SP,5,310.5,77.18,4.2,0.0,0.2,1,0.19908171687990095,False,False,True,False
e819bcfade7b5d88a27325eb6cfd62c5,SP,5,202.89999999999998,135.35,4.2,0.2,0.2,1,0.4001478196600148,False,True,True,False
f021c962aaba8ef6eb527a9c2c8394d1,SC,5,4398.5,135.37,4.2,0.0,0.2,1,0.02985749481127602,False,False,True,False
f626e15b7314c267e4429010866f70e9,SP,5,193.54999999999998,125.47,3.8,0.0,0.2,1,0.39329822581656326,False,False,True,False
f783a638e9c6af4a7d0dbfde811e7a81,SP,5,849.8,153.1,4.0,0.2,0.2,1,0.15265729384784127,False,True,True,False
081acf3de680d554796c9cf041be7bc2,MG,4,1597.3,205.5,3.25,0.25,0.25,1,0.11398934990015532,False,True,True,False
09883d9ab71c8fe8a9bfc7fc3075b07e,SP,4,269.6,60.49,4.0,0.25,0.25,1,0.1832530521978854,False,True,True,False
0aa2205ca24f113f4658a5c536667426,SP,4,815.62,172.48,4.0,0.0,0.25,1,0.1745572310494889,False,False,True,False
0d83f8e03188682112cc0d93523705cc,RS,4,696.26,124.31,3.75,0.25,0.25,1,0.15149225538345298,False,True,True,False
0f0c984a4a955310903b6b6008660bad,SP,4,369.81,111.57,3.75,0.0,0.25,1,0.2317711579209772,False,False,True,False
160e4f13fd3a64b1b86807be88b5ffb0,PR,4,886.0,94.45,4.25,0.0,0.25,1,0.09633331633433627,False,False,True,False
189ca3538ce9f920cacf0f982cbe223b,SP,4,419.0,62.67,4.25,0.0,0.25,1,0.13010982622957626,False,False,True,False
1d1bbb8ac1581824986f582583fff01d,SC,4,166.88,59.589999999999996,3.5,0.25,0.25,1,0.26312535876716564,False,True,True,False
1d2732ef8321502ee8488e8bed1ab8cd,RJ,4,1148.0,80.17999999999999,3.0,0.25,0.25,1,0.06528359035320555,False,True,True,False
26e13b6ff5b641b329e5524241ee2c93,SP,4,119.69999999999999,69.97999999999999,4.0,0.0,0.25,1,0.3689371573175875,False,False,True,False
32f1bb9dfa65bc7df5c0d9d95a616be4,SP,4,246.49,48.31,4.0,0.25,0.25,1,0.16387381275440976,False,True,True,False
35ef5aa32949680f627efec3c23e705c,SC,4,361.59999999999997,156.81,3.75,0.0,0.25,1,0.30248259099940206,False,False,True,False
4170f6a9367e6b5d6401d03ce6d54569,DF,4,568.78,93.03,4.0,0.25,0.25,1,0.14056904549644159,False,True,True,False
4a82168aaef173cbb6e46ae88728f919,PR,4,512.0,100.39,4.0,0.0,0.25,1,0.16393148157220072,False,False,True,False
4deebb3199eeafb282ae33229144f94b,SP,4,779.7,141.79,4.0,0.25,0.25,1,0.1538703621308967,False,True,True,False
4e85b538b0dad58852641540686d0e14,SP,4,361.97999999999996,74.36,3.75,0.5,0.25,1,0.1704175642847321,False,True,True,False
5f06030071324cc52bf0304014ac7234,SP,4,783.96,100.35000000000001,4.0,0.0,0.25,1,0.11347830511924552,False,False,True,False
6bb62a4912377c7bfe7cb17b406bc7e6,SP,4,739.52,105.86999999999999,4.25,0.0,0.25,1,0.12523214137853533,False,False,True,False
700f03c207639c22d933381ff60b35c2,SP,4,1189.8600000000001,136.45,4.0,0.5,0.25,1,0.10287941733078991,False,True,True,False
72146da5774cabf2632faedcae097a76,PR,4,200.94,110.49,4.0,0.25,0.25,1,0.3547827762257971,False,True,True,False
72c38a04bd6a1c3dbc5298425a0db86d,PR,4,647.3,113.35,3.75,0.0,0.25,1,0.14901728784592125,False,False,True,False
74636e24f01da9268b0ed88dacd8513e,SP,4,776.0,272.61,4.0,0.25,0.25,1,0.25997272579891473,False,True,True,False
74c7dec0a384d8a05950e629bd23bde9,SP,4,97.78,52.01,4.25,0.0,0.25,1,0.3472194405501035,False,False,True,False
7d948535954aaf8c5d39db007f74372e,SP,4,194.0,43.8,3.75,0.0,0.25,1,0.18418839360807399,False,False,True,False
85044848b1b767db2a4a58526adef4b4,SP,4,240.60000000000002,64.91,3.25,0.0,0.25,1,0.21246440378383685,False,False,True,False
8d899e15a5925f097cca50faa49b15e3,SP,4,645.0,150.98000000000002,3.75,0.25,0.25,1,0.1896781326163974,False,True,True,False
9853a239ab7b7ebbdc3a21248d5b8e1f,PR,4,242.0,68.2,3.75,0.25,0.25,1,0.2198581560283688,False,True,True,False
9cea4682e16655f7da87f406902e989e,PR,4,87.75999999999999,131.47,4.0,0.0,0.25,1,0.5996898234730649,False,False,True,False
a218df5c097b0ca409cfaac1488cc7f6,SP,4,130.69,110.00999999999999,2.75,0.0,0.25,1,0.4570419609472372,False,False,True,False
a53f60f05f822b5c621a50ff6a5cb362,MG,4,415.40000000000003,129.13,3.6666666666666665,0.0,0.25,1,0.23714028611830387,False,False,True,False
aded58c8142dedc5494a81f948431fab,RJ,4,289.5,89.98,3.75,0.0,0.25,1,0.23711394539896702,False,False,True,False
b0398568231ba5e6734af1881671a317,ES,4,656.77,113.35,4.0,0.0,0.25,1,0.14718485430841946,False,False,True,False
b98b715fe9e276204e2a3464f48cd796,SP,4,388.6,50.93,4.0,0.0,0.25,1,0.11587377425886741,False,False,True,False
bd4ff04377f974574f7f0bf9d6ce7dde,SP,4,164.96,50.14,3.5,0.25,0.25,1,0.2331008833100883,False,True,True,False
c714262700f93defc16bf17a51a4cb23,SP,4,421.8,69.53,3.75,0.0,0.25,1,0.1415138501618057,False,False,True,False
d8d9567d0bfb0bc7eb845a205ba42657,SP,4,74.6,59.71,3.5,0.25,0.25,1,0.44456853547762637,False,True,True,False
d9d43faf741ceaa8da52fdbb81d9e0e3,SP,4,161.0,174.79000000000002,4.0,0.0,0.25,1,0.5205336668751304,False,False,True,False
dbbcfe2c8d026742134ac3e28ccde274,PR,4,308.59000000000003,54.379999999999995,4.0,0.0,0.25,1,0.14981954431495714,False,False,True,False
e5f9e61ceb5f523cc966e0f34095032f,SC,4,2238.0,115.44,4.0,0.25,0.25,1,0.049051601060575156,False,True,True,False
ed46f1eb4a638113deb2a1137b5f22e9,SC,4,3470.0,216.68,4.0,0.0,0.25,1,0.05877374765371554,False,False,True,False
eebb3372362aa9a46975164bed19a7e7,SP,4,295.96,58.65,3.25,0.5,0.25,1,0.16539296692140662,False,True,True,False
f650a9708fa1bab22bdd8d3a818cc415,SC,4,416.04,71.44,4.0,0.0,0.25,1,0.14654960203495526,False,False,True,False
f9d010e39375d9c91dce3f40b73a2f84,SP,4,1212.0,138.14,3.5,0.25,0.25,1,0.10231531544876828,False,True,True,False
fce62094ffe6a4009188ec44e681dfdd,SP,4,2969.7,482.93,4.0,0.25,0.25,1,0.13987308225903153,False,True,True,False
ff82e8873fba613f2261a9acc896fd84,MG,4,124.6,58.93,3.5,0.0,0.25,1,0.32109191957718086,False,False,True,False
0015a82c2db000af6aaaf3ae2ecb0532,SP,3,2685.0,63.06,3.6666666666666665,0.0,0.3333333333333333,1,0.02294709722495142,False,False,True,False
042573af89b6d931f672efaf789d8358,SP,3,413.48,65.09,3.6666666666666665,0.3333333333333333,0.3333333333333333,1,0.1360093612219738,False,True,True,False
0d4c8269e7f0401201794deef160edd6,SP,3,792.64,99.39,3.6666666666666665,0.0,0.3333333333333333,1,0.11142001950607043,False,False,True,False
1099a00e0ee3a50935e6c2447ca090c5,RJ,3,849.6999999999999,61.129999999999995,3.6666666666666665,0.3333333333333333,0.3333333333333333,1,0.06711460975154529,False,True,True,False
134285d1f41da5c13a756ee8142c8a4e,SP,3,1572.6999999999998,80.93,3.3333333333333335,0.0,0.3333333333333333,1,0.04894081505536306,False,False,True,False
1588ac4010787100dddef64568f0ae35,PR,3,599.97,46.0,3.0,0.0,0.3333333333333333,1,0.07121073734074337,False,False,True,False
17eea220a40cc0d2c0c5346379682398,SP,3,875.98,76.0,3.6666666666666665,0.6666666666666666,0.3333333333333333,1,0.07983360994978886,False,True,True,False
1bc2e21de46adfea6b98cc96b00f3b40,SC,3,1039.95,102.60000000000001,3.3333333333333335,0.0,0.3333333333333333,1,0.08979913351713274,False,False,True,False
1d0997ff06b524ce9289ffd75114ecd3,PE,3,3747.0,126.57,3.6666666666666665,0.3333333333333333,0.3333333333333333,1,0.032675284040303905,False,True,True,False
2305ab43e846518f58dd9d59f3f54e96,SP,3,788.89,42.370000000000005,3.6666666666666665,0.0,0.3333333333333333,1,0.05097081538868706,False,False,True,False
249f0e9905a6e06ad6c6bea7547ab9f6,RJ,3,347.95,39.04,3.6666666666666665,0.0,0.3333333333333333,1,0.1008811597198894,False,False,True,False
252e76235acb79183cfca6e34f13337d,SP,3,261.2,60.57,3.3333333333333335,0.0,0.3333333333333333,1,0.1882400472387109,False,False,True,False
2a7c6c0b0d5efde2bf75ec1e1cec2d41,PR,3,147.6,44.44,3.3333333333333335,0.0,0.3333333333333333,1,0.23141012289106436,False,False,True,False
2c43fb513632d29b3b58df74816f1b06,MG,3,858.0,72.17,3.6666666666666665,0.0,0.3333333333333333,1,0.07758796779083393,False,False,True,False
2dd1fb6f0e42a2243b8a01e40cd41216,PR,3,686.89,80.43,3.6666666666666665,0.0,0.3333333333333333,1,0.10481937131835481,False,False,True,False
2f73e04d12cdf0c945ded66bb3fcf6c7,ES,3,1359.0,101.85,3.3333333333333335,0.0,0.3333333333333333,1,0.06971968374576445,False,False,True,False
3442f8959a84dea7ee197c632cb2df15,SP,3,218.70000000000002,27.9,3.0,0.3333333333333333,0.3333333333333333,1,0.11313868613138685,False,True,True,False
39f776d2974049026ff531fc42ef2a3e,GO,3,1084.04,90.37,3.6666666666666665,0.0,0.3333333333333333,1,0.07694927665806661,False,False,True,False
3d3ccf2b2f8134b10dce9dd446f0e075,SP,3,608.6,141.93,3.3333333333333335,0.3333333333333333,0.3333333333333333,1,0.18910636483551624,False,True,True,False
3d700782d7818f2c1e0d7a9e9d75fc00,SP,3,149.7,85.41,3.6666666666666665,0.3333333333333333,0.3333333333333333,1,0.3632767640678831,False,True,True,False
3fadb4cba4c35bce6a7eaf9872d5623a,RS,3,209.5,68.02000000000001,3.3333333333333335,0.0,0.3333333333333333,1,0.24509945229172678,False,False,True,False
44f091b5abab8018f682fce8124b85e5,SP,3,354.4,34.78,3.6666666666666665,0.6666666666666666,0.3333333333333333,1,0.08936738784110182,False,True,True,False
461ff5303b6c9c1a4a07f40c5aece516,PR,3,102.69999999999999,58.73,3.6666666666666665,0.0,0.3333333333333333,1,0.36381093972619716,False,False,True,False
47648caee88ccfe951fbb27fbf7b4cbe,SP,3,1564.99,68.0,3.6666666666666665,0.3333333333333333,0.3333333333333333,1,0.04164140625478417,False,True,True,False
52454f90d4c30c016768db02f88c1a74,SP,3,80.5,67.17,3.6666666666666665,0.0,0.3333333333333333,1,0.45486557865510935,False,False,True,False
578fa3a9cb6b6dceab39231ad59cdaca,CE,3,150.0,37.2,3.6666666666666665,0.3333333333333333,0.3333333333333333,1,0.19871794871794873,False,True,True,False
62760d278921b5f352461620d68a9cee,SP,3,397.0,53.1,3.6666666666666665,0.3333333333333333,0.3333333333333333,1,0.11797378360364363,False,True,True,False
6bb66d9870c2e01c05655c7ed0e7ee13,SP,3,269.0,52.02,3.6666666666666665,0.0,0.3333333333333333,1,0.1620459784437107,False,False,True,False
6d2f2e3b539480db1e0842b3a4e32e6e,SP,3,305.96,168.3,3.6666666666666665,0.0,0.3333333333333333,1,0.35486863745624764,False,False,True,False
6d7f8d9d594e28796b6b3205b00f459c,PR,3,417.9,59.11,3.6666666666666665,0.0,0.3333333333333333,1,0.12391773757363578,False,False,True,False
6eeed17989b0ae47c9f11ece6f38ea90,SP,3,557.0,119.01,3.6666666666666665,0.0,0.3333333333333333,1,0.17604769160219524,False,False,True,False
7c9130f5f3729edd32aa059141d92484,SP,3,126.0,67.15,3.3333333333333335,0.0,0.3333333333333333,1,0.3476572611959617,False,False,True,False
8759e7aedd644f487315e5860962f162,SP,3,627.0,166.34,3.6666666666666665,0.3333333333333333,0.3333333333333333,1,0.20967050697052966,False,True,True,False
8c3b533c63cca56240f94f1e3a6b18ef,MG,3,1849.5,610.32,2.0,0.6666666666666666,0.3333333333333333,1,0.24811571578408176,False,True,True,False
94c49f20a123aeb9360dbf80ff912bf6,SP,3,277.75,61.540000000000006,3.6666666666666665,0.0,0.3333333333333333,1,0.18137876153143329,False,False,True,False
9b1585752613ec342d03bbab9997ec48,RJ,3,4248.98,100.06,3.6666666666666665,0.0,0.3333333333333333,1,0.023007376340525725,False,False,True,False
9e9b539eb2806acee3f5c28085c1db9f,MG,3,967.0,72.47,3.6666666666666665,0.3333333333333333,0.3333333333333333,1,0.06971822178610253,False,True,True,False
a21c11ec5c3f03e7cc9f9203bff9e1c6,SP,3,385.0,90.88,3.6666666666666665,0.0,0.3333333333333333,1,0.19097251407917962,False,False,True,False
aa762680c40618316a896838866140ea,PR,3,261.0,62.46,3.3333333333333335,0.3333333333333333,0.3333333333333333,1,0.19309961046188093,False,True,True,False
ac51cac5e20d69ff485a54746488ef48,SP,3,700.0,58.7,3.6666666666666665,0.0,0.3333333333333333,1,0.07736918413074996,False,False,True,False
ad75519a07f039025e83795a4418470f,GO,3,302.1,115.82,3.6666666666666665,0.0,0.3333333333333333,1,0.2771343797856049,False,False,True,False
b43d8b707f887a30f4675391098354a0,SP,3,1342.0,184.76,3.0,0.3333333333333333,0.3333333333333333,1,0.12101443579868479,False,True,True,False
b56828a9f9027f3c918c04ca720d9e3c,SP,3,360.0,111.61000000000001,2.6666666666666665,0.3333333333333333,0.3333333333333333,1,0.2366574076037404,False,True,True,False
be3b4b0f050a6aa1b2d901c4b77e979f,PR,3,578.1999999999999,155.52,4.0,0.0,0.3333333333333333,1,0.2119609660360901,False,False,True,False
c7dcd301ecfe5ab7f778ac172cf74be7,MG,3,407.79,50.400000000000006,3.0,0.0,0.3333333333333333,1,0.10999803574936162,False,False,True,False
ccada0ef508e698917a6eab263375905,PR,3,172.8,59.160000000000004,3.6666666666666665,0.0,0.3333333333333333,1,0.25504397309881016,False,False,True,False
d7b2377bae6ace1b11fc69a11900ac36,SP,3,239.70000000000002,42.52,3.6666666666666665,0.3333333333333333,0.3333333333333333,1,0.15066260364254835,False,True,True,False
d9cb0052a666de5308b32f32ad5f1b1c,SP,3,231.89999999999998,38.59,3.6666666666666665,0.0,0.3333333333333333,1,0.14266701171947208,False,False,True,False
dbec9a0a7efeff029d4d9dce7dc4cc95,MG,3,1170.0,118.59,4.0,0.0,0.3333333333333333,1,0.09203082438944894,False,False,True,False
de09d00cfc265b8804c7df34075a68fa,SP,3,784.0,43.97,3.3333333333333335,0.0,0.3333333333333333,1,0.05310578885708419,False,False,True,False
e3e290b38963293022cdcd6db8328103,SP,3,135.7,46.34,3.3333333333333335,0.0,0.3333333333333333,1,0.2545594374862668,False,False,True,False
ebef8d8c92b4fd3226e5d407bbff21ac,SP,3,253.70000000000002,48.36,2.6666666666666665,0.3333333333333333,0.3333333333333333,1,0.16010064225650533,False,True,True,False
f049a72cf58fd31b11f8919cade515e7,SP,3,138.75,32.24,3.3333333333333335,0.0,0.3333333333333333,1,0.18854903795543598,False,False,True,False
f19516b9ff26bfeb091b30108db4ddbd,SP,3,162.7,56.52,3.6666666666666665,0.0,0.3333333333333333,1,0.2578231913146611,False,False,True,False
f1b854361f4e15d5851b494df66f22b2,RJ,3,1168.8,306.44,3.3333333333333335,0.0,0.3333333333333333,1,0.20772213334779424,False,False,True,False
f1c1ac3f3efc07e659c035008e615e66,SP,3,2294.96,214.72,3.3333333333333335,0.0,0.3333333333333333,1,0.08555672436326545,False,False,True,False
f6122bc84774df1b372bdb3bb88ddb9f,SP,3,4799.87,74.49000000000001,3.6666666666666665,0.3333333333333333,0.3333333333333333,1,0.01528200625312862,False,True,True,False
f88adb15807168d3c43d71021090ce4a,SP,3,488.8,52.26,3.3333333333333335,0.0,0.3333333333333333,1,0.09658817876021142,False,False,True,False
fcf16b7a8697e559f0123190bb30177d,SP,3,1052.8000000000002,499.77000000000004,3.3333333333333335,0.6666666666666666,0.3333333333333333,1,0.32189852953490017,False,True,True,False
07d75e33f2750d97d467fb57e4dfdd8a,SP,2,722.4,37.19,2.5,0.0,0.5,1,0.04896062349425348,False,False,True,False
091065b789659bc3cd9af9cb3a6253ff,RS,2,1359.0,85.37,3.5,0.0,0.5,1,0.059105353891315944,False,False,True,False
11938fcc75f6902fea1d0a6f72b54a57,SC,2,594.98,142.16,3.0,0.0,0.5,1,0.1928534606723282,False,False,True,False
12a8eb0f8d1cd3270695bf2a99f55966,SP,2,397.0,39.67,3.5,0.0,0.5,1,0.09084663475851329,False,False,True,False
1352e06ae67b410cdae0b2a22361167b,RJ,2,178.0,36.1,3.0,1.0,0.5,1,0.168612797758057,False,True,True,False
14f2b3587172b9db894c9bad8dab520b,RS,2,244.0,86.06,2.5,0.0,0.5,1,0.26074047142943707,False,False,True,False
1fbe10c70e30765ed1de86d9f7e98409,SP,2,98.75,59.36,2.5,0.0,0.5,1,0.37543482385680854,False,False,True,False
244b04680fdbded0acf5aebd9c92b44a,SP,2,1701.8000000000002,86.99,1.0,0.5,0.5,1,0.048630638588095854,False,True,True,False
26f6b7ab07be3e9e69ce82a6552efc19,RJ,2,54.8,25.95,3.0,0.5,0.5,1,0.32136222910216716,False,True,True,False
2cb4700db635baa1c0d4f90ed27b6669,PR,2,199.8,28.92,2.0,0.0,0.5,1,0.12644281217208814,False,False,True,False
43b2c864251aa0ce4030c746984e088a,DF,2,94.8,34.52,3.0,0.0,0.5,1,0.2669347355397464,False,False,True,False
458c6fa920810ce2492da71bc26d9eec,SP,2,756.76,105.61,2.5,0.0,0.5,1,0.12246483527952039,False,False,True,False
4a1917ef994878940e1fb03eeb787ad7,DF,2,768.0,78.62,3.0,0.0,0.5,1,0.09286338617089131,False,False,True,False
4b98b0428fc1932cc2514ef9ce2505e6,SP,2,327.63,35.8,3.0,0.5,0.5,1,0.09850590209944142,False,True,True,False
4ce8b55b4bfa4659184e7becc1fba3f2,PR,2,199.0,59.870000000000005,3.0,0.0,0.5,1,0.23127438482636073,False,False,True,False
4e0d109ccfba9a1151c103049880c857,RJ,2,279.89,67.84,3.0,0.0,0.5,1,0.19509389468840768,False,False,True,False
539ed9e19811677513447759be5eccfc,MG,2,32.83,31.09,3.0,0.0,0.5,1,0.4863892365456821,False,False,True,False
559d56f3b8f0bc2e5a9a62fe2ce2a39f,SC,2,385.0,48.72,2.5,0.5,0.5,1,0.11233053582956745,False,True,True,False
5659d77e8d90378e39b960ad5956f64e,SP,2,182.48000000000002,30.65,2.5,0.5,0.5,1,0.1438089428987003,False,True,True,False
56db5c0782e8f7ddc9343f9576ff6d16,SC,2,734.8,57.15,3.0,0.0,0.5,1,0.0721636466948671,False,False,True,False
6187a137b2af59dfdbad8d9f8c373c14,SP,2,74.8,30.22,3.0,0.0,0.5,1,0.28775471338792613,False,False,True,False
6650fcccd8cd2f7e55ffa524f30c4c59,SP,2,339.8,96.31,3.0,0.0,0.5,1,0.22083877920708078,False,False,True,False
685b870da5b52a710782c9c0fefbeb5b,SP,2,627.0,43.98,2.0,1.0,0.5,1,0.06554591791111508,False,True,True,False
6902157ee16728322d61a1321fa79e58,SP,2,159.8,31.630000000000003,3.0,0.0,0.5,1,0.16523011022305806,False,False,True,False
6bef34c5be6f2bbd70aa5165f6df94b1,SC,2,1198.0,132.88,2.0,0.0,0.5,1,0.0998437124308728,False,False,True,False
6f1a1263039c76e68f40a8e536b1da6a,SP,2,178.69,74.5,2.0,0.5,0.5,1,0.2942454283344524,False,True,True,False
71593c7413973a1e160057b80d4958f6,SP,2,299.5,45.849999999999994,3.0,0.0,0.5,1,0.13276386274793686,False,False,True,False
747c1cdcd1737dcfbd1547f6eb6f2cf3,SP,2,193.1,29.27,2.5,0.0,0.5,1,0.13162746773395692,False,False,True,False
74a9b9bddf14ece02beb81f52c41a88d,SP,2,95.0,22.06,3.5,0.0,0.5,1,0.18845036733299161,False,False,True,False
76de363de16dacc923eec8daf91df504,SC,2,360.0,50.42,2.5,0.0,0.5,1,0.12284976365674187,False,False,True,False
7c4adcc13272c0e26fa23aac642adb7b,RJ,2,135.0,30.630000000000003,3.0,0.5,0.5,1,0.18493026625611306,False,True,True,False
88ef59b51bdaa941d10a853429f2b6ce,PR,2,252.9,41.8,2.0,0.0,0.5,1,0.14183915846623685,False,False,True,False
8e4f041ff58e7845456d3482524014b3,RS,2,133.8,48.59,3.0,0.5,0.5,1,0.266407149514776,False,True,True,False
8f0fbe2cd4d472157dc1cdef6edecaa9,SP,2,71.88,22.88,3.0,0.0,0.5,1,0.24145208948923597,False,False,True,False
8ff38bc3969e67c36c48343a07090f66,SP,2,3472.0,387.56,2.5,0.0,0.5,1,0.1004155914145654,False,False,True,False
92c8bc6e8f925792247656fed09aad65,SP,2,134.8,26.44,3.0,0.5,0.5,1,0.16397916149838748,False,True,True,False
9535a841eecebed61a9fb1ac1cbb5597,SP,2,784.9,33.43,3.0,0.0,0.5,1,0.040851490230102774,False,False,True,False
968ee78631915a63fef426d6733d7422,RS,2,450.0,71.67,3.0,0.0,0.5,1,0.13738570360572777,False,False,True,False
98e164d549402270247f3c96a1a158ef,SP,2,162.7,24.72,2.5,0.0,0.5,1,0.1318962757443176,False,False,True,False
9996ae921c50e8dff411ac69c0b4bb8b,SP,2,29.700000000000003,43.67,2.0,0.0,0.5,1,0.5952023988005997,False,False,True,False
9bade61a92bed55a25d2b67b9f4ed739,PR,2,117.68,57.12,3.0,0.0,0.5,1,0.32677345537757435,False,False,True,False
a154d7316f158bb42e6fa18bbe3afd3a,SP,2,139.8,50.33,3.0,0.5,0.5,1,0.2647136169988955,False,True,True,False
a5ff20ff766e7f50bd5066f33da14413,SP,2,66.59,43.58,3.0,0.0,0.5,1,0.3955704819823908,False,False,True,False
a7dc4098e4da6e41b426269d12ae7e91,SP,2,518.0,36.45,3.0,0.0,0.5,1,0.06574082424023807,False,False,True,False
abe021b01ba992245271b9aa422032df,PR,2,6720.0,117.24000000000001,3.5,0.0,0.5,1,0.017147269951032874,False,False,True,False
b416191c9813d821a295cfabafff4161,SP,2,117.8,32.34,2.5,0.0,0.5,1,0.2153989609697616,False,False,True,False
bb3dca718920a4d7ec3cc9ffb025108b,SP,2,108.0,93.7,3.0,0.0,0.5,1,0.46455131383242443,False,False,True,False
bbd3acfe6de99892e73940d3fdceaf68,SP,2,69.0,24.55,3.0,0.0,0.5,1,0.26242650988776056,False,False,True,False
be1e9e378700cecaa4ebf71433d7915c,SP,2,119.89000000000001,37.62,3.0,1.0,0.5,1,0.23884197828709283,False,True,True,False
c1552b1dab6e6f760950368ae61fb600,SP,2,53.8,14.89,2.5,0.0,0.5,1,0.21677100014558162,False,False,True,False
c32fc744b9160ac853450488e3cfea93,SP,2,65.8,14.049999999999999,3.0,0.0,0.5,1,0.1759549154664997,False,False,True,False
c6381b1321d7d97717a5bb4ed5b77882,SP,2,66.0,34.01,3.0,0.0,0.5,1,0.34006599340065996,False,False,True,False
cb32766839f443db85c82a43c4a6c19e,SP,2,234.0,31.51,3.0,0.0,0.5,1,0.11867726262664308,False,False,True,False
d2df77822373f19934e87694d8640767,PR,2,155.9,40.5,3.0,0.0,0.5,1,0.20621181262729124,False,False,True,False
d4a5e99e0dd915df64ba55a7fbd583fd,SP,2,65.15,84.6,3.0,0.0,0.5,1,0.5649415692821369,False,False,True,False
e09887ca8c7bf8a4621ce481820414ef,SP,2,79.97,44.599999999999994,3.0,0.5,0.5,1,0.3580316288030826,False,True,True,False
e4f121bf6ef8b9a1d4d3e65dd0473fab,SP,2,70.0,36.46,3.0,0.5,0.5,1,0.3424760473417246,False,True,True,False
e5bd51692380fd8cabb19b756b95e714,SP,2,79.8,25.95,3.0,1.0,0.5,1,0.2453900709219858,False,True,True,False
e88165a185134e13fdfc85d4fa654db8,SP,2,108.0,41.22,3.0,0.5,0.5,1,0.2762364294330519,False,True,True,False
ea1776927851da2532aa70d6a32c095a,SP,2,283.9,38.18,3.5,0.0,0.5,1,0.11854197714853452,False,False,True,False
eb9cd5b35d95206585e2185318cb5c61,SP,2,550.0,61.55,3.0,0.0,0.5,1,0.10064589976289756,False,False,True,False
ec5c1d94df153d473b37f880977ae58e,SP,2,199.67000000000002,84.07,2.0,0.0,0.5,1,0.2962923803482061,False,False,True,False
f356c348fbc8df6a882823e21f5ce8b7,RS,2,195.18,30.47,2.5,0.0,0.5,1,0.13503212940394416,False,False,True,False
f664f98bfda2eaf266a23ff144e7a872,SP,2,153.99,7.8100000000000005,3.0,0.0,0.5,1,0.04826946847960445,False,False,True,False
fedf2c1386e137f296b3bbf3b635e69d,SP,2,131.74,79.16,3.5,0.0,0.5,1,0.375343764817449,False,False,True,False
010da0602d7774602cd1b3f5fb7b709e,SP,1,849.5,230.25,1.0,0.0,1.0,1,0.21324380643667515,False,False,True,False
0336182e1b3e92f029d5354832045fdf,SP,1,29.8,17.57,2.0,0.0,1.0,1,0.3709098585602702,False,False,True,False
1444c08e64d55fb3c25f0f09c07ffcf2,BA,1,2749.0,69.74,1.0,0.0,1.0,1,0.024741551189538587,False,False,True,False
154bdf805377afea75a3bd158e9eab10,SP,1,89.9,19.82,1.0,1.0,1.0,1,0.18064163324826832,False,True,True,False
15b3b1b81484422eb41df68ac87f1f50,SP,1,43.35,12.69,1.0,0.0,1.0,1,0.22644539614561027,False,False,True,False
19484c79cef6c062cb177aa4ef2fcc3c,SP,1,201.9,10.16,1.0,1.0,1.0,1,0.047910968593794206,False,True,True,False
1b4b28463457a256e9a784ebe2a8f630,SP,1,699.42,15.92,1.0,1.0,1.0,1,0.022255151396538712,False,True,True,False
1e47d8b6546eb3a77b1acddcc9406242,SP,1,149.9,16.81,1.0,0.0,1.0,1,0.10083378321636373,False,False,True,False
1f7dfad2cb384ea4d2d7e1ffbd78c407,SP,1,49.0,8.29,1.0,0.0,1.0,1,0.14470239134229357,False,False,True,False
1fa2d3def6adfa70e58c276bb64fe5bb,SP,1,6.9,9.0,1.0,0.0,1.0,1,0.5660377358490566,False,False,True,False
20d53aad4fe5ee93a64f8839609d3586,MG,1,14.5,12.48,1.0,1.0,1.0,1,0.4625648628613788,False,True,True,False
2a50b7ee5aebecc6fd0ff9784a4747d6,DF,1,199.8,64.44,1.0,1.0,1.0,1,0.2438692098092643,False,True,True,False
2e2f44824ab87a0cb961f68bf4073e7f,PR,1,48.0,17.93,2.0,0.0,1.0,1,0.2719551038980737,False,False,True,False
344223b2a90784f64136a8a5da012e7f,SC,1,10.9,16.79,2.0,0.0,1.0,1,0.6063560852293247,False,False,True,False
391bbd13b6452244774beff1824006ed,SP,1,63.9,17.7,1.0,1.0,1.0,1,0.21691176470588236,False,True,True,False
3a52d63a8f9daf5a28f3626d7eb9bd28,SP,1,35.0,17.78,1.0,0.0,1.0,1,0.33687002652519893,False,False,True,False
3a79f35a2344ede41af21267f61d5ec6,SP,1,186.0,31.71,1.0,0.0,1.0,1,0.14565247347388727,False,False,True,False
3da38366e7bd9baf6369071f782ecdf0,CE,1,59.47,26.96,1.0,1.0,1.0,1,0.3119287284507694,False,True,True,False
4003520d80d0bad1d5623f7aa3c63cda,RJ,1,70.0,16.74,1.0,0.0,1.0,1,0.1929905464606871,False,False,True,False
42d4b7e70819438f5ada61c965e92d7e,GO,1,49.6,51.18,1.0,0.0,1.0,1,0.5078388569160548,False,False,True,False
43a5d4a57af536fddc96d08be3afdfcb,MG,1,75.0,24.83,1.0,0.0,1.0,1,0.24872282880897525,False,False,True,False
443d880f15cbd3572885e1d44bf2c478,SP,1,94.8,30.2,2.0,0.0,1.0,1,0.24159999999999998,False,False,True,False
48328ec9a579151d9cc6a86d4a59336c,RS,1,1099.0,97.78,2.0,0.0,1.0,1,0.08170256855896656,False,False,True,False
4e42581f08e8cfc7c090f930bac4552a,SP,1,98.0,53.8,1.0,1.0,1.0,1,0.35441370223978913,False,True,True,False
51a04a8a6bdcb23deccc82b0b80742cf,SP,1,167.99,31.93,1.0,1.0,1.0,1,0.15971388555422167,False,True,True,False
586a871d4f1221763fddb6ceefdeb95e,RS,1,198.0,41.48,1.0,1.0,1.0,1,0.17320861867379322,False,True,True,False
5ca5d579b5857ee8709479b1047cecc3,SP,1,169.99,8.05,1.0,1.0,1.0,1,0.04521455852617389,False,True,True,False
5d043cd5512d4bd2f88e5ccdd5736c38,SP,1,650.0,64.91,2.0,0.0,1.0,1,0.09079464547985061,False,False,True,False
61c36f0fc4a47f9532e5512b66668e62,SP,1,750.0,17.69,1.0,0.0,1.0,1,0.023043155440347015,False,False,True,False
63704069d9bd3a75c1cf59babe56004a,SP,1,59.3,7.39,1.0,1.0,1.0,1,0.11081121607437397,False,True,True,False
6614814a00d344b846ae209f95ee7e3f,SP,1,13.0,12.69,1.0,0.0,1.0,1,0.493966523939276,False,False,True,False
6d04126aba80df143fd038e711b8fd96,RJ,1,89.99,18.87,1.0,1.0,1.0,1,0.17334190703656074,False,True,True,False
6dc9bec584588412a6a338830946a3e4,SP,1,280.0,84.96,2.0,0.0,1.0,1,0.23279263480929416,False,False,True,False
749e7cdabbaf72f16677859e27874ba5,SP,1,41.9,19.84,1.0,0.0,1.0,1,0.3213475866537091,False,False,True,False
781a66c0d89e30814d49fe8b5e14cd07,SP,1,115.0,21.3,1.0,1.0,1.0,1,0.15627292736610418,False,True,True,False
791cfcfe22fe4a771ece27f90017da92,SP,1,298.13,17.85,1.0,1.0,1.0,1,0.05649091714665485,False,True,True,False
7caa63f175b1cecbfaadd8b5ab9998c7,SP,1,19.9,7.74,1.0,0.0,1.0,1,0.28002894356005786,False,False,True,False
8629a7efec1aab257e58cda559f03ba7,GO,1,45.22,18.89,1.0,1.0,1.0,1,0.294649820620808,False,True,True,False
8e670472e453ba34a379331513d6aab1,MG,1,975.0,108.96,1.0,1.0,1.0,1,0.10052031440274548,False,True,True,False
913fd0ebba70bb919f7254a02239173c,SC,1,159.9,19.22,1.0,0.0,1.0,1,0.10730236712818221,False,False,True,False
94165aea8a35c3c21499cbcae239b16c,MG,1,180.0,16.11,2.0,0.0,1.0,1,0.08214777420835245,False,False,True,False
9523fb39dd240aa958e040f8183d64f3,SP,1,146.99,21.3,1.0,0.0,1.0,1,0.1265672351298354,False,False,True,False
9599519be538b98748162a2b48248960,SP,1,570.0,60.06,1.0,0.0,1.0,1,0.09532425483287307,False,False,True,False
96f7c797de9ca20efbe14545bed63eec,SP,1,138.60000000000002,38.37,1.0,0.0,1.0,1,0.21681640956094247,False,False,True,False
984c273121e743dd14767befe6cb17f5,SP,1,259.6,21.31,1.0,1.0,1.0,1,0.07586059592040154,False,True,True,False
9bf11dfc0bec77e5a23028043c3c5a8f,MG,1,115.0,17.06,1.0,1.0,1.0,1,0.1291837043767984,False,True,True,False
9c3a1c416c765687bc79a04113269929,MG,1,74.9,58.9,1.0,0.0,1.0,1,0.44020926756352763,False,False,True,False
9c57bc60cfad5ee62d35d3f1ce4593a1,PR,1,180.0,15.43,1.0,1.0,1.0,1,0.07895410121271043,False,True,True,False
9da15f4a4ea758d9eeb49000dbe57e22,SP,1,196.9,37.71,2.0,1.0,1.0,1,0.160734836537232,False,True,True,False
a4b8d97cd5d3674eeff96abc99d8ed67,SP,1,214.08,19.3,1.0,0.0,1.0,1,0.0826977461650527,False,False,True,False
ab75b89cc49c9ab3160d0c91565a442a,SP,1,18.99,0.75,1.0,0.0,1.0,1,0.03799392097264438,False,False,True,False
b7ba853e9551f4558440881fd3e5c815,RS,1,136.9,25.7,1.0,0.0,1.0,1,0.15805658056580565,False,False,True,False
bc8c8d665ec4664d286be0d521722b19,SP,1,22.5,8.32,2.0,1.0,1.0,1,0.2699545749513303,False,True,True,False
c004e5ea15737026cecaee0447e00b75,SP,1,2350.0,105.12,1.0,1.0,1.0,1,0.04281664440027372,False,True,True,False
c1d1ebb4745cc43cb6f05e9c8a705c9a,SP,1,12.5,19.21,1.0,1.0,1.0,1,0.6058025859350363,False,True,True,False
c1dde11f12d05c478f5de2d7319ad3b2,SP,1,12.5,7.39,1.0,0.0,1.0,1,0.37154348919054797,False,False,True,False
c360e4787614ed31ac7a2f95d3b22dc6,SP,1,188.9,30.05,2.0,0.0,1.0,1,0.13724594656314226,False,False,True,False
c7b7db6c8f3c64a7cc1afa634db21d50,SP,1,1489.0,22.86,1.0,1.0,1.0,1,0.015120447660497666,False,True,True,False
c87abc38c8ed3240861729e1aeadf221,SP,1,133.0,15.68,1.0,0.0,1.0,1,0.10546139359698681,False,False,True,False
c97aa4ee7420f937da13b7f9e2228b99,RS,1,29.9,6.66,1.0,0.0,1.0,1,0.18216630196936542,False,False,True,False
ca5832c6960267b71041f74bb39e8b12,SC,1,79.9,17.81,1.0,1.0,1.0,1,0.18227407634837783,False,True,True,False
cb4a705d00e100b9732d0ca34817d441,SC,1,998.0,82.56,1.0,0.0,1.0,1,0.07640482712667507,False,False,True,False
cc1f04647be106ba74e62b21f358af25,SP,1,11.9,8.29,1.0,0.0,1.0,1,0.4105993065874195,False,False,True,False
cecd97bc34ed8330bd4cd15713eda670,SC,1,57.99,18.51,1.0,0.0,1.0,1,0.2419607843137255,False,False,True,False
d1a5cc844736958c11b8efab9a2b4c87,PR,1,237.6,16.41,1.0,1.0,1.0,1,0.06460375575764735,False,True,True,False
d4828feed4cda2cd9d6b37899a95a71e,CE,1,39.9,22.21,2.0,0.0,1.0,1,0.35759137014973436,False,False,True,False
da2782c804606d2a5d8e1760dbb3e7ec,SP,1,89.0,14.37,1.0,1.0,1.0,1,0.13901518815904032,False,True,True,False
dc120d932ddf9d4dfb6fd68beefda622,PR,1,130.0,14.44,1.0,0.0,1.0,1,0.09997230684021047,False,False,True,False
df683dfda87bf71ac3fc63063fba369d,RS,1,39.9,16.05,1.0,1.0,1.0,1,0.2868632707774799,False,True,True,False
f114dca2828bf718548db175ebe2cfcd,PR,1,139.0,13.99,1.0,0.0,1.0,1,0.0914438852212563,False,False,True,False
f43827dd686be3a4a80e00aa299990fb,SP,1,95.54,30.2,2.0,0.0,1.0,1,0.2401781453793542,False,False,True,False
f524ad65d7e0f1daab730ef2d2e86196,RS,1,578.0,31.5,1.0,1.0,1.0,1,0.051681706316652996,False,True,True,False
fc6295add6f51a0936407ead70c1001d,SP,1,160.0,70.52,1.0,0.0,1.0,1,0.30591705708832206,False,False,True,False
b410bdd36d5db7a65dcd42b7ead933b8,GO,42,7368.9,950.8100000000001,4.809523809523809,0.0,0.0,0,0.11428403153475303,False,False,False,False
48efc9d94a9834137efd9ea76b065a38,PR,33,345.6,320.40000000000003,5.0,0.0,0.0,0,0.4810810810810811,False,False,False,False
18e694e0e48ed6f7aa3f24aade5fd697,SP,31,701.54,504.23,4.67741935483871,0.03225806451612903,0.0,0,0.41818091344120356,False,False,False,False
0bb738e4d789e63e2267697c42d35a2d,SP,28,1979.4,591.6999999999999,4.642857142857143,0.03571428571428571,0.0,0,0.2301349616895492,False,False,False,False
1771297ac436903d1dd6b0e9279aa505,SP,28,2881.27,585.16,4.62962962962963,0.03571428571428571,0.0,0,0.16880767821649362,False,False,False,False
960945e1a9535cbc0cd6ddd35fbe7ae8,SP,28,3381.73,479.8,4.642857142857143,0.0,0.0,0,0.12425126827967152,False,False,False,False
d1ef48b38baca7e831711c4a0aeb398f,PR,28,1439.13,652.64,4.571428571428571,0.07142857142857142,0.0,0,0.3120037097768875,False,True,False,False
7ade73f1b9b4e965f9009a4c3a7e2c15,SP,26,1835.3000000000002,439.45,4.769230769230769,0.0,0.0,0,0.1931860644026816,False,False,False,False
79ed755314cfe6df0daef2c6cd3022cd,SP,23,3907.5,459.16,4.7272727272727275,0.0,0.0,0,0.10515130557451234,False,False,False,False
d624126b9206f595fb3fbb6ba03b28a8,PR,23,7198.8,569.7,4.318181818181818,0.043478260869565216,0.0,0,0.07333462058312416,False,False,False,False
42fa4ee7240e9b8eb4576358ec142ba7,RS,22,3845.7,518.77,4.809523809523809,0.0,0.0,0,0.11886208405602515,False,False,False,False
d8c7ba53e7e38711eaef8c2849d6d2e1,PR,22,1190.87,597.47,4.5,0.0,0.0,0,0.33409195119496293,False,False,False,False
f0837c8d71434931d9e38e7b79234797,RS,22,3446.9,602.46,4.590909090909091,0.045454545454545456,0.0,0,0.14877906632159157,False,False,False,False
1c40343cc5d18c2d8248ac2f3366de34,SP,21,2461.41,378.01,4.619047619047619,0.09523809523809523,0.0,0,0.13312930105444068,False,True,False,False
3785b653b1b82de85ab47dd139938091,PR,21,1552.0,481.27,4.714285714285714,0.0,0.0,0,0.23669753648064448,False,False,False,False
5bffbafbb22daf6d3bfc216a46db8708,RJ,21,5239.7,454.5,4.761904761904762,0.0,0.0,0,0.07981806048259633,False,False,False,False
6b15924333bd1a741595fe981ea04822,SP,21,614.3199999999999,240.14000000000001,4.666666666666667,0.0,0.0,0,0.281042997916813,False,False,False,False
f4db9b37944bcb8873e6b456ee190bbf,SP,21,3409.78,500.16,4.571428571428571,0.09523809523809523,0.0,0,0.12792012153639187,False,True,False,False
41c2bad7229b0c25e6becf179ebf63ff,RN,20,782.0,189.92,4.95,0.0,0.0,0,0.19540702938513457,False,False,False,False
bf100ecb7997df312b285358fb32f92c,PR,20,1991.9,345.11,4.444444444444445,0.0,0.0,0,0.14767159746856023,False,False,False,False
b1fecf4da1fa2689bccffa0121953643,MS,19,3669.64,397.08,4.947368421052632,0.0,0.0,0,0.09764134240862415,False,False,False,False
1fdc574883ef3b33ad41562d93f3a74a,SP,18,4251.0,273.27,4.444444444444445,0.05555555555555555,0.0,0,0.06040090445530438,False,False,False,False
77e4abfd739aed9c46480f90f81c0eb4,DF,18,3736.99,355.21999999999997,4.777777777777778,0.0,0.0,0,0.08680395189885172,False,False,False,False
f4a04f7be452aa3bb31760bf00055dd0,SP,18,1312.1,241.85,4.666666666666667,0.0,0.0,0,0.1556356382122977,False,False,False,False
06bb3a2fe5e7b7a845b13e8fb91bd944,MG,17,1536.19,326.14,4.588235294117647,0.0,0.0,0,0.1751247093694458,False,False,False,False
30a81d8cf85fb2ada1b1b094c9583a95,SP,17,1245.42,168.1,4.823529411764706,0.0,0.0,0,0.11892297243760258,False,False,False,False
60562ab00b8054280520d390c8c0045c,SP,17,2943.0,304.09,4.764705882352941,0.0,0.0,0,0.09365000662131323,False,False,False,False
768a86e36ad6aae3d03ee3c6433d61df,SP,17,587.46,180.24,4.647058823529412,0.11764705882352941,0.0,0,0.23477921062915202,False,True,False,False
d354c38a7182125a748cb10474fe963b,RJ,17,1500.34,293.37,4.375,0.058823529411764705,0.0,0,0.16355486672873543,False,False,False,False
d4f117125b59ce73c3302f88ee40c458,SP,17,783.29,215.32,4.823529411764706,0.0,0.0,0,0.21561971139884442,False,False,False,False
08d2d642cf72b622b14dde1d2f5eb2f5,SP,16,909.0,306.15999999999997,4.3125,0.125,0.0,0,0.251950360446361,False,True,False,False
51e4e89242cbb846c2deff3dc015650e,RS,16,822.58,353.17,4.625,0.0,0.0,0,0.30037848182011484,False,False,False,False
8daab2245ebdc277c51098d01c5ad8ef,SP,16,1604.59,284.05,4.625,0.0,0.0,0,0.1503992290748899,False,False,False,False
a2b5b6105ea5942300631d2e76f4ffe0,SP,16,3286.6899999999996,722.65,4.75,0.0625,0.0,0,0.18024163578045266,False,False,False,False
d66c11a9572221d92fbb8c4897db5f9b,RJ,16,776.56,387.82,4.5625,0.0,0.0,0,0.33306995997870115,False,False,False,False
33cbbec1e7e1044aaf11d152172c776f,RS,15,730.67,398.83,4.733333333333333,0.0,0.0,0,0.35310314298362105,False,False,False,False
3a734b715d333a2588a3d54a0c9b8746,SP,15,2121.52,348.3,4.533333333333333,0.06666666666666667,0.0,0,0.1410224226866735,False,False,False,False
3c010235b7345c92f125d14ee232a76b,PR,15,3578.0,427.32,4.666666666666667,0.0,0.0,0,0.10668810482058862,False,False,False,False
41da412d33e8da4f22baf55cb1bde82c,ES,15,862.9,374.16,4.666666666666667,0.0,0.0,0,0.30245905614925717,False,False,False,False
6a38087bc8ad4f89ff453561005f6dea,GO,15,1833.43,547.92,4.6,0.0,0.0,0,0.23008797530812353,False,False,False,False
7238a95bb63ef7e498389fb863b834a1,SP,15,2265.7,569.41,4.733333333333333,0.0,0.0,0,0.20084229536067386,False,False,False,False
989becdce12ebc39863c2bceab6f3ca1,PR,15,6302.9,814.52,4.8,0.06666666666666667,0.0,0,0.11444034495645894,False,False,False,False
f1fd5ab1181f827ffad998c1a5de7d74,PR,15,7045.99,831.97,4.666666666666667,0.0,0.0,0,0.1056072891966956,False,False,False,False
52562a9f449c3dc3d53f5f5b9ed74903,RN,14,3266.6,444.03999999999996,4.785714285714286,0.0,0.0,0,0.1196666882262898,False,False,False,False
5882820ef11c4c068eea0677a7a879b4,RS,14,9925.5,739.31,4.153846153846154,0.0,0.0,0,0.06932237892658191,False,False,False,False
82cb9f452fe8334df74b22d37824b431,RS,14,838.2,317.06,4.714285714285714,0.0,0.0,0,0.2744490417741461,False,False,False,False
83645b1645cdee8953ee54c29ceed564,PR,14,978.9,266.2,4.428571428571429,0.0,0.0,0,0.21379808850694723,False,False,False,False
88cf19ec1fc2c58f161aee259d57142c,SP,14,1372.97,234.71,4.5,0.0,0.0,0,0.14599298367834396,False,False,False,False
980640c45d7a4635885491d077167e4d,SP,14,1004.29,242.37,4.642857142857143,0.07142857142857142,0.0,0,0.19441547815763724,False,True,False,False
ce616e1913288884e7742faac9d981db,SP,14,333.3,260.15000000000003,4.428571428571429,0.07142857142857142,0.0,0,0.43836886005560705,False,True,False,False
128f9bfbe4c7d5185033914b1de3d39a,SP,13,1267.39,251.98,4.769230769230769,0.07692307692307693,0.0,0,0.16584505420009607,False,True,False,False
2d518637f53161b973e01f56ea4bb88e,SP,13,1219.8899999999999,319.81,4.923076923076923,0.0,0.0,0,0.20770929401831528,False,False,False,False
3ca08eeb8d5595949fed424bd3677742,PR,13,1688.88,449.1,4.6923076923076925,0.0,0.0,0,0.21005809221788793,False,False,False,False
562f8cfc51f265411f487d07e9c40e7f,MG,13,766.9200000000001,199.32999999999998,4.538461538461538,0.07692307692307693,0.0,0,0.20629236739974124,False,True,False,False
9d681c7e12db302cb261e721040dde65,PR,13,785.6,273.08,4.923076923076923,0.0,0.0,0,0.25794385461140285,False,False,False,False
c2d70ce2c5d0a2eb75e78668236e6dc8,SP,13,2470.9,229.01999999999998,4.615384615384615,0.0,0.0,0,0.08482473554771992,False,False,False,False
caa9bc43a9fe8cf9c564ddd8a03cc4a6,SP,13,803.87,233.87,4.666666666666667,0.0,0.0,0,0.22536473490469675,False,False,False,False
df91910b6a03bb2e3358fa6a35e32f6f,SP,13,2093.2,363.02,4.615384615384615,0.0,0.0,0,0.14779620718013858,False,False,False,False
08084d990eb3f53af056ccbc1730c8a7,SP,12,372.5,234.29,4.454545454545454,0.0,0.0,0,0.3861138120272252,False,False,False,False
0887a9f087bcd5d9f6642b52f897fc6c,SP,12,1642.0,220.35,4.416666666666667,0.08333333333333333,0.0,0,0.11831825381909952,False,True,False,False
0a85ebe4e328db81ac9109781205e2f7,SP,12,667.9,137.75,4.583333333333333,0.08333333333333333,0.0,0,0.1709799540743499,False,True,False,False
2059c39f76271d4ca3f15b5ffaccc8b8,PR,12,604.9,186.39000000000001,4.5,0.0,0.0,0,0.2355520731969316,False,False,False,False
21e83881401b92b49fb09a16d3852291,MG,12,3109.06,497.03,4.833333333333333,0.0,0.0,0,0.13783072524534884,False,False,False,False
257e61d3251fb5efb9daadddbc2cf7ca,PR,12,7729.0,1077.18,4.75,0.0,0.0,0,0.12232091553886021,False,False,False,False
26d6bbee02420494d471c9f6436929c0,PR,12,434.51,247.19,4.666666666666667,0.0,0.0,0,0.3626081854188059,False,False,False,False
2addf05f476d0637864454e93ba673d5,DF,12,4552.0,325.64,5.0,0.0,0.0,0,0.06676179463839069,False,False,False,False
2c4c47cb51acd5ea5db5e0ae0e26542a,SP,12,2575.8999999999996,341.47,4.666666666666667,0.0,0.0,0,0.11704720347436219,False,False,False,False
985c92cc412091f8529c12d7f23d3fef,MG,12,1368.5,238.13,4.75,0.0,0.0,0,0.1482170754934241,False,False,False,False
bbaff50f3b708fda865918715276cd87,SP,12,449.7,202.07,4.75,0.16666666666666666,0.0,0,0.31003268023996194,False,True,False,False
da6a60cc8cc724fe51be021ff8be779c,RJ,12,728.79,255.79,4.75,0.0,0.0,0,0.25979605517073273,False,False,False,False
e2c92f9c1c7746d899d18f2e158bbff7,SP,12,1641.9,314.4,4.583333333333333,0.0,0.0,0,0.16071154730869497,False,False,False,False
165b1235e9e9942cb5fae67103576fb0,SP,11,2085.15,404.65,4.363636363636363,0.09090909090909091,0.0,0,0.16252309422443567,False,True,False,False
17908cf9b444ee34047cadd5c0f4a516,GO,11,1993.99,501.42,4.545454545454546,0.09090909090909091,0.0,0,0.20093692018546053,False,True,False,False
334cab711dee080b079fa5779b584783,SP,11,1069.7,351.66999999999996,4.909090909090909,0.0,0.0,0,0.24741622519118878,False,False,False,False
4677a5437afda5fa7140b927b07be1cc,PR,11,3415.7,420.0,4.363636363636363,0.09090909090909091,0.0,0,0.10949761451625518,False,True,False,False
63a79f5a7eb5cb48a7e5787b141c7993,MG,11,815.1,200.82999999999998,4.545454545454546,0.0,0.0,0,0.19768094258462687,False,False,False,False
670a9dda115b5a88b18cfadee8de2332,SP,11,918.9000000000001,183.09,4.454545454545454,0.0,0.0,0,0.1661448833473988,False,False,False,False
788e857f317e53de488d393e65a80f45,SP,11,1210.0,184.95000000000002,4.909090909090909,0.0,0.0,0,0.13258539732606905,False,False,False,False
817f85dbb65aa3e70831d90fe75cdf89,SP,11,1552.27,231.62,4.545454545454546,0.0,0.0,0,0.12983984438502374,False,False,False,False
b080809eaacb49e5ca07290981472431,MG,11,424.0,143.4,4.818181818181818,0.0,0.0,0,0.25273175890024674,False,False,False,False
b55638ad525e906c698fa2ce742c1742,SC,11,1094.8,290.87,4.181818181818182,0.18181818181818182,0.0,0,0.20991289412342043,False,True,False,False
d17f467e4bf608a510c20d82f4ba3b6b,RS,11,2963.7799999999997,507.53000000000003,4.2727272727272725,0.18181818181818182,0.0,0,0.14620705151657445,False,True,False,False
d4910f1cdcfdabd48d6b316e395d4a23,SP,11,1146.88,215.04,4.909090909090909,0.0,0.0,0,0.15789473684210525,False,False,False,False
d4ffeb15b67e81ff9af2b4252d99fb7e,SP,11,1400.4,324.41,4.3,0.0,0.0,0,0.18808448466787644,False,False,False,False
e627629ba868740e287800f1a9be81c2,SP,11,337.1,109.56,4.909090909090909,0.0,0.0,0,0.24528724309318048,False,False,False,False
f0e103c63864d5405b958d984b6e94c9,SP,11,951.7,149.71,4.7272727272727275,0.0,0.0,0,0.13592576787935465,False,False,False,False
01bcc9d254a0143f0ce9791b960b2a47,GO,10,1393.21,251.48,4.4,0.0,0.0,0,0.15290419471146538,False,False,False,False
0ff83046c3fa22efee8ecf291888b191,RS,10,768.9000000000001,254.48000000000002,4.8,0.0,0.0,0,0.24866618460395942,False,False,False,False
1690cada046eb7e92c12f98b1f8a8167,SP,10,1760.0,232.91,4.9,0.1,0.0,0,0.11686930167443586,False,True,False,False
2f4b0d3b9634b647d4edee577d7ebb7e,SP,10,337.9,84.41,4.9,0.0,0.0,0,0.1998768677038195,False,False,False,False
431050a06a317f2b38168dec3dcd2b46,SP,10,1370.0,206.15,4.5,0.0,0.0,0,0.130793388954097,False,False,False,False
54583ab379489add547fe47b628db589,SP,10,2240.0,151.07999999999998,4.8,0.0,0.0,0,0.06318483697743278,False,False,False,False
59cd88080b93f3c18508673122d26169,SP,10,392.33,175.38,4.7,0.1,0.0,0,0.30892533159535673,False,True,False,False
59cea8e446d3834393058e7e0666b6fb,PR,10,696.6,204.54,4.6,0.0,0.0,0,0.22697915973100738,False,False,False,False
5a6a02f419701fc8c605af71d4fc57a4,SP,10,600.5,113.91,4.8,0.1,0.0,0,0.15944625635139487,False,True,False,False
5b2e94f2c22b39ccc24d34ad0f669672,SP,10,949.78,390.36,4.9,0.1,0.0,0,0.29128300028355253,False,True,False,False
5f26c1408a65b42a7224cd463bdf3292,PR,10,1139.8,217.29,4.8,0.0,0.0,0,0.16011465709717115,False,False,False,False
68f86ba270525243e68ae74044f992b9,RJ,10,777.5,186.7,4.5,0.0,0.0,0,0.19363202655050818,False,False,False,False
89a51f50b8095ea78d5768f34c13a76f,DF,10,677.16,177.1,4.7,0.0,0.0,0,0.2073139325263971,False,False,False,False
9dd59e43f0c9f0553244e8f9c2fb247e,PR,10,356.3,151.82,4.8,0.1,0.0,0,0.29878768794772886,False,True,False,False
a13580f0e8f782b7a543885a0ef99f08,RJ,10,1304.9,258.78,4.4,0.2,0.0,0,0.1654942187659879,False,True,False,False
aac51c486b672a9850d59f3e84b1cf88,SP,10,728.28,131.29,4.8,0.0,0.0,0,0.15273916027781334,False,False,False,False
ade45994b717ccee333492330fbf037b,PR,10,7196.0,283.63,4.5,0.0,0.0,0,0.037920324935859125,False,False,False,False
b127efdabeffb5d559349c7b172eb75d,SP,10,308.5,112.77,4.8,0.1,0.0,0,0.26769055475110975,False,True,False,False
b2c97074649f92197d9387d9033dda5f,SP,10,684.71,279.37,4.7,0.1,0.0,0,0.2897788565264293,False,True,False,False
c5f7e746b7e6d07def6c0dae9903279b,PR,10,1429.0,229.92000000000002,4.4,0.0,0.0,0,0.13859619511489404,False,False,False,False
cac63f48c38cd7d002a7e846dcd99a23,SP,10,874.0,140.62,4.8,0.0,0.0,0,0.1385937592399125,False,False,False,False
cbf09e831b0c11f6f23ffb51004db972,SP,10,1535.2,280.2,4.4,0.0,0.0,0,0.1543461496089016,False,False,False,False
f44b6f775a2b390380e0e30b5c9d3eee,SP,10,2930.0,258.24,4.9,0.0,0.0,0,0.0809976664241086,False,False,False,False
ffad1e7127fb622cb64a900751590acd,SP,10,884.3,206.53,4.8,0.0,0.0,0,0.18933289330143102,False,False,False,False
039b29ff3b3473435d0cd59040575de9,SP,9,114.9,100.65,4.444444444444445,0.0,0.0,0,0.46694502435629787,False,False,False,False
0b18d63d0cd1d723567903fd34a07df2,SP,9,1678.1399999999999,265.89,4.777777777777778,0.0,0.0,0,0.1367725806700514,False,False,False,False
0bebbb2cea103a4a020c95d43fd7d754,SP,9,1367.2,147.14000000000001,4.888888888888889,0.0,0.0,0,0.09716444127474676,False,False,False,False
0ddefe3c7a032b91f4e25b9c3a08fca1,SP,9,402.9,150.0,4.555555555555555,0.0,0.0,0,0.2712967986977754,False,False,False,False
134a288e7de827ec5ec62e3ec9c3a295,SP,9,877.45,126.55,4.777777777777778,0.0,0.0,0,0.12604581673306772,False,False,False,False
1782ce2db72c3dda627d5e7c898104e1,SP,9,2010.8,207.37,4.333333333333333,0.1111111111111111,0.0,0,0.09348697349617026,False,True,False,False
1bb3812d5f0747a3ab7348f199001a10,SP,9,834.4000000000001,215.17,4.888888888888889,0.0,0.0,0,0.20500776508474894,False,False,False,False
1e483cc5c76fef08d3ca05f9a8af7d01,SP,9,166.09,102.28,4.444444444444445,0.0,0.0,0,0.38111562395200654,False,False,False,False
2fdde51ad3e12f297da656d4fbd5d0b5,SC,9,5803.0,551.92,4.777777777777778,0.0,0.0,0,0.08684924436499593,False,False,False,False
3d0cd21d41671c46f82cd11176bf7277,SC,9,447.8,174.57999999999998,4.666666666666667,0.0,0.0,0,0.2805038722323982,False,False,False,False
402916f742e5c740cc751493d9cf5053,MG,9,1252.0,226.43,4.666666666666667,0.0,0.0,0,0.15315571247877816,False,False,False,False
457fe919b032a3f7dadba6fb92cf7855,SP,9,1104.89,141.22,4.777777777777778,0.0,0.0,0,0.11332867884857675,False,False,False,False
508808d438fe2ff972ed13bb8f4a82e2,SP,9,234.84,111.19999999999999,4.666666666666667,0.0,0.0,0,0.32135013293260895,False,False,False,False
5c3460cd3e8a984382ae254e7dd20d9f,SP,9,775.76,198.54,4.666666666666667,0.0,0.0,0,0.20377707071743817,False,False,False,False
6eb94e1466490d327a09abf8f3552a50,SP,9,1372.95,214.27,4.75,0.0,0.0,0,0.1349970388477968,False,False,False,False
8bdd8e3fd58bafa48af76b2c5fd71974,SP,9,1946.8400000000001,162.76,4.888888888888889,0.1111111111111111,0.0,0,0.0771520667425104,False,True,False,False
8d46553a36e68f95350a200c12f8f2e2,SP,9,660.0,157.20999999999998,4.222222222222222,0.0,0.0,0,0.1923740531809449,False,False,False,False
9539213aa8e023c01937bef95dc006da,SP,9,229.1,89.94,4.555555555555555,0.1111111111111111,0.0,0,0.2819082246740221,False,True,False,False
a1bea7061f61f6fdd9a85a6325ba1033,SP,9,810.95,99.93,4.444444444444445,0.1111111111111111,0.0,0,0.10970709643421746,False,True,False,False
ae45df84722b1d15c5f32b23a095746c,SP,9,901.8299999999999,163.66,4.777777777777778,0.0,0.0,0,0.1536006907619968,False,False,False,False
b2eecf5ea250510da76590ca79d60e5d,SP,9,1060.0,153.15,5.0,0.0,0.0,0,0.1262416024399291,False,False,False,False
b6dc74ed30f124f95227bed4e43a3bed,PR,9,387.56,164.33,4.666666666666667,0.1111111111111111,0.0,0,0.2977586113174727,False,True,False,False
c0098efcf800861dcae589affca31408,SP,9,1189.28,187.46,4.777777777777778,0.0,0.0,0,0.13616223833113006,False,False,False,False
ead2bab70821ea148476ae9bc08548ac,MG,9,412.1,116.2,4.555555555555555,0.0,0.0,0,0.21995078553851977,False,False,False,False
eb3071b9f0b0ddaa2df5ea130f09f26b,SP,9,6230.0,581.42,4.555555555555555,0.1111111111111111,0.0,0,0.08535958728135982,False,True,False,False
f12d3c2a14729ae461b920c11fe20fdc,SP,9,364.45,94.87,4.444444444444445,0.0,0.0,0,0.20654445702342594,False,False,False,False
f326006815956455b2859abd58fe7e39,SP,9,3147.16,666.02,4.666666666666667,0.0,0.0,0,0.1746626175528037,False,False,False,False
f9ec7093df3a7b346b7bcf7864069ca3,SP,9,519.2,118.93,4.777777777777778,0.0,0.0,0,0.18637268268221208,False,False,False,False
fac1a9017ade7bdc94058fc1c969f355,SP,9,2010.84,212.07,4.666666666666667,0.0,0.0,0,0.09540197308932885,False,False,False,False
fe1bbc5feda5c8979a8a1b3b2512d5a6,MG,9,724.72,137.53,3.888888888888889,0.1111111111111111,0.0,0,0.15950130472600754,False,True,False,False
034b9387752bfa309f350a70cd45ffa3,SC,8,96.0,144.26,4.5,0.0,0.0,0,0.6004328643969034,False,False,False,False
293dee954235e4e4e43f129313625ebe,DF,8,1778.92,240.3,5.0,0.0,0.0,0,0.11900634898624221,False,False,False,False
297d5eccd19fa9a83b2630071ff105e4,PR,8,834.97,141.76,5.0,0.0,0.0,0,0.1451373460424068,False,False,False,False
2d2322d842118867781fc737e96d59a1,SP,8,176.4,104.97,4.875,0.125,0.0,0,0.37306749120375304,False,True,False,False
32fdd5d44ecb43dfd6a24b9369eca144,MG,8,479.2,138.68,4.375,0.0,0.0,0,0.22444487602770766,False,False,False,False
34f563c82a85b99ae9e6d60db5fc2e28,RS,8,2332.3,246.2,4.625,0.0,0.0,0,0.09548186930385882,False,False,False,False
38102b031c2a15e54623d711bfc753d3,CE,8,418.0,308.21000000000004,4.0,0.0,0.0,0,0.42440891753074184,False,False,False,False
3a490ba60afa30ece0e7d50cfe74a4f0,MG,8,1529.2,165.87,4.625,0.0,0.0,0,0.09785436589639365,False,False,False,False
3d39fbf22a665714baf62fae36029e23,SP,8,2504.2,130.63,4.75,0.0,0.0,0,0.049578151152066735,False,False,False,False
3d621842b2ed28e2b474132480edac3c,SP,8,873.9300000000001,123.21,4.625,0.0,0.0,0,0.12356339129911545,False,False,False,False
3e8bd881d92466e63ba9e3e809cd3c50,RJ,8,1862.38,187.43,4.571428571428571,0.25,0.0,0,0.0914377430103278,False,True,False,False
404e1ba01358af4cd63f679b2c4d1fa1,MG,8,373.9,177.82999999999998,5.0,0.0,0.0,0,0.32231345041958925,False,False,False,False
455c5640e8c5bd1b2ee85c0158f85727,SC,8,6729.5,457.39,4.5,0.0,0.0,0,0.06364227085707447,False,False,False,False
49383af7ab774e4e8f3000f49c83dc4b,SP,8,660.0,242.23,4.375,0.0,0.0,0,0.2684792126176252,False,False,False,False
4d0041cdbe51b4617d95c70b19decc74,MG,8,5235.200000000001,230.29,4.5,0.0,0.0,0,0.04213528887620323,False,False,False,False
55dedd83e501d8248880557d9073cbfd,RJ,8,1055.3,110.78999999999999,4.875,0.0,0.0,0,0.0950098191391745,False,False,False,False
57fe6232e67823593374a2281d7a8af8,SP,8,178.68,105.36,4.75,0.0,0.0,0,0.3709336713138994,False,False,False,False
67225bff54a172ff67579aaf583efd78,PA,8,1238.0,155.10999999999999,4.5,0.0,0.0,0,0.11134081300112697,False,False,False,False
70b52a4cfc823994561b00bad161b4ed,SP,8,585.0,100.35,4.375,0.0,0.0,0,0.1464215364412344,False,False,False,False
7b98de631987e26dd6d803490c43a13c,PR,8,634.2,144.43,4.625,0.0,0.0,0,0.18549246753913923,False,False,False,False
7bcd7c5f8631701474db233ccf1c094b,SP,8,419.0,132.04,4.375,0.0,0.0,0,0.23961962833914052,False,False,False,False
8185694b58b2ba6de20fd41ae608bbea,SP,8,1372.3,230.26999999999998,4.5,0.0,0.0,0,0.14368795122833947,False,False,False,False
8a9260f2b0340411d6d2a56bcf4f7378,MG,8,1256.0,140.94,4.75,0.0,0.0,0,0.10089194954686671,False,False,False,False
8c0de775f52fe41590b376a3b7c50f68,SP,8,594.8000000000001,112.72,4.25,0.0,0.0,0,0.15931705110809585,False,False,False,False
a06c8ff043abea0528ee44171e2140a2,MG,8,514.5,92.42999999999999,4.75,0.0,0.0,0,0.1522910385052642,False,False,False,False
a2fa0bdc798ee84cdb08281337cf4fb6,SC,8,354.86,187.11,4.75,0.0,0.0,0,0.3452405114674244,False,False,False,False
a478c7961d6a992065b24e63b366f90b,SC,8,1281.5,170.06,4.875,0.0,0.0,0,0.1171567141558048,False,False,False,False
ae8bfdbf1c2a2a2dee92d799db0a31c6,PR,8,339.92,146.22,4.125,0.0,0.0,0,0.300777553791089,False,False,False,False
b3f19518fcec265b2e97af287725f981,SP,8,444.92,124.88,4.375,0.0,0.0,0,0.21916461916461918,False,False,False,False
b8114f2f589a6804810f04f99b36b498,SP,8,1399.62,292.41,4.75,0.0,0.0,0,0.17281608482119112,False,False,False,False
b81e3a6c866a764974fe849821abeebd,SP,8,836.1500000000001,216.86,4.625,0.0,0.0,0,0.20594296350462005,False,False,False,False
bd149ed516d4c5d418d5781f8e18919f,SP,8,414.0,141.94,4.875,0.0,0.0,0,0.25531532179731625,False,False,False,False
c8cc60ffd415254af5d9b9f34f32c369,SP,8,722.2,194.03,4.75,0.0,0.0,0,0.21176997042227388,False,False,False,False
d94ba08b99bedd6a5f6c875ecc4a6fac,PR,8,539.1,161.6,4.75,0.0,0.0,0,0.23062651634080203,False,False,False,False
ddd51ae8cda92f3995a51fc0f0f3eec7,RJ,8,842.6999999999999,276.92,4.625,0.0,0.0,0,0.24733391686465053,False,False,False,False
e0eabded302882513ced4ea3eb0c7059,SP,8,978.4000000000001,138.79,4.625,0.0,0.0,0,0.12423133039142849,False,False,False,False
e88c9b79e592e370d6bd852eeefbf057,PR,8,251.87,142.10999999999999,4.75,0.0,0.0,0,0.36070358901467076,False,False,False,False
ec933281fb017b5020d06df29c3f77e8,SP,8,1432.0,230.85,5.0,0.0,0.0,0,0.13882791592747393,False,False,False,False
f205b1a3ca9a34e0f8a228bae6e4c7b3,RS,8,1088.0,396.9,4.875,0.0,0.0,0,0.2672907266482591,False,False,False,False
fe1b067411b8c5066e962aa146ccee03,SP,8,847.78,143.1,4.625,0.0,0.0,0,0.14441708380429516,False,False,False,False
ff4ea69c2a729e83e63c7579e4ef8170,SP,8,6368.0,159.82,5.0,0.0,0.0,0,0.02448290547227099,False,False,False,False
06532f10282704ef4c69168b914b77be,PR,7,9827.95,632.8,4.714285714285714,0.0,0.0,0,0.060492794493702644,False,False,False,False
0951a6e282947e09cd47969f4ed0b47f,SP,7,492.3,88.02,4.857142857142857,0.0,0.0,0,0.15167493796526052,False,False,False,False
13f57c12a00ed4610db646b913a7f5c6,SP,7,645.2,175.95,4.857142857142857,0.14285714285714285,0.0,0,0.2142726663825123,False,True,False,False
26bad72add1f86e08a776ce4ffdaf1ca,SP,7,622.0,123.92,4.428571428571429,0.0,0.0,0,0.16613041613041615,False,False,False,False
2e7ea2aafec5835e781b21d6d1faf1f1,SP,7,528.4,118.22,4.5,0.14285714285714285,0.0,0,0.18282762673595002,False,True,False,False
2ff6b7bff164ef05590a52734e1296da,PR,7,1803.59,151.53,4.714285714285714,0.0,0.0,0,0.0775041941159622,False,False,False,False
3ea00e1dea2b0659dbaf654735929220,PR,7,505.0,144.97,4.857142857142857,0.0,0.0,0,0.22304106343369692,False,False,False,False
3f9c56764fabca627406093dcb3ef0b4,RJ,7,909.3000000000001,105.64999999999999,4.714285714285714,0.0,0.0,0,0.1040937977240258,False,False,False,False
3faf68a3b0af94b10bac70d86077be49,SP,7,1322.93,119.16,4.571428571428571,0.0,0.0,0,0.082630071632145,False,False,False,False
4049512728d969bec69f84088b012416,MG,7,389.84,160.43,5.0,0.0,0.0,0,0.2915477856325077,False,False,False,False
48985c61529077fa4f1e38bcff0f2ed3,RS,7,879.3000000000001,148.07,4.428571428571429,0.0,0.0,0,0.14412529079104897,False,False,False,False
55029529919c0123526150bd26ca8f20,MG,7,453.95,134.88,4.714285714285714,0.0,0.0,0,0.22906441587554985,False,False,False,False
5c030029b5916fed0986310385ec9009,SC,7,4164.4,915.5,4.857142857142857,0.0,0.0,0,0.18022008307250145,False,False,False,False
656591be56071d4c9ef4e5fee78a578a,SP,7,1702.0,319.2,4.571428571428571,0.2857142857142857,0.0,0,0.15792598456362555,False,True,False,False
6989574bd97d9773f10d232b6c07da59,PR,7,2478.3999999999996,321.1,4.857142857142857,0.0,0.0,0,0.11469905340239331,False,False,False,False
6b803197e03abd5056b4313306b4f29d,SP,7,407.0,123.62,4.714285714285714,0.0,0.0,0,0.23297274885982436,False,False,False,False
7354220fb240bde543b3c40c060d41e7,DF,7,672.0,165.13,4.571428571428571,0.0,0.0,0,0.1972572957605151,False,False,False,False
73b8eb4a9a729d4019b24ed1be748cbf,SP,7,568.9,86.6,4.857142857142857,0.0,0.0,0,0.13211289092295955,False,False,False,False
7ecef8194babfec876ca720714327841,SP,7,990.5,123.76,4.285714285714286,0.0,0.0,0,0.11106922980273905,False,False,False,False
86ff3eaef0267069cc891a2ed9d10a17,SC,7,409.75,140.61,4.714285714285714,0.0,0.0,0,0.2554873173922524,False,False,False,False
9a1aea68d3efa00862ec88c0768037d0,SP,7,1309.2,192.51,4.428571428571429,0.0,0.0,0,0.12819385900073915,False,False,False,False
b3b17aab11f273023a5f22ca52e1eb70,PR,7,6850.0,475.34999999999997,4.857142857142857,0.14285714285714285,0.0,0,0.06489109735371006,False,True,False,False
b67d6c666e8dce1d078c882825e12704,SP,7,352.84,104.19,4.857142857142857,0.0,0.0,0,0.22797190556418617,False,False,False,False
bd4431c1a8dfa744b59e1e2a8bc99b9e,RJ,7,809.5,204.09,4.571428571428571,0.0,0.0,0,0.20135360451464596,False,False,False,False
c03121937e54a93fcc1825c3098bbb6e,PR,7,1043.0,154.94,5.0,0.0,0.0,0,0.12933869809840226,False,False,False,False
c157bdeedcbc9a8e3c8bf0d87ff24428,SP,7,514.27,208.7,4.428571428571429,0.0,0.0,0,0.28867034593413277,False,False,False,False
c54679b132454625907c773d273d4126,SP,7,1032.0,107.92999999999999,4.857142857142857,0.0,0.0,0,0.09468125235760089,False,False,False,False
c8c1bea22194a4eefa2dc9a9fa89f536,SC,7,1266.0,292.73,5.0,0.0,0.0,0,0.187800324623251,False,False,False,False
c8e135e7b21ecbc36c1153a29d2f5a06,SP,7,1165.5,101.98,4.857142857142857,0.0,0.0,0,0.08045886325622495,False,False,False,False
d2f3e277560ed4c6361284429b00f037,SP,7,320.55,134.11,4.714285714285714,0.0,0.0,0,0.2949676681476268,False,False,False,False
e4ebd3f87bf70440014f07ddda7fbe03,SP,7,671.5,115.75999999999999,4.571428571428571,0.0,0.0,0,0.14704163808652795,False,False,False,False
e58a5b390e28abc0b216cfb0e07d27d7,RJ,7,1022.6,144.63,4.857142857142857,0.0,0.0,0,0.1239087412078168,False,False,False,False
e603cf3fec55f8697c9059638d6c8eb5,RS,7,270.0,172.99,4.571428571428571,0.0,0.0,0,0.39050542901645635,False,False,False,False
e644cbadf7eeb30d0d29f335ce7d52ec,SP,7,768.91,161.12,4.0,0.0,0.0,0,0.17324172338526717,False,False,False,False
e70053bf73d1b5863932e53a9fa47496,SP,7,4025.0,133.58,4.285714285714286,0.0,0.0,0,0.03212154148771937,False,False,False,False
f805b96fa705ba7995a221f1749dc141,PR,7,2744.44,242.43,4.428571428571429,0.0,0.0,0,0.0811652331705096,False,False,False,False
fa14641f57b655e933124a9ea49cd7a5,SP,7,359.92999999999995,83.06,4.571428571428571,0.0,0.0,0,0.18749858913293757,False,False,False,False
fadb07c842a2aef5d5a676b85f220e71,SP,7,398.75,171.62,4.714285714285714,0.0,0.0,0,0.3008924031768852,False,False,False,False
fe26f3ecb51a15e6d8335cd92da42562,SP,7,2708.96,262.59000000000003,4.428571428571429,0.14285714285714285,0.0,0,0.08836802342211977,False,True,False,False
ff1e15b778c700abdd4d239b81ac466d,PR,7,414.3,114.86,4.571428571428571,0.0,0.0,0,0.2170610023433366,False,False,False,False
0570350b23eda5444f8d1d9544932058,SP,6,626.9000000000001,124.86,5.0,0.0,0.0,0,0.16609024156645735,False,False,False,False
05feb94f19d094d4b0f9281f0b1d4c99,SP,6,9353.0,697.04,4.5,0.0,0.0,0,0.06935693788283429,False,False,False,False
0ad80de75c811326389cfb1daba7d45e,RJ,6,1449.3999999999999,115.32,5.0,0.0,0.0,0,0.07370008691650903,False,False,False,False
0e982cff76cc0579f632cea8a0e38c9d,SC,6,971.9,109.25999999999999,4.333333333333333,0.0,0.0,0,0.10105812275703874,False,False,False,False
14ee35374a7876217954b5fa08e50463,SP,6,809.0,114.05,4.333333333333333,0.16666666666666666,0.0,0,0.12355777043497103,False,True,False,False
152ee17e4c8aaf53dac99f3462e4999b,SC,6,308.96000000000004,95.97,4.333333333333333,0.0,0.0,0,0.2370039266045983,False,False,False,False
15ead3a5037a918ddb520dfe39a3d2b9,MG,6,254.5,140.22,4.833333333333333,0.16666666666666666,0.0,0,0.35523915687069313,False,True,False,False
186cdd1b2df32caa72cfb410bba768d3,SC,6,1341.45,268.28000000000003,5.0,0.0,0.0,0,0.16666148981506218,False,False,False,False
23ca5f678e0b3ea6c630b30fa8bf51ea,SP,6,183.0,96.39,5.0,0.0,0.0,0,0.3450016106517771,False,False,False,False
28405831a29823802aa22c084cfd0649,SP,6,210.0,72.83,4.5,0.0,0.0,0,0.25750450800834424,False,False,False,False
28ea411b354f14b1a494be4e79f0ce02,SP,6,820.0,76.93,4.666666666666667,0.0,0.0,0,0.0857703499715697,False,False,False,False
2bd05d410a8fd26dc4184a15f4f2f588,MG,6,1316.73,198.54,5.0,0.0,0.0,0,0.1310261537547764,False,False,False,False
31be790e64fc99f8ff48ec2bd18a3104,SP,6,241.39999999999998,72.28,4.333333333333333,0.3333333333333333,0.0,0,0.23042591175720484,False,True,False,False
365e4bce19bda0082c3d15d83fdb8bcd,SP,6,796.4,98.61999999999999,4.666666666666667,0.0,0.0,0,0.11018748184398112,False,False,False,False
38874e327ce94d11390b96eb42d61928,SP,6,3779.94,378.49,4.0,0.16666666666666666,0.0,0,0.09101752344033685,False,True,False,False
3d4b1ae7539303b5704493798893e82c,SP,6,1076.0,145.69,4.833333333333333,0.0,0.0,0,0.11925283828139707,False,False,False,False
515d781150feed28a6ac091bb0e3cb8c,MS,6,1002.35,152.37,4.166666666666667,0.0,0.0,0,0.1319540667867535,False,False,False,False
5962468f885ea01a1b6a97a218797b0a,PR,6,674.0,91.74,4.666666666666667,0.0,0.0,0,0.11980567816752422,False,False,False,False
5d76d80a2f5f39c891b996a1bf4c9853,SP,6,1238.5,171.25,4.833333333333333,0.0,0.0,0,0.12147543890760773,False,False,False,False
6824a69c9ea0313eba299dd4a2dba09a,MG,6,666.9,117.17999999999999,4.666666666666667,0.0,0.0,0,0.1494490358126722,False,False,False,False
71592660bbcb6a4664e97b6f8b68babc,SP,6,2027.18,173.37,4.333333333333333,0.0,0.0,0,0.07878484924223489,False,False,False,False
74871d19219c7d518d0090283e03c137,SP,6,550.04,87.87,5.0,0.0,0.0,0,0.13774670408051293,False,False,False,False
76c47a299e4a8fe992316a85865acbe9,SP,6,1024.46,221.88,4.666666666666667,0.3333333333333333,0.0,0,0.1780252579552931,False,True,False,False
7f40d06aa0b5f1aa4f41af8c0480e2ef,SP,6,1309.94,125.67999999999999,4.833333333333333,0.0,0.0,0,0.08754405761970437,False,False,False,False
80f2cf9abf6b5a0e5c612b5eea6646e6,SP,6,654.08,225.84,5.0,0.16666666666666666,0.0,0,0.25665969633603053,False,True,False,False
822b63912576852aea9a8436d72317b7,SP,6,3465.9300000000003,149.34,4.833333333333333,0.0,0.0,0,0.04130811806587059,False,False,False,False
8a87611c08849ffeeccab52aa798b6c7,PR,6,587.9,113.05,4.666666666666667,0.0,0.0,0,0.16128111848206006,False,False,False,False
8b2d4ab22f42c5cfc338b846decfda60,PR,6,458.0,185.32,4.833333333333333,0.0,0.0,0,0.2880681464900827,False,False,False,False
8fbd63429be6d3e5e6d1a709b6464802,SP,6,1061.4,179.57,4.833333333333333,0.0,0.0,0,0.14470132235267572,False,False,False,False
9140bd1d9de28b197dce077bdd687438,SP,6,1258.87,184.06,4.166666666666667,0.0,0.0,0,0.12755989549042573,False,False,False,False
9261d76c62caaf0b24677c2ceb7f8f20,SC,6,968.7,247.54000000000002,3.8333333333333335,0.0,0.0,0,0.20352890876800633,False,False,False,False
9c1c0c36cd23c20897e473901a8fb149,SP,6,544.97,172.07,5.0,0.0,0.0,0,0.23997266540220907,False,False,False,False
9c3c24eca51c52b91c1de727d2a2ae06,RS,6,307.5,113.66,4.5,0.0,0.0,0,0.2698736822110362,False,False,False,False
9ed65337433adfbedefd23dd76eaa494,SP,6,1262.6,81.05,4.833333333333333,0.0,0.0,0,0.06032076805715775,False,False,False,False
9fc70243fb26800cba56e8f014797004,MG,6,466.6,104.7,4.5,0.0,0.0,0,0.18326623490285313,False,False,False,False
a08692680c77d30a0b4280da5df01c5a,SP,6,2433.0,227.91,5.0,0.0,0.0,0,0.08565114941880786,False,False,False,False
a63bfbaa882c8f4542891b4e2246cc7f,RJ,6,5682.0,243.98999999999998,5.0,0.0,0.0,0,0.041172867318372115,False,False,False,False
a64e44665225d19dfc0277eeeaaccc57,SP,6,335.0,91.76,5.0,0.0,0.0,0,0.215015465366951,False,False,False,False
abbf6046bbdf1028606a5bc7f00c99e7,SC,6,1867.25,127.01,4.666666666666667,0.0,0.0,0,0.06368778393990754,False,False,False,False
b0f2a6122a90a93eb03e68653dd960e3,PR,6,1620.3,137.98,4.833333333333333,0.0,0.0,0,0.07847441818140455,False,False,False,False
baa49d93c8c8841e27400a300f5d74b2,SC,6,246.39999999999998,88.02,4.5,0.0,0.0,0,0.2632019616051672,False,False,False,False
c3aad7dc65449ae90a5e9c3c6c1e78e0,SP,6,510.0,130.36,4.666666666666667,0.0,0.0,0,0.20357299019301645,False,False,False,False
c3fe93ba3085f92855c97e57f38c8c05,PR,6,219.0,98.17999999999999,5.0,0.0,0.0,0,0.3095403241061857,False,False,False,False
c5e60e39c0f42b8e827daa13cff74afa,SP,6,134.0,89.1,4.5,0.0,0.0,0,0.39937247870909903,False,False,False,False
c70a353f02429c00775a46a75fb787da,SP,6,242.0,94.94,4.666666666666667,0.0,0.0,0,0.2817712352347599,False,False,False,False
ca77545ca4d2dfd1431bf61334e2fa3c,PR,6,760.0,213.71,4.666666666666667,0.0,0.0,0,0.21948013268837743,False,False,False,False
d197aa8fbc64087f61984deef05f6227,SP,6,519.09,111.56,4.833333333333333,0.0,0.0,0,0.17689685245381748,False,False,False,False
d6b664fa0667064c6d76394e7848d790,SP,6,6080.0,324.34,4.833333333333333,0.0,0.0,0,0.050643782185205655,False,False,False,False
e439f7176d763f92de325271111b2fd5,SC,6,1320.9,226.8,5.0,0.0,0.0,0,0.14654002713704206,False,False,False,False
e45edf75f568ed2f93f78d060e246e25,RJ,6,164.29999999999998,113.92,4.166666666666667,0.0,0.0,0,0.40946013945798293,False,False,False,False
edd066cd02126d7800f9b66e980e9931,DF,6,987.6999999999999,186.23,5.0,0.16666666666666666,0.0,0,0.1586380789314525,False,True,False,False
f8d5c7085db9a4ad2b8c1ffbeb2798c8,SP,6,263.0,100.41,5.0,0.0,0.0,0,0.27629949643653173,False,False,False,False
fe87f472055fbcf1d7e691c00b1560dc,SP,6,1085.8,130.16,4.5,0.16666666666666666,0.0,0,0.10704299483535643,False,True,False,False
01ed254b9ff8407dfb9d99ba1e17d923,SP,5,1465.99,67.72,5.0,0.0,0.0,0,0.04415437077413592,False,False,False,False
05e107217c7266362fd44b75b2cd4cc4,SP,5,193.38,82.00999999999999,4.2,0.2,0.0,0,0.29779585315370927,False,True,False,False
079d295dcbf06ee8bb1b65ba964eb2b6,SP,5,349.3,190.79,4.6,0.0,0.0,0,0.3532559388250106,False,False,False,False
09bad886111255c5b5030314fc7f1a4a,SP,5,487.5,72.86,5.0,0.0,0.0,0,0.1300235562852452,False,False,False,False
0c7f30ae9b147eca07affbef92832a6a,PR,5,479.5,87.61,5.0,0.0,0.0,0,0.15448502054275184,False,False,False,False
101a3a003516bc11253298b2fad3cb65,SP,5,450.0,74.0,4.8,0.0,0.0,0,0.14122137404580154,False,False,False,False
117cfc326c6d50da67ca858ff5c0c852,RJ,5,454.6,81.47999999999999,4.6,0.0,0.0,0,0.15199223996418443,False,False,False,False
1cd9e0cc1839d55516843def5600816d,SP,5,825.0,101.72,5.0,0.0,0.0,0,0.10976346685082873,False,False,False,False
228e4c1a0be164f613d41c24345f9d2c,PR,5,539.7,229.74,5.0,0.0,0.0,0,0.29858078602620086,False,False,False,False
253f95b3a0e6983ae18aed49fbc2b845,SP,5,799.5,91.44,4.4,0.0,0.0,0,0.10263317395110781,False,False,False,False
2f4b9d112bfa44a214bc6cef085d17c8,ES,5,293.99,119.27000000000001,4.4,0.0,0.0,0,0.28860765619706724,False,False,False,False
2fb25ab44bdbeae6a4d816e0d0c9d500,RJ,5,683.08,78.21000000000001,4.8,0.0,0.0,0,0.10273351810742293,False,False,False,False
31eec405c9bb71dec8e2629a92e764fa,ES,5,256.89,170.24,4.6,0.0,0.0,0,0.39856718095193505,False,False,False,False
33cbda8716511e27e556dff9d8418bf2,SC,5,507.40000000000003,108.17,4.8,0.0,0.0,0,0.17572331335185273,False,False,False,False
38af8acfd46ac4a7bf754e8ca6736664,SP,5,345.0,52.94,4.8,0.0,0.0,0,0.13303513092425992,False,False,False,False
3903c788ded8dc03b5ebab37a2f3e9a1,SP,5,119.97999999999999,51.269999999999996,4.0,0.2,0.0,0,0.2993868613138686,False,True,False,False
392353362d22cc2c236e1ee81ff19890,SC,5,288.7,191.97,4.6,0.0,0.0,0,0.3993800320386128,False,False,False,False
397c4d0c005b6f41f90098ac724e28cb,SP,5,8177.0,445.37,4.4,0.4,0.0,0,0.051652851826122045,False,True,False,False
3cfa1358a6caa965278721344c8d76f2,SP,5,3140.2799999999997,81.25,4.8,0.0,0.0,0,0.025220935394051895,False,False,False,False
41e0fa5761c886a630994a55c12087e7,SP,5,423.6,68.31,5.0,0.0,0.0,0,0.13886686589010186,False,False,False,False
4221a7df464f1fe2955934e30ff3a5a1,BA,5,849.5,239.54,4.8,0.0,0.0,0,0.21995518989201499,False,False,False,False
46ef1a25845fc051c2998d878354810c,MG,5,250.41,98.04,4.4,0.0,0.0,0,0.28136030994403793,False,False,False,False
499ec63c58e51296c9cf57edcfe1c8a8,SP,5,365.0,47.93,4.8,0.0,0.0,0,0.11607294214515777,False,False,False,False
4bcec44888b30ba9001234c534716d3f,SP,5,146.0,63.23,4.6,0.0,0.0,0,0.3022033169239593,False,False,False,False
4c1c7281388a33dd06daac44f9fadbd1,SP,5,188.32,81.59,4.8,0.0,0.0,0,0.3022859471675744,False,False,False,False
4d232b78ab7ef10393dc3807d827bc0d,MG,5,1475.0,214.99,4.4,0.0,0.0,0,0.12721377049568341,False,False,False,False
5236605f4d4b0b3e4df85b850393fca0,SP,5,265.3,82.18,4.8,0.2,0.0,0,0.23650282030620468,False,True,False,False
534a01cc6df1e034e05c32028a291fa2,SP,5,235.59,59.86,4.4,0.0,0.0,0,0.20260619394144525,False,False,False,False
53b0300ca793f9834cd69c0678d35ee8,SP,5,1662.15,137.31,5.0,0.0,0.0,0,0.0763062252008936,False,False,False,False
5566627eab3fe93fd6ee08798226101a,PR,5,85.5,102.31,4.4,0.0,0.0,0,0.5447526755763804,False,False,False,False
55c96925041a14097b6a7825554f4ad5,SP,5,170.0,45.89,4.6,0.2,0.0,0,0.21256195284635696,False,True,False,False
5721089ba9214e80074f27d5a03fc0eb,SP,5,245.92999999999998,66.64,5.0,0.0,0.0,0,0.2132002431455354,False,False,False,False
57df9869a600bd6b7c405f2a862eccfb,MG,5,125.0,72.21000000000001,4.4,0.0,0.0,0,0.36615790274326865,False,False,False,False
5def4c3732941a971cba8fdee992ede1,SP,5,134.8,66.24,4.6,0.0,0.0,0,0.32948666931953835,False,False,False,False
606ce7768feac12c5e8bd58db8b08f0f,SP,5,2916.6,102.26,4.8,0.0,0.0,0,0.033873713918499034,False,False,False,False
6c6e3d67f969468f3bfd33f827a31222,PR,5,224.0,92.41,4.8,0.0,0.0,0,0.2920577731424418,False,False,False,False
6e13dd869aa7185f601c941423abcc8f,SP,5,522.0,76.08,4.8,0.0,0.0,0,0.12720706260032102,False,False,False,False
70125af26c2d6d4ef401a1d02ae7701f,GO,5,371.2,258.42,4.6,0.0,0.0,0,0.41043804199358347,False,False,False,False
70f84699be677ec988d1fa824aef7d90,MG,5,1588.3,116.14,4.6,0.0,0.0,0,0.06813968224167469,False,False,False,False
725af026f869236a8dd0ceb98564d156,MG,5,810.72,125.94999999999999,4.4,0.0,0.0,0,0.13446571364514714,False,False,False,False
75a4764c108403a7a0575140cb22287c,RS,5,716.9000000000001,210.15,4.6,0.0,0.0,0,0.22668680222210236,False,False,False,False
762fafdaa57a532ee0119731697579dd,SP,5,206.7,54.17,5.0,0.0,0.0,0,0.20765132058113236,False,False,False,False
7994b065a7ffb14e71c6312cf87b9de2,ES,5,453.0,144.34,5.0,0.0,0.0,0,0.24163792814812335,False,False,False,False
7a9c12e235c36247c3c81f50d6ea9cea,SP,5,983.9,115.69,4.6,0.0,0.0,0,0.10521194263316327,False,False,False,False
7aa538dd6e114e503a2e6154ea352253,SP,5,1016.6800000000001,101.92,4.4,0.0,0.0,0,0.0911138923654568,False,False,False,False
7b7ed56ae755e2880f2b69632e839c1e,GO,5,321.5,135.1,4.2,0.0,0.0,0,0.2958826106000876,False,False,False,False
7b8e8ec35bad4b0ef7e3963650b0a87b,SC,5,2244.2799999999997,372.02,4.8,0.2,0.0,0,0.14219317356572259,False,True,False,False
7d294cf9a6a69dc6a0c3e540fff0e039,SC,5,257.25,194.13,4.4,0.0,0.0,0,0.4300810846736674,False,False,False,False
7d7866a99a8656a42c7ff6352a433410,SP,5,147.89,59.49,4.4,0.0,0.0,0,0.2868646928344103,False,False,False,False
8060d731897e33b5c5ae575ce1e209e1,SP,5,199.5,91.45,4.8,0.0,0.0,0,0.314315174428596,False,False,False,False
866558b3bccef2dbc6d29a2b5995016f,PR,5,1519.3999999999999,351.35,4.8,0.0,0.0,0,0.187812374716023,False,False,False,False
8b655f0855926bcb49f5835d38dfddf6,SP,5,1089.5,73.31,4.8,0.0,0.0,0,0.06304555344381284,False,False,False,False
8e34331b7eedd03be4e5d965c1956225,SP,5,145.0,65.44,4.8,0.2,0.0,0,0.31096749667363616,False,True,False,False
8fe8786ee000001ab51d030dfd4a7bf1,SC,5,2255.0,201.44,4.6,0.0,0.0,0,0.08200485255084594,False,False,False,False
94ca168e8bcb407ab85c5da308863027,SP,5,224.3,87.36,5.0,0.0,0.0,0,0.28030546107938137,False,False,False,False
97e4a63591ca439a2b8b7efd20e6e19e,RJ,5,349.95,78.55,4.4,0.0,0.0,0,0.18331388564760792,False,False,False,False
97e995629983723d11830a829bc2b246,SP,5,499.5,99.37,4.8,0.0,0.0,0,0.1659291665970912,False,False,False,False
9ac4f14370b1e24ddc58be041b7f99df,GO,5,314.51,122.14,4.4,0.0,0.0,0,0.27972060002290167,False,False,False,False
a37c340b91cb0169e8b029db6440fba2,SP,5,345.0,94.95,4.8,0.0,0.0,0,0.21581997954312993,False,False,False,False
a72c2f59332659e361d647515c698798,RS,5,802.9,131.03,4.8,0.0,0.0,0,0.14029959418800125,False,False,False,False
a7c88262832dfc683781d6a421edefae,SP,5,1520.0,82.42,4.2,0.0,0.0,0,0.05143470500867438,False,False,False,False
a806a4bb063ea7ca6d374eafa50a6058,ES,5,294.4,110.87,4.0,0.0,0.0,0,0.27357070594912036,False,False,False,False
aae5e7b457a3c72ee230a47d98fceda5,PR,5,604.8,140.77,4.2,0.0,0.0,0,0.18880856257628395,False,False,False,False
acf974e4d5950ad143a247471b831eb9,RS,5,423.8,329.82,4.75,0.0,0.0,0,0.43764762081685726,False,False,False,False
ad87df7699e83b8a91822a4a0b765c3a,SP,5,309.9,79.38,4.0,0.0,0.0,0,0.20391491985203453,False,False,False,False
adbe70ab2c97442046d393988c8d1d27,SP,5,289.5,65.15,5.0,0.0,0.0,0,0.18370224164669396,False,False,False,False
b4b447d715f9ab302a188fb43d3e96b3,SP,5,685.9300000000001,93.73,4.8,0.0,0.0,0,0.12021906985096066,False,False,False,False
b76a1f8356322f12529c37b67d5c96c2,SP,5,298.5,56.39,4.8,0.0,0.0,0,0.1588943052776917,False,False,False,False
b7cc6c5e001441ae8cdd5c69a480cbe4,SC,5,452.8,137.25,4.6,0.0,0.0,0,0.23260740615202102,False,False,False,False
bb2afe2061d53c6968aa0cffa233a8ec,SP,5,549.4,94.62,4.8,0.0,0.0,0,0.14692090307754418,False,False,False,False
bdf0d02d36a1d839d0c39c4a887cdd49,SP,5,120.0,95.94999999999999,5.0,0.0,0.0,0,0.4443158138457976,False,False,False,False
be9a160a9011f627c3e121d076c1ec7b,SC,5,2055.0,175.12,4.6,0.0,0.0,0,0.07852492242569907,False,False,False,False
cd843d4cf8ef32827de0396605163ba3,MG,5,1915.0,697.56,3.8,0.0,0.0,0,0.2670024803258107,False,False,False,False
cf1313c6e2c01c2f4b014f97db4bcd2b,RJ,5,315.70000000000005,81.3,5.0,0.0,0.0,0,0.20478589420654908,False,False,False,False
debe6615cd90cc0c2eac2b8988e1f628,SP,5,278.5,95.53,4.6,0.0,0.0,0,0.25540732026842766,False,False,False,False
e2a1ac9bf33e5549a2a4f834e70df2f8,SP,5,14999.449999999999,201.11,4.8,0.0,0.0,0,0.013230433615603637,False,False,False,False
ef9952469137ff190bacafe117f51537,MG,5,1002.66,83.94,4.8,0.0,0.0,0,0.07725013804527886,False,False,False,False
efff9341f3f8f5237b44ff67ed36a7bf,ES,5,872.99,99.66,4.4,0.0,0.0,0,0.10246234513956716,False,False,False,False
f92d8c817434bd2d84d4e9c61322b7fa,SP,5,174.84,50.769999999999996,4.6,0.0,0.0,0,0.22503435131421476,False,False,False,False
fac35d150712afb921ec59ac5f39bb11,MG,5,696.0,104.64,4.4,0.0,0.0,0,0.13069544364508393,False,False,False,False
fc38b5dceee1a730fad8853453437fbd,SP,5,119.2,58.81,4.6,0.0,0.0,0,0.3303746980506713,False,False,False,False
02b72cdeb9cfcc429f1af6f4e3f3b737,SP,4,522.65,225.99,4.75,0.0,0.0,0,0.3018673861936311,False,False,False,False
05730013efda596306417c3b09302475,SC,4,952.0,216.67,5.0,0.0,0.0,0,0.18539878665491538,False,False,False,False
0692610d8abe24f287e9fae90ea0bbee,SP,4,173.99,31.73,4.0,0.25,0.0,0,0.15423877114524598,False,True,False,False
0743a0239d764b9a0f959a57d07e36ab,SP,4,336.96,66.26,4.75,0.0,0.0,0,0.1643271663111949,False,False,False,False
077c5fae4bea9500e3737b16f71b9d3a,SP,4,106.80000000000001,70.44,4.5,0.0,0.0,0,0.3974272173324306,False,False,False,False
08061dc0fc165ed41288cc7acde738ee,SP,4,123.80000000000001,58.42,4.5,0.25,0.0,0,0.32060147074964324,False,True,False,False
0b64bcdb0784abc139af04077d49a20e,RS,4,137.6,68.21000000000001,4.75,0.0,0.0,0,0.33142218551090813,False,False,False,False
10264f60a8f0a4d2f30810f5c661c673,SP,4,284.6,41.86,5.0,0.0,0.0,0,0.12822397843533662,False,False,False,False
119d1aef1b4144adba89163f6cd9f5d4,SP,4,1094.0,204.24,4.75,0.0,0.0,0,0.15732068030564458,False,False,False,False
120476eb7a04c149d14772edaf5d9bf2,RJ,4,2368.8,150.83,4.25,0.0,0.0,0,0.05986196385977306,False,False,False,False
12c2ed9cded6138cf0c75f525f565fc7,SP,4,314.96,51.05,4.25,0.25,0.0,0,0.13947706346821126,False,True,False,False
131fcb0a0c9a47bba4474aacff0f14b7,SP,4,369.8,36.61,4.0,0.0,0.0,0,0.09008144484633744,False,False,False,False
19e0f40a907ec568c34bfac15de4f4a1,SP,4,178.0,41.620000000000005,5.0,0.0,0.0,0,0.18950915217193334,False,False,False,False
21c62b998a043ebe31161d38f84929fc,CE,4,750.49,90.84,4.5,0.0,0.0,0,0.1079719016319399,False,False,False,False
22c32ec35d0116ef02c281798a25bf8b,PR,4,119.58,90.43,3.75,0.0,0.0,0,0.4305985429265274,False,False,False,False
2493dc3f20131696a0ecdb9948051a8d,DF,4,504.38,70.69,4.75,0.0,0.0,0,0.12292416575373434,False,False,False,False
262237171f48e85819065498cac80d7b,SC,4,599.0,150.0,4.25,0.0,0.0,0,0.20026702269692923,False,False,False,False
269cff2d3c8d205c11f37a52402ea93b,SP,4,1281.59,133.41,4.5,0.0,0.0,0,0.09428268551236749,False,False,False,False
29e6e05b65f93bc224c644319dc52ecf,MG,4,475.6,83.32,4.75,0.0,0.0,0,0.14907321262434692,False,False,False,False
2b5ed0c9139dae8883a200dfcb272ece,SP,4,85.41,59.34,4.25,0.25,0.0,0,0.40994818652849746,False,True,False,False
2ee0a0689f2f6a72f35a7cb6033f6e7e,SP,4,272.0,52.84,4.0,0.0,0.0,0,0.16266469646595247,False,False,False,False
33ab10be054370c254ddfcf0a6253422,RJ,4,213.2,52.33,5.0,0.0,0.0,0,0.19707754302715325,False,False,False,False
34a557286ead8fe75c989e0afcf7d98c,SP,4,414.9,58.56,4.75,0.0,0.0,0,0.12368521099987329,False,False,False,False
365e445f796710c3431557e85caa25db,SP,4,1115.0,79.3,4.5,0.0,0.0,0,0.0663987272879511,False,False,False,False
385799a1cddbd26dfeb9157356a42282,SP,4,551.9399999999999,74.78,4.75,0.0,0.0,0,0.11931963237171306,False,False,False,False
3be5841cdcc46de4ed3f9116f104b2c5,SP,4,599.6,88.35,4.75,0.0,0.0,0,0.12842503088887272,False,False,False,False
3bfba5a77604f6dfae7e6dd7aaf65821,PR,4,2095.5,122.69,5.0,0.0,0.0,0,0.05531086155829753,False,False,False,False
3d01d1c414c44b5943a09619ff3853cb,SP,4,303.6,73.22,4.5,0.0,0.0,0,0.1943102807706597,False,False,False,False
45c20d94d9171b0bcfab3c955e47d67b,SP,4,129.45999999999998,81.11,4.5,0.0,0.0,0,0.3851925725411977,False,False,False,False
4b39558c138930b9e5489c93b6df5fe3,SE,4,1096.7,132.4,4.5,0.0,0.0,0,0.10772109673745016,False,False,False,False
4c8545742faaf58fafd5fd14d25d75cf,SP,4,3020.0,196.31,4.5,0.0,0.0,0,0.06103578324228697,False,False,False,False
4dbd95a08b31ede5c82d3f861cb1ce1a,PR,4,370.78000000000003,93.14,4.75,0.0,0.0,0,0.20076737368511813,False,False,False,False
4ea2f12dbe91deeacd2c1e74f069a6e6,SP,4,210.2,70.07,4.75,0.0,0.0,0,0.2500089199700289,False,False,False,False
5145090ab595c0d0b8557199f5701fbf,PR,4,1459.6,197.85,4.25,0.0,0.0,0,0.11937011674560319,False,False,False,False
5194c22ed1f616ec0c0f33c571542879,MG,4,245.6,80.85,4.25,0.0,0.0,0,0.24766426711594425,False,False,False,False
5275ca25d0358ca73864e0ae41be1320,SP,4,409.6,69.22,4.75,0.0,0.0,0,0.14456371914289293,False,False,False,False
52a50b42accf164f9f019941e5759d9b,SP,4,139.96,57.059999999999995,4.75,0.0,0.0,0,0.2896152674855344,False,False,False,False
5f0057b677eb963672bf05dfa3f16c34,SP,4,213.88,51.11,5.0,0.0,0.0,0,0.19287520283784293,False,False,False,False
61b18775be84fb700a6b2d0ba097bf66,SP,4,334.5,101.51,4.75,0.0,0.0,0,0.23281576110639665,False,False,False,False
661ad5fcc28cdfb8bcadb12bb2272475,SC,4,209.93,119.78,5.0,0.0,0.0,0,0.36328895089624214,False,False,False,False
698f5fa55a5f73d0740e9d9a773e8093,RJ,4,120.0,83.99,4.75,0.0,0.0,0,0.41173586940536294,False,False,False,False
6bd503a8230299c9316fb0f726933927,GO,4,324.28999999999996,129.6,4.75,0.25,0.0,0,0.2855317367644143,False,True,False,False
6c17baf138731a4aaacc3210adf2037b,SP,4,538.8,89.92,5.0,0.0,0.0,0,0.14302074055223313,False,False,False,False
6c1b6d0c604b776f844125f911eb7377,SP,4,327.07,56.14,4.0,0.0,0.0,0,0.14649930847316095,False,False,False,False
6d1b9c9579132c87d2703ec38c30f2c5,PR,4,299.69,67.7,4.5,0.0,0.0,0,0.1842728435722257,False,False,False,False
713e3a23ca5e47786eb6f0d99f94cfac,PR,4,1126.0,87.03,4.75,0.0,0.0,0,0.07174595846763888,False,False,False,False
71dc18fd8cbf5fd77f45dd8b427abb34,PR,4,1080.0,149.4,5.0,0.0,0.0,0,0.12152269399707173,False,False,False,False
77714512e8d4dda9c234da8e3faf16e4,SP,4,243.4,105.58,4.25,0.0,0.0,0,0.3025388274399679,False,False,False,False
7a91bf945c6fae0779f1c61ce97fe45c,RJ,4,634.6,65.17,4.5,0.25,0.0,0,0.09313060005430356,False,True,False,False
7c51de0ab286204ce75ff42bf7c10d92,SC,4,759.0,149.64,4.5,0.0,0.0,0,0.16468568409931325,False,False,False,False
7e79d65b5c6f1f544b7daea036acf720,SP,4,517.8,62.09,4.5,0.0,0.0,0,0.10707203090241253,False,False,False,False
818d28f936e791926d33bcb6ee94ef79,SP,4,111.6,62.68,4.0,0.0,0.0,0,0.35965113610282307,False,False,False,False
86bf77bdb52e615674772d5817c6212f,RS,4,281.8,97.58,4.75,0.0,0.0,0,0.2572091306869102,False,False,False,False
8dfbc5ff27df12f6cef751d3b9554222,PR,4,226.0,90.12,4.5,0.0,0.0,0,0.285081614576743,False,False,False,False
90b36c5aeb728d5504a39f435bef0c5f,SP,4,153.89,94.0,5.0,0.0,0.0,0,0.3792004518133043,False,False,False,False
91543f9849d68d023e17194926598543,SC,4,834.0,266.57,4.5,0.0,0.0,0,0.24221085437546,False,False,False,False
918717417d88a9f9ae9735567e6c7682,SP,4,345.70000000000005,43.52,5.0,0.0,0.0,0,0.1118133703304044,False,False,False,False
929f342384a6607afe143d789ade1316,PR,4,209.4,63.36,5.0,0.0,0.0,0,0.23229212494500662,False,False,False,False
939e6227d6964a11a70aa91243e418f2,MG,4,425.0,63.25,4.25,0.0,0.0,0,0.1295442908346134,False,False,False,False
9485a23c0430ba1d58d359391606fce6,SP,4,830.9,54.96,3.75,0.25,0.0,0,0.062041406091255955,False,True,False,False
98115075dd26cb8835946fc6086f5d30,SP,4,434.96000000000004,56.24,4.75,0.0,0.0,0,0.11449511400651464,False,False,False,False
9cf787a239c1aa29dbd76f153dc13f9a,SP,4,316.0,52.400000000000006,4.75,0.0,0.0,0,0.1422366992399566,False,False,False,False
9dc79dd988ac42f4d56c340d7048420a,SP,4,749.6,94.33,4.75,0.0,0.0,0,0.1117746732548908,False,False,False,False
a080fc8a850289b27500f6b49cca2553,SP,4,383.0,52.57,4.75,0.0,0.0,0,0.12069242601648415,False,False,False,False
a0a14e50070f3225b3eabba5b85da517,PR,4,176.2,72.44,4.5,0.0,0.0,0,0.2913449163449163,False,False,False,False
a13aaf2d2886ab9fb30fb9a920160b8f,SC,4,1011.52,74.31,4.5,0.25,0.0,0,0.0684361272022324,False,True,False,False
a35124e2d763d7ca3fbe3b97d143200f,SP,4,411.5,78.89,4.75,0.0,0.0,0,0.16087195905299864,False,False,False,False
a4bd6e9adf39b63f43dc545d3ca1f53d,RJ,4,1848.59,112.38000000000001,4.5,0.0,0.0,0,0.05730837289708665,False,False,False,False
a5bff0f43eb51f0cad7c37fac7244c8a,SP,4,445.0,96.27000000000001,4.75,0.0,0.0,0,0.177859478633584,False,False,False,False
a9b533a26e898b12e8b8d4c07279bf4d,RJ,4,119.6,71.46,5.0,0.0,0.0,0,0.37401863289019155,False,False,False,False
ab9db4cf53b08b828b64dccaafc2d9f0,RS,4,177.78,105.82000000000001,5.0,0.0,0.0,0,0.3731311706629055,False,False,False,False
aeb36d67f1414f234d42a29e27cf1f17,SP,4,3263.8,284.3,4.5,0.25,0.0,0,0.08012739212536286,False,True,False,False
b01c2b7b8599b325103ebcddc67413e1,RS,4,169.45,72.67,4.75,0.0,0.0,0,0.3001404262349248,False,False,False,False
b44dbfbf62e52125f3c15d230569ea91,SP,4,609.37,89.69000000000001,4.75,0.0,0.0,0,0.12830086115641004,False,False,False,False
b88e7c57cb2d8b973b7dd4a2bfa14b36,PR,4,353.9,65.77,4.25,0.0,0.0,0,0.15671837396049276,False,False,False,False
bd0a1b0aadca9a83d9304f7e8ff5fbd5,SP,4,150.6,54.59,4.5,0.0,0.0,0,0.2660461036112871,False,False,False,False
bf961104a38e01b9062ee026bb657dee,SP,4,585.56,79.9,4.5,0.0,0.0,0,0.12006732185255314,False,False,False,False
bfd938b22bc99bce1ae60dc602889f52,RJ,4,623.4,100.47,5.0,0.0,0.0,0,0.13879564010112314,False,False,False,False
c0aff2da32c17759d30b22fb0af6649d,SC,4,188.8,83.53,3.75,0.0,0.0,0,0.3067234605074725,False,False,False,False
c4af86330efa7a2620772227d2d670c9,SP,4,5396.0,364.96,4.333333333333333,0.0,0.0,0,0.0633505526856635,False,False,False,False
c8660dcf9ba70575f45d80fe28c27713,SP,4,335.0,103.99,4.5,0.25,0.0,0,0.23688466707669878,False,True,False,False
c9e5ad1f6647f5dbd1172adf6ae3cada,RS,4,259.03,60.95,4.75,0.0,0.0,0,0.19048065504094008,False,False,False,False
cb5ff1b9715e99589f3e0c7a6afab9e3,PR,4,85.0,54.03,4.0,0.0,0.0,0,0.38862116090052506,False,False,False,False
ce20a2ec1514c25e16f2b5b39bc818f0,SP,4,287.0,209.03,4.75,0.0,0.0,0,0.421405963348991,False,False,False,False
da03c298e3999e9d828591fc2179d109,SP,4,787.7,54.78,4.75,0.0,0.0,0,0.06502231506979395,False,False,False,False
dc50afafdfa325eadc890c7fa42a8f4e,PR,4,424.2,57.28,4.75,0.0,0.0,0,0.1189665198969843,False,False,False,False
dc64d75cc406bb0697be983831430e60,MG,4,813.0,92.55000000000001,4.75,0.0,0.0,0,0.10220308100049695,False,False,False,False
dd4d95ba2d15c071e6c695e2ef6ce169,ES,4,1748.0,214.41,4.25,0.5,0.0,0,0.10925851376623641,False,True,False,False
e51f22821f0c12a16ad5c020cdcd55e9,SP,4,898.71,98.13,4.75,0.0,0.0,0,0.09844107379318646,False,False,False,False
e53d5b9b29d1218281f4a907ada18626,PR,4,350.67,133.25,4.75,0.0,0.0,0,0.27535543064969414,False,False,False,False
e5c84227854980f1db19a58958c551d9,PR,4,72.81,68.83,4.75,0.0,0.0,0,0.485950296526405,False,False,False,False
e5d4b2b0c3bca22085f7a19a28de0c42,SC,4,205.8,63.76,4.5,0.0,0.0,0,0.23653361032794182,False,False,False,False
e73bf2cea7fe4b0b4d287a7568ed1099,SC,4,737.6999999999999,100.13000000000001,5.0,0.0,0.0,0,0.11951111800723299,False,False,False,False
e9729944ba65dc3ce425e0c5a22ae7b2,RJ,4,916.7,61.73,3.75,0.25,0.0,0,0.0630908700673528,False,True,False,False
eec3469d83e142f9a104886655338c37,SP,4,185.7,54.74,4.5,0.0,0.0,0,0.2276659457660955,False,False,False,False
f2336e113377dd21c744d9c4fc8293a9,SP,4,3563.0,199.07999999999998,4.25,0.0,0.0,0,0.052917534980649,False,False,False,False
f4ce8ca9fa7157e3b33f536ac9a4487d,SP,4,409.6,97.53,4.75,0.0,0.0,0,0.19231755171257864,False,False,False,False
fc908879b9ca1bd65419e54e50432d38,SP,4,119.19999999999999,52.68,5.0,0.0,0.0,0,0.3064929020246684,False,False,False,False
fec8cd45395b3cb0c2b173d7739706a1,SP,4,1280.0,96.94,3.75,0.0,0.0,0,0.07040248667334814,False,False,False,False
01266d4c46afa519678d16a8b683d325,PR,3,90.25,47.230000000000004,5.0,0.0,0.0,0,0.34354087867326155,False,False,False,False
03bd479e1d9484cdb14104d3023f7321,MG,3,359.70000000000005,57.72,4.333333333333333,0.0,0.0,0,0.13827799338795455,False,False,False,False
044668ccd5316b12a7cf0d54a156e3e9,SP,3,137.8,53.55,5.0,0.0,0.0,0,0.2798536712829892,False,False,False,False
0761743cbffb25d7148189e9f1a5f03a,SP,3,241.2,86.2,4.666666666666667,0.0,0.0,0,0.26328649969456325,False,False,False,False
08f5819815f3d06545011850bd70f0a8,SP,3,452.0,70.83,4.666666666666667,0.0,0.0,0,0.13547424593079968,False,False,False,False
0b0ddbc7b9d9584f442c7ac92b0ff6c9,SP,3,1416.76,133.88,4.666666666666667,0.0,0.0,0,0.08633854408502296,False,False,False,False
0cab2da43793a6f3c5ed8514c5f54627,PR,3,309.70000000000005,57.2,5.0,0.0,0.0,0,0.1559007904061052,False,False,False,False
0e72c1a751b496722a6cb1f10653b62a,SP,3,140.8,51.300000000000004,4.666666666666667,0.0,0.0,0,0.2670484122852681,False,False,False,False
0ec28cec4046a4a199b6de9b4c891d97,GO,3,296.6,56.04,5.0,0.0,0.0,0,0.15891560798548093,False,False,False,False
0f7eea709efdf942b5f95c7516dbacd7,SP,3,195.74,44.32,4.0,0.0,0.0,0,0.18462051153878198,False,False,False,False
0fe2d9733ed841eb064503920015a8c0,SP,3,389.64,108.71000000000001,4.666666666666667,0.0,0.0,0,0.2181398615430922,False,False,False,False
10089e9f2fd0c668a8fd4e52e1698888,SP,3,1139.9,59.41,4.333333333333333,0.0,0.0,0,0.04953681700311011,False,False,False,False
10cdd491d1dbea8fb4ead97b19c334ce,MG,3,208.9,78.86,5.0,0.0,0.0,0,0.2740478176257993,False,False,False,False
11d4c477d09821164bca4f70a2eae031,SP,3,83.04,57.81999999999999,5.0,0.0,0.0,0,0.4104784892801362,False,False,False,False
11fb6f6d341adbe19e81733701704635,SP,3,1197.0,399.65999999999997,5.0,0.0,0.0,0,0.25031002217128256,False,False,False,False
13dd308f81fea30cc670c656b2b46cc3,SP,3,117.69999999999999,33.440000000000005,5.0,0.0,0.0,0,0.22125181950509468,False,False,False,False
184725737946a1a938bbbd1a9e978103,SP,3,359.70000000000005,43.870000000000005,4.666666666666667,0.0,0.0,0,0.10870480957454716,False,False,False,False
1c56ffe0e9dea2657fc6e95b53f40b13,SP,3,183.0,84.39,4.333333333333333,0.0,0.0,0,0.315606417592281,False,False,False,False
1ca4bdb0cd7fc48e949bac066188ed26,MG,3,1140.0,363.45,5.0,0.3333333333333333,0.0,0,0.24174398882570086,False,True,False,False
1e47defeeadeca0e9a18fa5a9311e735,SP,3,234.12,57.5,5.0,0.0,0.0,0,0.19717440504766476,False,False,False,False
1f7fd2a6fcd5a6fa5d8a4dabc72aaae0,RS,3,531.8,100.88,5.0,0.0,0.0,0,0.15944869444268825,False,False,False,False
2063dd1b9f568df1c16741ea7d3e6adb,PR,3,763.1,57.17,5.0,0.0,0.0,0,0.0696965633267095,False,False,False,False
2075d8cd4dd63ff12df0749a5866bb06,PR,3,184.70000000000002,57.53,5.0,0.0,0.0,0,0.23750154811542748,False,False,False,False
20a7efa9721046319bdde5d60b6b5365,SP,3,501.20000000000005,95.39,5.0,0.0,0.0,0,0.15989205316884292,False,False,False,False
25be943a321c8938947bdaabca979a90,SP,3,479.0,95.63,4.333333333333333,0.0,0.0,0,0.1664201312148687,False,False,False,False
269c5fc9fcadee614364c3620c30a1f9,SP,3,209.6,45.12,5.0,0.0,0.0,0,0.1771356783919598,False,False,False,False
26b482dccfa29bd2e40703ba45523702,SP,3,344.78,67.63,5.0,0.0,0.0,0,0.1639872941975219,False,False,False,False
28c7d8743fbc8679f484868cc0fcaefb,SP,3,201.5,68.86,5.0,0.0,0.0,0,0.25469744044977066,False,False,False,False
2b2fed75b8e5ea3a052fc4c0825da485,MG,3,510.9,59.93,5.0,0.0,0.0,0,0.10498747437941244,False,False,False,False
2d22fc3089eb907b29ebff50581fb472,RJ,3,317.70000000000005,59.69,3.6666666666666665,0.0,0.0,0,0.15816529319801795,False,False,False,False
2eeb6531ee027a48d401e72bebdd87d3,SP,3,38.7,40.0,4.333333333333333,0.0,0.0,0,0.5082592121982211,False,False,False,False
340636a908b13bbe0f4fb63fbe1d0c03,SP,3,490.5,36.0,5.0,0.0,0.0,0,0.06837606837606838,False,False,False,False
39a5005f2605cbdb4f9ac14485cabfd1,SP,3,501.07,232.58999999999997,5.0,0.0,0.0,0,0.31702696071749853,False,False,False,False
3d290fe363c60a77498c1126fd3fb8d3,SP,3,198.98,35.06,4.333333333333333,0.0,0.0,0,0.14980345240129894,False,False,False,False
3d49bfdd1b43a7fe169b3740067acc61,MG,3,215.0,61.82,4.666666666666667,0.0,0.0,0,0.22332201430532478,False,False,False,False
3f84fefc07dc159b268d4a77d3e8c425,PR,3,200.6,51.32,5.0,0.0,0.0,0,0.20371546522705622,False,False,False,False
41c9d3997dd3c072c31139dc5bb5761f,MG,3,998.8,111.74000000000001,4.333333333333333,0.0,0.0,0,0.1006177175067985,False,False,False,False
4391ea5c5990502176a1dcda44a2373d,RS,3,2349.0,135.3,4.666666666666667,0.0,0.0,0,0.05446202149498853,False,False,False,False
446cc09cdbb130904da114e807dbec40,SP,3,252.8,54.17,4.666666666666667,0.0,0.0,0,0.17646675570902692,False,False,False,False
478bfe564db21eeb44386606aa30b650,MG,3,182.70000000000002,48.1,4.666666666666667,0.0,0.0,0,0.2084055459272097,False,False,False,False
485452467ff670447e84a8370c3fc898,SC,3,175.7,139.74,4.666666666666667,0.0,0.0,0,0.44300025361399953,False,False,False,False
48bad451945f5227341793478d6353ea,SP,3,307.0,77.49000000000001,4.0,0.3333333333333333,0.0,0,0.20153970194283338,False,True,False,False
4a23adac87cf538689fa600d976f78b2,SP,3,405.0,35.41,4.333333333333333,0.0,0.0,0,0.08040235235348879,False,False,False,False
4a82c4af97ffc0fb2dc26bfdc03b1842,MG,3,143.7,67.2,5.0,0.0,0.0,0,0.31863442389758184,False,False,False,False
4e6015589b781adaa5ce7f1892d06bb1,SP,3,684.0,56.5,3.6666666666666665,0.0,0.0,0,0.07629979743416611,False,False,False,False
4fb41dff7c50136976d1a5cf004a42e2,BA,3,1230.0,66.77,4.0,0.3333333333333333,0.0,0,0.05148946999082335,False,True,False,False
519a7aa428f18d125a283cf8c014fdd6,SC,3,79.69999999999999,73.1,4.0,0.0,0.0,0,0.47840314136125656,False,False,False,False
51f108f62cb87d61918159902c8f8583,PR,3,303.73,75.03,4.333333333333333,0.0,0.0,0,0.19809377970218608,False,False,False,False
52956b80ae65fda598f06f6b9943e7a9,PR,3,792.0,66.85,4.0,0.3333333333333333,0.0,0,0.07783664202130755,False,True,False,False
53088c75f948b48a7ece173ac17f0c12,RS,3,261.70000000000005,54.53,5.0,0.0,0.0,0,0.17243778262656925,False,False,False,False
56f413900b5166ab4d730e9ac0b12cb0,SP,3,151.79,42.45,4.666666666666667,0.0,0.0,0,0.21854406919275124,False,False,False,False
5741dc2bf5044c34d0698681c5081bed,SP,3,89.69999999999999,34.05,5.0,0.0,0.0,0,0.27515151515151515,False,False,False,False
5b97c06a046398e7005b2b7c0d707a92,MG,3,1139.97,198.44,4.0,0.3333333333333333,0.0,0,0.1482654791879917,False,True,False,False
5bf397d04035b5f45cc41e82ec106803,SP,3,1525.0,47.28,4.333333333333333,0.0,0.0,0,0.030070979723713333,False,False,False,False
5e49e3a44bdeb5aab2684258bbd4f525,SC,3,507.0,52.769999999999996,4.666666666666667,0.3333333333333333,0.0,0,0.09427086124658342,False,True,False,False
5f5a58930c3c35f3b5af264f34fb8c85,SP,3,560.0,68.59,5.0,0.0,0.0,0,0.10911723062727692,False,False,False,False
60da8bfa7eebe230b7d66ac4082d79b3,SP,3,86.6,38.67,4.333333333333333,0.3333333333333333,0.0,0,0.3086932226390996,False,True,False,False
626ab1cd96932367f0eeec2e47046c12,SP,3,1310.0,80.47,4.666666666666667,0.0,0.0,0,0.0578725179255935,False,False,False,False
6548c2550b6e2d8f18053216e1c7b6f3,SP,3,217.7,69.85000000000001,5.0,0.0,0.0,0,0.24291427577812558,False,False,False,False
657969cca82e884d272385ec0ef06edd,RS,3,139.70000000000002,51.86,4.666666666666667,0.0,0.0,0,0.27072457715598247,False,False,False,False
65a7c0788e4d632ccb5e1b594b87f0bb,SP,3,266.7,117.42,4.333333333333333,0.0,0.0,0,0.3056857232114964,False,False,False,False
6ba4733aa33f6386e9fb0c0fd3993b38,RS,3,149.79,60.09,4.666666666666667,0.0,0.0,0,0.28630646083476274,False,False,False,False
6fa9202c10491e472dffd59a3e82b2a3,SP,3,7014.24,925.01,4.333333333333333,0.0,0.0,0,0.11651100544761785,False,False,False,False
70126eecc6aa1274392a1743866e9678,SP,3,97.39999999999999,47.34,5.0,0.0,0.0,0,0.3270692275804892,False,False,False,False
7238f877570096ae403c51898fa64566,SP,3,1200.0,49.519999999999996,5.0,0.0,0.0,0,0.039631218387860934,False,False,False,False
7402d13c03a7e91366337cd1de471144,PR,3,473.89,110.9,4.333333333333333,0.0,0.0,0,0.18964072573060417,False,False,False,False
747e73c01a4593d4cf60dcf970fd2689,PE,3,2217.99,123.77000000000001,4.333333333333333,0.0,0.0,0,0.05285340940147582,False,False,False,False
75745ef7bc7d4f3ea3380f6f5303f514,DF,3,228.4,48.92,5.0,0.0,0.0,0,0.17640271166883023,False,False,False,False
761681a821d8275bc79f552116d06869,SP,3,354.92,159.98000000000002,5.0,0.0,0.0,0,0.31070110701107007,False,False,False,False
76623fde66e6b63b59440fd34160512d,SP,3,65.4,23.34,4.0,0.0,0.0,0,0.2630155510480054,False,False,False,False
778323240ce2830d68aab11794e00bfb,SP,3,189.98000000000002,52.45,4.333333333333333,0.0,0.0,0,0.21635111166109805,False,False,False,False
78ef7e885d17f35e2382a47aae8b8cce,RS,3,388.0,65.44,4.666666666666667,0.0,0.0,0,0.14431898376852506,False,False,False,False
7adbd3210a7b3cc2235e225eef33574d,SP,3,131.9,72.96,4.666666666666667,0.0,0.0,0,0.3561456604510397,False,False,False,False
7f5e4d5efad7e44b91115dd1decb65f3,SP,3,179.9,77.42,5.0,0.0,0.0,0,0.30087051142546245,False,False,False,False
800214c63934acd05d47e84214db8ba8,SC,3,199.70000000000002,50.71,5.0,0.0,0.0,0,0.20250788706521303,False,False,False,False
809413606dbfe5deefd2db646693ef67,SP,3,196.68,50.37,4.333333333333333,0.0,0.0,0,0.20388585306618093,False,False,False,False
83a75eea11694e36e56dd0cb2240229a,SP,3,487.0,42.47,5.0,0.0,0.0,0,0.08021228775945756,False,False,False,False
83c465a786b06574376909b35ef6752a,SP,3,281.4,49.06,5.0,0.0,0.0,0,0.14845972281062764,False,False,False,False
83f2b4881141ce3fcd4e985125d3279e,SP,3,60.7,40.68,5.0,0.0,0.0,0,0.4012625764450582,False,False,False,False
876182d1918783bbe15233febfbd4926,SP,3,120.27,34.730000000000004,4.0,0.0,0.0,0,0.22406451612903228,False,False,False,False
88ae906ea2acf6971f26c3e8b7cb4357,SP,3,246.0,42.01,3.3333333333333335,0.3333333333333333,0.0,0,0.14586299086837262,False,True,False,False
8ca5b19e0263150d2c57afdde2b3d011,SP,3,180.60000000000002,44.08,4.666666666666667,0.0,0.0,0,0.19619013708385258,False,False,False,False
8fec2e460530482132c436cfb5439925,SP,3,468.46,80.15,4.333333333333333,0.3333333333333333,0.0,0,0.14609649842328795,False,True,False,False
902c99f1ac505c0d18778b61bcd636f7,SP,3,123.47,81.82,5.0,0.0,0.0,0,0.3985581372692289,False,False,False,False
939f6e231201f26803cb5c3a3d2940b3,SP,3,130.6,95.02000000000001,4.666666666666667,0.0,0.0,0,0.4211506072156724,False,False,False,False
941554c5757b73ba0e50aa7732310afc,SP,3,107.69,58.66,4.666666666666667,0.0,0.0,0,0.35262999699428915,False,False,False,False
94231344608e603693b0a8891143f65d,SP,3,722.0,102.17999999999999,4.0,0.0,0.0,0,0.12397777184595597,False,False,False,False
954e95f20808d7e5d11f0de292d078e0,MG,3,158.78,119.17999999999999,4.666666666666667,0.0,0.0,0,0.42876672902575913,False,False,False,False
961dff0a659b4561334372337dd897d9,RJ,3,7297.0,92.74,4.666666666666667,0.0,0.0,0,0.01254983260574797,False,False,False,False
979e9f8b5b39dd243a2550c8b05aecf0,SP,3,525.0,46.88,5.0,0.0,0.0,0,0.08197523956074701,False,False,False,False
9b522ba7eae9e1d04082f267144583cc,SP,3,1478.6,132.95,4.666666666666667,0.3333333333333333,0.0,0,0.0824982160032267,False,True,False,False
9c54608f0996c32ae4743089d915f845,PR,3,194.8,109.92,4.0,0.0,0.0,0,0.36072459963244946,False,False,False,False
a00824eb9093d40e589b940ec45c4eb0,SP,3,9399.97,379.49,4.666666666666667,0.0,0.0,0,0.03880480108308639,False,False,False,False
a3082f442524a1be452e3189e003b361,SP,3,301.6,97.65,4.333333333333333,0.0,0.0,0,0.2445835942391985,False,False,False,False
a35ef466c6fd6d052f5d241240d3c5e2,RS,3,569.9,79.65,4.666666666666667,0.0,0.0,0,0.12262335463012856,False,False,False,False
a435b009cd956ea60748b5cfbddf2e24,SP,3,361.18,45.209999999999994,4.333333333333333,0.3333333333333333,0.0,0,0.11124781613720809,False,True,False,False
a56e351445e5863fc8960640ba9190c7,SC,3,760.9200000000001,65.06,4.333333333333333,0.0,0.0,0,0.07876704036417347,False,False,False,False
a69aa24cec11168e7e39a3fbc727e925,SP,3,105.97,34.32,5.0,0.0,0.0,0,0.24463611091310858,False,False,False,False
a7a9b880c49781da66651ccf4ba9ac38,SP,3,307.6,65.47,3.6666666666666665,0.0,0.0,0,0.1754898544509073,False,False,False,False
a90a5da8b09e44264a177c0374a5ac87,PR,3,74.69999999999999,72.6,4.333333333333333,0.0,0.0,0,0.49287169042769857,False,False,False,False
aa1eb17b9fdf6dfd546e25c45c7b9235,SP,3,117.99,36.269999999999996,4.666666666666667,0.0,0.0,0,0.23512252042007,False,False,False,False
ab27bbbad5239bc31a34709275a70db4,SP,3,382.9,102.15,5.0,0.0,0.0,0,0.21059684568601178,False,False,False,False
ab91571efab27993ff2f6b36e38055c3,SP,3,102.24,56.69,4.666666666666667,0.3333333333333333,0.0,0,0.35669791732209144,False,True,False,False
b3e2faf2c1004d674f16a3aa3197f0e1,SP,3,61.47,33.77,5.0,0.0,0.0,0,0.3545779084418312,False,False,False,False
b45d7ebfb7378630f1bcd74b6ff86ff7,MG,3,899.6999999999999,68.44,4.333333333333333,0.0,0.0,0,0.07069225525233955,False,False,False,False
b7e1750c1157341d2abd0251e07c186b,SP,3,159.6,60.96,4.333333333333333,0.0,0.0,0,0.2763873775843308,False,False,False,False
b9c0ffa92f3ff9a5a3d45ef7213c0842,SP,3,490.0,82.17,5.0,0.0,0.0,0,0.14361116451404304,False,False,False,False
bc30de0d71bd6260b936a026b5cf7200,SP,3,392.37,90.47999999999999,4.666666666666667,0.0,0.0,0,0.18738738738738736,False,False,False,False
c04d70d515d15a7e3db3a73320598566,RJ,3,158.2,56.62,5.0,0.0,0.0,0,0.2635695000465506,False,False,False,False
c113b8df1fc375bc3d73d29c1b1144d1,SP,3,333.0,67.87,4.333333333333333,0.0,0.0,0,0.16930675780178114,False,False,False,False
c1849d4d32d7a6cecd5aa471809d3135,SP,3,388.98,41.730000000000004,4.333333333333333,0.0,0.0,0,0.09688653618443965,False,False,False,False
c26ba52cf8d2f34915f2f6b7ffa0a3f3,RJ,3,107.47,38.75,5.0,0.0,0.0,0,0.2650116263165094,False,False,False,False
c3f5668699a1b04c0fa61ecea1e2bff6,PR,3,407.81,107.12,5.0,0.0,0.0,0,0.20802827568795756,False,False,False,False
c5ebe6598748b0aeaa61cfb820478b92,RS,3,297.0,40.17,4.666666666666667,0.0,0.0,0,0.11913871340866625,False,False,False,False
c79151301b9d90985d1fa52879213105,PR,3,267.1,116.34,4.666666666666667,0.0,0.0,0,0.3034112247026914,False,False,False,False
cf654707ed6a99f112c7ec3d6f314b8b,SP,3,756.0,33.54,4.666666666666667,0.0,0.0,0,0.04248043164374193,False,False,False,False
d149de2f383552baea37a7198c2296ce,SP,3,320.70000000000005,33.67,5.0,0.0,0.0,0,0.09501368626012359,False,False,False,False
d558ebe531605a1285ab2b1bc3256dfb,MG,3,709.0,73.23,4.666666666666667,0.0,0.0,0,0.09361696687674981,False,False,False,False
d73cbd89533ce8b041a9190241453ac8,MG,3,268.7,50.59,4.333333333333333,0.0,0.0,0,0.15844530051050773,False,False,False,False
d90fe2229fee1a5da999ccd0c06c1667,SP,3,450.0,66.91,4.666666666666667,0.0,0.0,0,0.12944226267628794,False,False,False,False
d9cd369bffa979d1634f8e1318bf2f1b,SP,3,678.0,66.81,5.0,0.0,0.0,0,0.08970072904499135,False,False,False,False
db1f0f7c7e5e87f40b62226f020bb297,PR,3,59.01,64.72,4.666666666666667,0.0,0.0,0,0.5230744362725289,False,False,False,False
dcf3755cefcdc158ad0b7bdde51e871b,RS,3,269.70000000000005,89.33,4.0,0.0,0.0,0,0.2488092917026432,False,False,False,False
e1643dff33666ca629e3644c02738179,SP,3,170.0,29.31,4.333333333333333,0.0,0.0,0,0.1470573478500828,False,False,False,False
e3d3b3efac954a60d61be70b7e05b49b,SP,3,1282.05,123.78,4.333333333333333,0.0,0.0,0,0.08804763022556071,False,False,False,False
e5899683388855d3dabe8913bbe365de,SP,3,452.88,80.98,4.0,0.0,0.0,0,0.15168770838796689,False,False,False,False
e82de6494d91d3c4c54450f59b227a94,SP,3,118.9,38.8,5.0,0.3333333333333333,0.0,0,0.24603677869372226,False,True,False,False
e9c2dc0dd4ac38448289be644ac94f42,SC,3,118.39,56.22,5.0,0.0,0.0,0,0.32197468644407534,False,False,False,False
e9e446d01bd10a97a8ffcfc4a3a20cb2,SP,3,51.15,22.169999999999998,4.333333333333333,0.0,0.0,0,0.30237315875613746,False,False,False,False
ea3ebea5317b0efbc663ecc8ce5e9bc2,SC,3,299.70000000000005,57.65,4.0,0.0,0.0,0,0.16132643067021127,False,False,False,False
ea4e9ce63a2134743b4a92777437fcdd,SC,3,316.6,65.7,4.666666666666667,0.0,0.0,0,0.17185456447815853,False,False,False,False
eaf6d55068dea77334e8477d3878d89e,SP,3,51.0,33.01,5.0,0.0,0.0,0,0.39292941316509944,False,False,False,False
ed9eef5be0992d413d251fadba1a410d,SP,3,404.09999999999997,143.24,4.666666666666667,0.0,0.0,0,0.2617020499141302,False,False,False,False
ef728fa1f17436c91ed1ccd03dcf9631,SP,3,128.7,58.12,4.333333333333333,0.0,0.0,0,0.31110159511829566,False,False,False,False
fcba71d4d5db057f43249145e4eb1e27,SP,3,494.55,53.72,4.666666666666667,0.0,0.0,0,0.09798092180859795,False,False,False,False
fe4cd9461203cee790d36792420b310f,MG,3,391.15,54.379999999999995,4.0,0.0,0.0,0,0.12205687608017417,False,False,False,False
fe8055980a4ff7f64ed889c2b5926929,PR,3,196.70000000000002,53.28,4.666666666666667,0.0,0.0,0,0.21313705096407712,False,False,False,False
010543a62bd80aa422851e79a3bc7540,SP,2,1416.0,31.950000000000003,4.5,0.0,0.0,0,0.022065679063503575,False,False,False,False
024b564ae893ce8e9bfa02c10a401ece,SP,2,706.4000000000001,212.0,4.5,0.0,0.0,0,0.2308362369337979,False,False,False,False
038b75b729c8a9a04b0d07cba7eabe86,SP,2,467.0,90.85,3.5,0.5,0.0,0,0.162857398942368,False,True,False,False
05aebce0b5c8f0d41b29b686f2d05fd3,SP,2,74.99000000000001,45.89,5.0,0.0,0.0,0,0.3796326935804103,False,False,False,False
062c325cd6a2b87845fab56b4ec2eeae,SP,2,133.22,23.86,5.0,0.0,0.0,0,0.1518971224853578,False,False,False,False
07e8e8fc5222bb358e6f259da3197074,SP,2,51.8,23.06,4.0,0.0,0.0,0,0.3080416777985573,False,False,False,False
0a82f5fb06a4fe4ac2cf7cb412ec71b8,SP,2,462.0,22.799999999999997,5.0,0.0,0.0,0,0.04702970297029702,False,False,False,False
0ade5cc4a305ed7093a23f68ca47519c,PR,2,158.88,42.39,5.0,0.0,0.0,0,0.2106126099269638,False,False,False,False
0af977692321d895349eded183341d28,SP,2,257.75,19.47,4.5,0.0,0.0,0,0.07023302792006347,False,False,False,False
0b3f27369a4d8df98f7eb91077e438ac,SP,2,146.51,24.88,4.0,0.0,0.0,0,0.14516599568236188,False,False,False,False
0daf5180aa44356f60f8effa533b55a2,GO,2,144.8,38.83,5.0,0.0,0.0,0,0.21145782279583947,False,False,False,False
11742f81550ac064cc9a40f67151d9ad,SP,2,781.9,49.11,5.0,0.0,0.0,0,0.059096761771819835,False,False,False,False
119c7f1a00ef43fad0e57604e76a747c,SP,2,189.8,17.02,4.5,0.0,0.0,0,0.08229378203268542,False,False,False,False
160851d3ece7aa1a510f8d1a4bb8a8af,SP,2,102.05,39.099999999999994,5.0,0.0,0.0,0,0.27701027275947576,False,False,False,False
166e8f1381e09651983c38b1f6f91c11,SC,2,78.8,30.2,5.0,0.0,0.0,0,0.27706422018348625,False,False,False,False
1710c3aaa9c6b44ec3883ee0fe300e21,SP,2,1188.9,37.650000000000006,5.0,0.0,0.0,0,0.03069585422526599,False,False,False,False
173d56ffbd4c56cb80fc3615487d712b,SP,2,358.0,39.61,5.0,0.0,0.0,0,0.09962023087950504,False,False,False,False
17998cf586426bf0f2c3726cb0a4b211,MG,2,69.8,45.72,4.0,0.0,0.0,0,0.3957756232686981,False,False,False,False
1961c3e1272bfeceb05d0b78b5bbfdaf,SP,2,657.0,39.01,4.5,0.0,0.0,0,0.05604804528670565,False,False,False,False
1b0b0f4f95e962d6f32fe90c759d0479,SP,2,139.8,23.37,5.0,0.0,0.0,0,0.1432248575105718,False,False,False,False
1cbdc7cf130a41fd13a3c2a7d2fcfda7,MG,2,165.8,59.81,5.0,0.0,0.0,0,0.26510349718540843,False,False,False,False
1d0646a72178a6fb37ee8082140e06ec,SC,2,61.0,36.62,5.0,0.0,0.0,0,0.37512804753124357,False,False,False,False
1d139e3a3b14025640d8df1b230aace0,SP,2,36.49,34.69,3.5,0.0,0.0,0,0.4873559988760887,False,False,False,False
1de62b6f2fd96227629786db492433db,SP,2,208.8,28.73,5.0,0.0,0.0,0,0.12095314276091441,False,False,False,False
1e26c56af8d48424e1df0140a2401f83,SP,2,258.9,33.49,5.0,0.0,0.0,0,0.11453880091658403,False,False,False,False
1e9d5a33694bddb76316fd1f54734d20,MT,2,318.0,150.94,4.5,0.0,0.0,0,0.3218748667206892,False,False,False,False
20611af7866c6068fd5ae1f9dbe15c92,SP,2,219.8,114.5,4.5,0.0,0.0,0,0.34250673048160335,False,False,False,False
217f005bb37ff3aeef5b2ae1788e75ba,SP,2,49.98,30.15,4.5,0.0,0.0,0,0.376263571695994,False,False,False,False
21d59342ba150175ca2aa4f8faddeca6,SP,2,259.9,74.39,4.5,0.0,0.0,0,0.22253133506835385,False,False,False,False
23ff42c4bf1f8f16cddb19d8b972974a,MG,2,174.70000000000002,52.97,4.0,0.0,0.0,0,0.2326613080335573,False,False,False,False
24a6daf925d9d591870a66660416de31,SP,2,60.0,30.08,4.5,0.0,0.0,0,0.3339253996447602,False,False,False,False
253c025bab43881055aeecde5e2d8b77,PR,2,94.82,29.509999999999998,4.5,0.5,0.0,0,0.2373522078339902,False,True,False,False
26562f211dd1364af2a8596dc945e8ae,SP,2,99.0,16.11,5.0,0.0,0.0,0,0.13995308835027365,False,False,False,False
28fb0829fd777877cdc350d25cb5bd5b,SP,2,279.8,42.08,5.0,0.0,0.0,0,0.13073194979495464,False,False,False,False
296729ffb9b684050dd24836dac4494a,SP,2,114.0,35.61,5.0,0.0,0.0,0,0.23801884900741926,False,False,False,False
2a167ca73899c85001a837d8fb4962f6,SP,2,4097.0,100.62,4.5,0.0,0.0,0,0.02397072626869512,False,False,False,False
2aafae69bf4c41fbd94053d9413e87ee,RS,2,94.0,29.869999999999997,4.5,0.0,0.0,0,0.2411399047388391,False,False,False,False
2c54051840f19eca309a5423cf22df36,PR,2,23.7,28.57,4.5,0.0,0.0,0,0.5465850392194376,False,False,False,False
2d378dbb39815785238c0139c7647fb7,SC,2,1154.0,300.44,5.0,0.0,0.0,0,0.20656747614202028,False,False,False,False
2d9e8987a2ea5cf88dce330249043ff1,SP,2,239.8,104.37,4.5,0.0,0.0,0,0.3032513002295377,False,False,False,False
2f9b7ce230a057a98a9f5df5893ee36c,SP,2,141.82,30.03,4.5,0.0,0.0,0,0.17474541751527495,False,False,False,False
2fa13c8bd5705d279f7ed5cc9ec61c68,SP,2,87.4,61.3,5.0,0.0,0.0,0,0.4122394082044385,False,False,False,False
328acb143b4a73aad6bee8e734f5d20d,PR,2,699.98,34.769999999999996,4.0,0.0,0.0,0,0.047322218441646816,False,False,False,False
333c4210e76a1aa2ab817b99437e3ff1,SP,2,335.0,67.43,5.0,0.0,0.0,0,0.16755709067415453,False,False,False,False
35b96509602ec4b7da831b5cd73ff2c2,RS,2,558.9,47.55,4.5,0.0,0.0,0,0.0784071234232006,False,False,False,False
36f98ad67cc981f50ce8aed093d5783c,PR,2,119.4,39.22,4.0,0.0,0.0,0,0.24725759677215986,False,False,False,False
392f7f2c797e4dc077e4311bde2ab8ce,RN,2,52.0,36.56,5.0,0.0,0.0,0,0.4128274616079494,False,False,False,False
3a3e46d10f74d8a6ca76e2b538f106a0,SP,2,299.9,66.67,4.5,0.0,0.0,0,0.18187522164934392,False,False,False,False
3bb32fedaa74e4ad20f4ce067733bd31,SC,2,103.69999999999999,58.86,4.5,0.0,0.0,0,0.3620816929133858,False,False,False,False
3d62f86afa7c73be2628a3be1423f5a0,SP,2,12.0,42.42,4.0,0.0,0.0,0,0.7794928335170893,False,False,False,False
3d68c634a99a1ba46dbca3967a69c623,SC,2,594.0,263.7,5.0,0.0,0.0,0,0.3074501573976915,False,False,False,False
3ef37b7ca6dd2b80bd8af81a62504996,SP,2,700.0,40.97,4.5,0.0,0.0,0,0.05529238700622157,False,False,False,False
3fe7120d6257285ac6a3ce7cb071ccec,MG,2,199.98,28.28,3.5,0.0,0.0,0,0.12389380530973453,False,False,False,False
40ec8ab6cdafbcc4f544da38c67da39a,PR,2,117.8,39.2,5.0,0.0,0.0,0,0.2496815286624204,False,False,False,False
42b6488f5b8246d9141712abd4b1b693,PR,2,247.99,41.81,4.0,0.0,0.0,0,0.144271911663216,False,False,False,False
42fb44130ac3134cde8e35cf8ec7df25,SP,2,43.8,25.48,5.0,0.0,0.0,0,0.36778290993071594,False,False,False,False
44717f64ec2a457979cf83c429077666,RS,2,107.0,63.91,5.0,0.0,0.0,0,0.3739395003218068,False,False,False,False
44ed138eca6214d572ce1d813fb0049b,RS,2,129.79,56.01,4.5,0.0,0.0,0,0.3014531754574812,False,False,False,False
458d868c9642f55f18f04e951a3fdde6,RS,2,2718.0,104.75,5.0,0.0,0.0,0,0.03710920201930741,False,False,False,False
48b6c3f4c6a93171da04b75313f2130f,SP,2,290.26,37.8,5.0,0.0,0.0,0,0.11522282509297078,False,False,False,False
48e954b2da4f6a750c844173b347ed40,RS,2,397.8,159.01,4.5,0.0,0.0,0,0.28557317576911334,False,False,False,False
4bde6149c15cf7e177b36fa060dd6de8,RS,2,159.8,32.66,5.0,0.0,0.0,0,0.16969759950119503,False,False,False,False
4bf658053d453036c70976bccb2c31b2,SP,2,1742.99,81.57,4.5,0.0,0.0,0,0.04470666900513,False,False,False,False
4c4d546adf3c3868fe19c9ec6e9ffda9,PR,2,111.69999999999999,45.39,4.0,0.0,0.0,0,0.2889426443440067,False,False,False,False
4c60877808f4318ef1107fbeb8f89afa,SP,2,118.0,32.63,4.0,0.0,0.0,0,0.21662351457213042,False,False,False,False
4d9fea3499bdc22aa4da4e339365f215,SP,2,192.54000000000002,30.2,5.0,0.0,0.0,0,0.13558408907246117,False,False,False,False
4eeb99008a0f59d2c7759c59f9a346eb,SP,2,1282.0,38.95,4.5,0.0,0.0,0,0.029486354517582046,False,False,False,False
4f0d637c1197fd65405ebd755ac9f86b,SP,2,199.8,32.67,5.0,0.0,0.0,0,0.14053426248548198,False,False,False,False
4f1f1c8666cdb6442f775c4e8caed465,MG,2,944.98,125.41,5.0,0.0,0.0,0,0.1171629032408748,False,False,False,False
4fe2f67634d00c021aa01f96b6f2d68e,PR,2,86.8,32.04,5.0,0.0,0.0,0,0.2696061932009424,False,False,False,False
51209b446b2073894bdc0face6c73ffc,ES,2,359.6,79.28,4.0,0.0,0.0,0,0.18064163324826832,False,False,False,False
513a54369b6a8a6602fcb0e129c6d78d,SP,2,47.8,14.86,4.5,0.0,0.0,0,0.23715288860517075,False,False,False,False
528bcf6680c36dddf07620bd35b33a6f,SP,2,969.98,43.86,4.5,0.5,0.0,0,0.043261264104789705,False,True,False,False
528ce32f560edd11add4169f6a5b65be,SP,2,59.8,15.3,5.0,0.0,0.0,0,0.203728362183755,False,False,False,False
52bb00821bcdd358a5a5a27e1f6be5a1,SP,2,349.8,38.629999999999995,4.5,0.0,0.0,0,0.09945163864789021,False,False,False,False
533d46c1b06970e99f09523a61df4972,SP,2,159.98,32.64,4.5,0.0,0.0,0,0.16945280863877063,False,False,False,False
5563732abe64c3036cb97ad924128dd1,SP,2,404.0,37.6,4.5,0.0,0.0,0,0.08514492753623189,False,False,False,False
5587130f9850696ed7fafbc91c2cee44,SP,2,69.8,33.69,5.0,0.0,0.0,0,0.3255386993912455,False,False,False,False
570d4583587a5fe2d47c7be89b91ad27,SP,2,125.25,23.67,5.0,0.0,0.0,0,0.1589443996776793,False,False,False,False
5733d806668f8712c24b9abaefbfa642,SP,2,243.8,85.88,5.0,0.0,0.0,0,0.2604950254792526,False,False,False,False
57d2ba47f7a3209aa347532ae75c1165,SC,2,318.0,140.24,4.0,0.0,0.0,0,0.3060405027932961,False,False,False,False
58c851d1a3c7cd3da329eb59453fed44,SP,2,268.99,24.270000000000003,5.0,0.0,0.0,0,0.08275932619518517,False,False,False,False
59bbc819b99a733f02f0d6b49d1c253d,SP,2,139.8,22.950000000000003,5.0,0.0,0.0,0,0.14101382488479264,False,False,False,False
5a9c0859cb00fd8aa4db443837f0a700,SC,2,208.0,47.59,4.5,0.0,0.0,0,0.18619664306115263,False,False,False,False
5bc237df65098fe211bb4818f4d26d78,MG,2,126.80000000000001,57.09,4.5,0.0,0.0,0,0.3104573386263527,False,False,False,False
5cf1ec37aea089f45110c70653a166ab,SP,2,35.0,28.580000000000002,5.0,0.0,0.0,0,0.449512425290972,False,False,False,False
5d505d2298ad549e4e4e835562fa0c1e,SP,2,249.8,28.339999999999996,5.0,0.0,0.0,0,0.10189113396131444,False,False,False,False
5de1c80811ce7007f62f00d971236c09,SC,2,76.8,30.950000000000003,5.0,0.0,0.0,0,0.2872389791183295,False,False,False,False
5e9f5bd34e0830569f05c9d4f56e04a8,RS,2,239.98,34.88,4.5,0.0,0.0,0,0.12690096776540785,False,False,False,False
6025c79c035c3d772133b8b8238463b2,PR,2,989.74,108.59,5.0,0.0,0.0,0,0.09886828184607542,False,False,False,False
612a743d294c27884fb7b80d2b19ba35,PR,2,3057.7000000000003,104.45,4.5,0.0,0.0,0,0.03303132362474898,False,False,False,False
615c3462099ffa940d37b17dfda19594,RJ,2,229.0,32.05,5.0,0.0,0.0,0,0.12277341505458723,False,False,False,False
63272377184e969942f7fff221be858d,SP,2,149.7,66.53,5.0,0.0,0.0,0,0.30768163529574993,False,False,False,False
643c01d7c56a724bec0454f4780e8a3e,SC,2,205.55,41.1,4.5,0.0,0.0,0,0.16663288060004056,False,False,False,False
64cc804291f90c81f02bfc2bb58ff55a,PR,2,517.6,46.54,5.0,0.0,0.0,0,0.08249725245506434,False,False,False,False
65c255b299faf2d12050937cc219c46c,SP,2,88.2,21.88,4.5,0.0,0.0,0,0.19876453488372092,False,False,False,False
6601ee6383e7f452be71929f8de48bbb,SP,2,153.6,28.34,4.0,0.0,0.0,0,0.15576563702319446,False,False,False,False
693660429f9dc4ff704eb3d88dad54d7,SP,2,124.0,24.119999999999997,4.0,0.0,0.0,0,0.1628409397785579,False,False,False,False
69a43819c758c65a5befb0b471c954d7,PR,2,299.85,100.91,4.0,0.0,0.0,0,0.2517965864856772,False,False,False,False
69b5eaa096c3f9d1e5c398c597f567d6,SP,2,938.0,49.02,5.0,0.0,0.0,0,0.049664647119612576,False,False,False,False
6a53b90c3ad9e0b56d9fe5c69165fff5,PR,2,139.78,55.0,3.5,0.0,0.0,0,0.2823698531676764,False,False,False,False
6c9875b2f94ba781186f0c1aed8d1687,SP,2,25.0,38.050000000000004,5.0,0.0,0.0,0,0.6034892942109438,False,False,False,False
6f835fd4be26989b1b064399da346143,PR,2,197.8,31.450000000000003,5.0,0.0,0.0,0,0.13718647764449293,False,False,False,False
7315baebc0572ff220d226283dc66728,SP,2,49.849999999999994,26.369999999999997,4.0,0.0,0.0,0,0.345972185778011,False,False,False,False
731ef20c231d9a7103a425e83fd91271,SC,2,1692.0,505.6,3.5,0.0,0.0,0,0.23006916636330543,False,False,False,False
734def04b237117a09321dd6d8f3f2a2,SP,2,1252.43,28.8,5.0,0.0,0.0,0,0.022478399662824004,False,False,False,False
739c7d7be81f63812dea0d1b1451c651,PB,2,77.5,71.8,4.0,0.0,0.0,0,0.4809109176155391,False,False,False,False
73da1880b39c71de2b262bc7720c1494,SP,2,398.0,46.99,5.0,0.0,0.0,0,0.10559787860401358,False,False,False,False
76833248bbc0e65a0293ec62023e4396,SP,2,2399.98,230.7,5.0,0.0,0.0,0,0.08769595693889033,False,False,False,False
788f22bafdd7ab0e1e79f19db72f16a4,SP,2,125.80000000000001,26.240000000000002,4.5,0.0,0.0,0,0.17258616153643777,False,False,False,False
78ba5933c21686d1c2f64669c8c459e7,SP,2,191.8,20.770000000000003,4.5,0.0,0.0,0,0.09770898997977137,False,False,False,False
7ad41305e96a6cab8294cd65891e9a86,SP,2,180.0,57.6,5.0,0.0,0.0,0,0.24242424242424243,False,False,False,False
7d484ca289afaac6bf5fc6a1e96d2226,MS,2,183.2,65.22,4.0,0.0,0.0,0,0.2625392480476612,False,False,False,False
7dea6f73af847b42cc3985bd620f994d,PR,2,324.0,56.17,4.0,0.0,0.0,0,0.14774969092774284,False,False,False,False
7fe21dd00d2f4943ae09525efa2fd674,RJ,2,169.8,19.21,5.0,0.0,0.0,0,0.10163483413576001,False,False,False,False
81ed90f07c0bacb7594940ba2ef676aa,MG,2,223.9,33.56,4.5,0.0,0.0,0,0.13035034568476656,False,False,False,False
830379336fad8c6f3b15a4a3ddb5c66e,SP,2,268.0,170.38,4.5,0.0,0.0,0,0.3886582417081071,False,False,False,False
83c8aafbefb034674a70de0eac5b8954,PR,2,134.9,50.97,5.0,0.0,0.0,0,0.2742239199440469,False,False,False,False
84c945f15571830c1a91a33978e94009,SP,2,51.98,26.060000000000002,4.5,0.0,0.0,0,0.3339313172731933,False,False,False,False
84deb808079d1be601c209c1e771b1cc,PR,2,34.93,23.21,5.0,0.0,0.0,0,0.39920880632954936,False,False,False,False
85e7c62c1d6ea078c3897424f867a7c8,SC,2,60.0,27.7,4.5,0.0,0.0,0,0.31584948688711517,False,False,False,False
85ecf03781da592876b7844acc1b729f,SP,2,251.0,43.9,4.5,0.5,0.0,0,0.14886402170227198,False,True,False,False
89757206b887aed36f3e18d858460fea,SP,2,120.5,55.64,5.0,0.0,0.0,0,0.31588509140456456,False,False,False,False
89d9a386b0b6e5fc8403071b03f7206a,SP,2,167.0,68.25,4.0,0.0,0.0,0,0.29011689691817216,False,False,False,False
8a1ff5c35f6595a73fef4c7b96e4908a,PR,2,1598.0,284.79999999999995,5.0,0.0,0.0,0,0.1512640747822392,False,False,False,False
8a207b6080964f3c1fc9d35bd6096ba4,SP,2,553.7,176.34,5.0,0.5,0.0,0,0.24154840830639415,False,True,False,False
8a8835a43bda99fd37310ad76c457510,SP,2,224.34,34.2,4.5,0.0,0.0,0,0.1322812717567881,False,False,False,False
8b87cd0d43d49b9bdf40f56229364d59,SP,2,729.0,135.88,5.0,0.0,0.0,0,0.1571085006012395,False,False,False,False
8c351ed7c326c62123318f4f3246e906,SP,2,114.9,35.76,5.0,0.0,0.0,0,0.23735563520509756,False,False,False,False
8c91bfea4263b8fba54081460693e2a1,RS,2,739.0,46.75,5.0,0.0,0.0,0,0.05949729557747375,False,False,False,False
8c9348f33ae3dada25c99c99ade2af78,SP,2,312.99,51.94,5.0,0.0,0.0,0,0.14232866577151781,False,False,False,False
8ccf3cf69651cc1d8a02c8bfaf3b8568,SP,2,250.0,38.629999999999995,3.5,0.5,0.0,0,0.13383917125731903,False,True,False,False
8def3db7f272735afb2ecd03aeca09a7,RJ,2,196.0,33.64,5.0,0.0,0.0,0,0.14649015850897057,False,False,False,False
8e29d051f810eb22959ede205b462b9f,SP,2,599.8,213.48000000000002,4.0,0.5,0.0,0,0.2624926224670471,False,True,False,False
8ea394aed8138685abe1eb9f25e1021d,SP,2,1340.0,77.6,4.0,0.0,0.0,0,0.05474040632054176,False,False,False,False
8eb88b0acb3f90a717ad659221471fa7,SC,2,119.8,40.87,4.5,0.0,0.0,0,0.25437231592705545,False,False,False,False
8fff28c4263ddec387f28d237fb42773,SP,2,58.6,54.03,5.0,0.0,0.0,0,0.479712332415875,False,False,False,False
90b57083da5d803237da74daec6dcb2b,PR,2,206.9,34.31,5.0,0.0,0.0,0,0.14224120061357323,False,False,False,False
910a922b426b7ff95eaee129ad6c0e1f,SP,2,119.8,31.16,5.0,0.0,0.0,0,0.20641229464758876,False,False,False,False
918f6fbcf3ab724d805867303e593a1b,SP,2,79.69999999999999,32.88,4.0,0.0,0.0,0,0.29205898028068933,False,False,False,False
96e5dc09087bad639b4ee193104ec2e5,RJ,2,101.9,52.54,4.5,0.0,0.0,0,0.3401968401968402,False,False,False,False
98dddbc4601dd4443ca174359b237166,PR,2,158.0,53.67,5.0,0.0,0.0,0,0.2535550621250059,False,False,False,False
999f6d9a1c7c81f43be44c6b7d076210,SP,2,28.0,22.83,4.5,0.0,0.0,0,0.44914420617745426,False,False,False,False
99cd94252748d2bdde08e17858233602,SP,2,159.8,21.520000000000003,4.5,0.0,0.0,0,0.11868519744098831,False,False,False,False
9b1ab052f5fca308ba743ac789ebb2e1,PR,2,294.09000000000003,31.99,4.0,0.0,0.0,0,0.09810475956820411,False,False,False,False
9b1f656ca3060f8af17a50d8a024b533,SP,2,41.0,47.68,5.0,0.5,0.0,0,0.5376635092467298,False,True,False,False
9b76ad3d04236f76bc71c59470305e13,SP,2,394.70000000000005,61.93,5.0,0.0,0.0,0,0.13562402820664432,False,False,False,False
9c4d31c7e46ab03a43fc06e3142afd4e,RJ,2,1218.9,43.82000000000001,4.5,0.0,0.0,0,0.03470286365940193,False,False,False,False
9d213f303afae4983637247556438ede,SP,2,47.7,73.11,5.0,0.0,0.0,0,0.6051651353364788,False,False,False,False
9dd459b29a14bf89d47183cf2cd0e4c7,SP,2,180.0,18.82,5.0,0.5,0.0,0,0.09465848506186501,False,True,False,False
9e7c5f4d7770eab65738cca38f9efccf,SP,2,184.8,38.08,3.5,0.0,0.0,0,0.1708542713567839,False,False,False,False
a11a0e0ca67423425691db355cff69b0,SP,2,448.9,28.080000000000002,5.0,0.0,0.0,0,0.05887039288859072,False,False,False,False
a20d8058c866dbaeca014d2cd20ac62e,SP,2,1194.0,44.9,5.0,0.0,0.0,0,0.0362418274275567,False,False,False,False
a2a41aedb70551d4a85aa04dc2fced48,SP,2,52.79,26.94,4.0,0.0,0.0,0,0.33789038003261007,False,False,False,False
a3b0df0065e264a91b7bbf5f844af5cd,SP,2,186.69,32.06,5.0,0.0,0.0,0,0.14656000000000002,False,False,False,False
a45314082d50d578a4721c9787ce09ab,SP,2,424.9,29.020000000000003,5.0,0.0,0.0,0,0.06393197039125838,False,False,False,False
a513150f33f99a06569e9cd5c4bb889b,SP,2,677.0,34.25,4.5,0.0,0.0,0,0.04815465729349736,False,False,False,False
a70e9066dbfd10b6b97a3f54a1356762,PR,2,1716.0,311.4,5.0,0.0,0.0,0,0.1535957383841373,False,False,False,False
a7b7354cc588f7566a848bcbb1ce3d96,SP,2,79.8,25.07,4.0,0.0,0.0,0,0.23905788118623056,False,False,False,False
a7d0f8dd44f57ef6de7f7f02e3d82630,SP,2,73.78999999999999,25.88,4.5,0.0,0.0,0,0.2596568676632889,False,False,False,False
a81466620e46a6970b22ef40379fdfc9,SC,2,321.8,32.98,5.0,0.0,0.0,0,0.09295901685551608,False,False,False,False
aa17b35ce4de7b565be3249ba838944f,SP,2,79.8,34.2,4.5,0.0,0.0,0,0.30000000000000004,False,False,False,False
aae5953b9edddf14749c0d65d60eb4b9,MG,2,173.0,29.9,5.0,0.0,0.0,0,0.14736323311976343,False,False,False,False
ad8b531ae67582f096925cff5630d0d1,PR,2,198.45000000000002,53.04,4.0,0.0,0.0,0,0.21090301801264463,False,False,False,False
b05b432bf68945d4d9783f9e3ca29ee8,SP,2,224.8,26.09,4.5,0.0,0.0,0,0.10398979632508269,False,False,False,False
b12cfd255810394b60caef18ae163547,PR,2,560.0,166.14999999999998,4.5,0.0,0.0,0,0.22880947462645457,False,False,False,False
b26741d31a563d769b4af0465ab20c56,SC,2,648.0,47.03,4.0,0.0,0.0,0,0.06766614390745723,False,False,False,False
b452cb0ae35044c4a53179c39f49fb06,SP,2,63.699999999999996,38.29,4.0,0.0,0.0,0,0.3754289636238847,False,False,False,False
b5bb2b985208834bd5bd86c7a402bbad,RS,2,621.06,38.66,5.0,0.0,0.0,0,0.05860061844418844,False,False,False,False
b8d890108a7a80e4f5d59eea9f362438,PR,2,89.69999999999999,34.59,3.5,0.0,0.0,0,0.2783007482500604,False,False,False,False
b906dd0e57f282c7089171b6ed07982e,PR,2,175.0,35.75,4.0,0.0,0.0,0,0.16963226571767498,False,False,False,False
b9ec22de23f18567de0e09d776ca0309,DF,2,341.98,40.49,5.0,0.0,0.0,0,0.10586451224932675,False,False,False,False
ba89796db68db180bd389de96b2ff3b6,SP,2,309.8,43.46,5.0,0.0,0.0,0,0.12302553360131349,False,False,False,False
bb5d956dece964a06c12bceb66b923ae,RJ,2,1278.36,50.14,5.0,0.0,0.0,0,0.037741814076025594,False,False,False,False
bb7ad8a45c027be8ab075b8e465f8ca0,SC,2,19.98,32.64,5.0,0.0,0.0,0,0.6202964652223488,False,False,False,False
bbe87dce25ba8b38bb61cc7210a3f10b,SP,2,287.0,68.39,5.0,0.0,0.0,0,0.19243647823517826,False,False,False,False
bc39d8938f90a3a2b98193723ed59774,SP,2,306.8,22.31,4.0,0.0,0.0,0,0.06778888517516939,False,False,False,False
bec568278124768c474ee90971ca94d1,SP,2,219.9,29.16,4.5,0.0,0.0,0,0.11708022163334136,False,False,False,False
bede56095ba33c42038fb85f707b8a42,SP,2,3973.9,210.87,4.5,0.0,0.0,0,0.050389866109726456,False,False,False,False
bf0045791395e66460eb04749c68672a,SP,2,119.8,35.45,4.0,0.0,0.0,0,0.22834138486312403,False,False,False,False
c13fb473e7cb8b83ccd543c094df0608,SP,2,54.8,28.72,3.5,0.0,0.0,0,0.3438697318007663,False,False,False,False
c161d1327ebc3a156c09582ab2f59f6c,SP,2,35.99,15.56,4.0,0.0,0.0,0,0.30184287099903007,False,False,False,False
c1f12f926d0ba950578b4fa41115cbb6,SP,2,479.6,76.96,4.0,0.5,0.0,0,0.13827799338795455,False,True,False,False
c3251e13f1bbda6c74e37c160f991e19,SP,2,437.79999999999995,75.28,5.0,0.0,0.0,0,0.14672175879005225,False,False,False,False
c353f8fc0ce8344999f17d578eb69a5e,RS,2,175.98,36.59,5.0,0.0,0.0,0,0.1721315331420238,False,False,False,False
c394e193cda3b4225ff2094d32184849,SP,2,3134.8900000000003,177.56,5.0,0.0,0.0,0,0.053603827982309164,False,False,False,False
c398bc00a606d33758afd91f4e64fd15,RJ,2,150.0,15.5,4.5,0.0,0.0,0,0.09365558912386707,False,False,False,False
c3ee2331a724e6fc02c4b698b57a73f3,SP,2,1347.0,140.88,3.0,0.0,0.0,0,0.09468505524639083,False,False,False,False
c76d418370990614e89e956c7a7567d9,SP,2,305.24,64.53,3.5,0.0,0.0,0,0.17451388701084458,False,False,False,False
c7c7b2682c648339a0e9846bb1023a39,SP,2,168.0,31.68,4.5,0.0,0.0,0,0.15865384615384615,False,False,False,False
c8025364abeecb115431bf95c11a747f,RS,2,928.0,43.28,4.5,0.0,0.0,0,0.044559756198006756,False,False,False,False
cac4e0bc1a3269fa2b6ea5e763f6115b,SC,2,57.88,50.14,5.0,0.0,0.0,0,0.464173301240511,False,False,False,False
cb0b3bcf14e0a709df412a99424a59d7,SP,2,460.0,47.43,4.5,0.0,0.0,0,0.09347102063338786,False,False,False,False
cc80e2f693fa6e2408f47ccf62413fc1,PR,2,420.0,88.63,4.0,0.0,0.0,0,0.17425240351532548,False,False,False,False
cd52a8efd71af3336b14b5039b951cc1,SP,2,111.8,34.3,3.0,0.0,0.0,0,0.23477070499657768,False,False,False,False
d26aa40b90272d4843d63be7c1462c8d,SP,2,152.9,24.52,4.5,0.0,0.0,0,0.13820313380678614,False,False,False,False
d3891911c2feae53c52fea2bd14054e5,SP,2,141.0,25.990000000000002,5.0,0.0,0.0,0,0.15563806215941076,False,False,False,False
d52cbce9845184537284a23c3bc3da0e,SC,2,75.0,63.78,5.0,0.0,0.0,0,0.45957630782533504,False,False,False,False
d58d521f3789def2e7a22715e0badd93,SP,2,65.98,18.22,3.5,0.0,0.0,0,0.21638954869358668,False,False,False,False
d63c73efd41eb002280e7ec831424edb,SP,2,5598.0,168.58999999999997,4.0,0.0,0.0,0,0.02923564879764297,False,False,False,False
d7ab82074b5f1dfba46db123df101bff,SP,2,38.67,45.3,4.5,0.0,0.0,0,0.5394783851375491,False,False,False,False
da20530872245d6cd9d2f5725613c430,RS,2,314.96000000000004,79.25999999999999,4.5,0.0,0.0,0,0.20105524833849117,False,False,False,False
dd39ad39b5d3df33037e141c72497ba6,SP,2,135.8,29.049999999999997,5.0,0.0,0.0,0,0.17622080679405516,False,False,False,False
dd58ee93286b0821565574c570e9e1dc,PR,2,2948.0,75.31,5.0,0.0,0.0,0,0.02490978430925046,False,False,False,False
dd8a29ce82d5c705ba932d81494600a5,SP,2,205.75,27.5,3.5,0.0,0.0,0,0.11789924973204716,False,False,False,False
dedcab67899479e4ea5dcc4eba47f587,SC,2,84.0,21.64,4.5,0.0,0.0,0,0.20484664899659222,False,False,False,False
e0487761face83d64fcada2408959a36,SP,2,49.25,14.870000000000001,4.5,0.0,0.0,0,0.2319089207735496,False,False,False,False
e0a3c37054ade6478d923a6efc10f308,SC,2,219.8,35.18,5.0,0.0,0.0,0,0.13797160561612676,False,False,False,False
e503f22be6a4f456d9851920a5d9c670,SP,2,198.9,32.44,4.0,0.0,0.0,0,0.14022650644073656,False,False,False,False
e546117ed9cafbc40239c0c78635c584,SP,2,456.0,28.34,4.5,0.0,0.0,0,0.05851261510509147,False,False,False,False
e560e4022d8f7aebf155db95946c5c0f,MG,2,780.0,90.21000000000001,5.0,0.0,0.0,0,0.10366463267487158,False,False,False,False
e5cbe890e679490127e9a390b46bbd20,SP,2,908.99,28.72,4.5,0.0,0.0,0,0.030627806038114127,False,False,False,False
e83e93b71371817b11d78a63ff156aee,SP,2,286.0,87.38000000000001,4.5,0.0,0.0,0,0.23402431838877286,False,False,False,False
e88f7a2995ba184710d339c5c4bf2e30,SP,2,251.6,35.91,5.0,0.0,0.0,0,0.12490000347813988,False,False,False,False
e94b64dc6979b302a5a5be1662c83bb6,SP,2,306.89,31.740000000000002,5.0,0.0,0.0,0,0.0937306204411895,False,False,False,False
ea846a0e7ad98a741783e886d89dfa44,SP,2,137.0,55.26,5.0,0.0,0.0,0,0.28742328097368147,False,False,False,False
ec8463980a4e0ea9f8517aea1ed0c419,SC,2,239.2,118.75999999999999,5.0,0.5,0.0,0,0.33176891272767906,False,True,False,False
eddd1991bd6d9309995a480c39b95137,PR,2,601.0,71.55000000000001,3.5,0.0,0.0,0,0.10638614229425324,False,False,False,False
ee2fbacc2fc3794e656cc4d933d59ce7,SP,2,464.97,53.73,4.0,0.0,0.0,0,0.1035858877964141,False,False,False,False
f0ec78809fe0bc3edb11c9fe5b97b059,SP,2,62.599999999999994,23.659999999999997,4.0,0.0,0.0,0,0.2742870391838627,False,False,False,False
f1198c871e0171278b63f40d112caeec,SP,2,475.8,82.27,4.5,0.0,0.0,0,0.14741878258999766,False,False,False,False
f18112da765e0971ca5d510dec322bdd,SC,2,327.8,82.95,4.0,0.0,0.0,0,0.20194765672550213,False,False,False,False
f1ce5fdecd64935c28b9ff932751d0dc,SP,2,158.0,22.53,4.5,0.0,0.0,0,0.12479920234864011,False,False,False,False
f235413f677777a0738ff215d0184901,SP,2,1191.98,55.83,5.0,0.0,0.0,0,0.04474238866494098,False,False,False,False
f266295f49a28eee21f413e0cbb0521d,PR,2,149.8,28.14,4.5,0.0,0.0,0,0.15814319433516916,False,False,False,False
f3975e8a41157005d4bcbb358678cd9b,SC,2,178.8,83.97999999999999,5.0,0.0,0.0,0,0.3195829210746632,False,False,False,False
f410c8873029fcc3809b9df6d0b28914,SP,2,289.8,37.3,5.0,0.0,0.0,0,0.11403240599205135,False,False,False,False
f682e0f848abafc6f41e0d4e868c66ef,SP,2,269.98,34.02,3.5,0.5,0.0,0,0.11190789473684211,False,True,False,False
f7315bb81aea4ddca2d39e249a801c98,SP,2,379.8,50.28,4.5,0.0,0.0,0,0.11690848214285714,False,False,False,False
f8e2c1b59cd4225a3e4fd0d013a76b93,SP,2,219.8,44.63,5.0,0.0,0.0,0,0.16877812653632343,False,False,False,False
f9eedec3129e8cc6b6429c42d0808c5b,RJ,2,789.8,43.35,4.5,0.0,0.0,0,0.05203144691832203,False,False,False,False
fb8904a8ea99f8831b64ce27db2c1765,SP,2,278.0,24.36,4.5,0.0,0.0,0,0.08056621246196587,False,False,False,False
fd312b6bf05efac6c3772d5b52205d8a,SP,2,118.69999999999999,45.620000000000005,5.0,0.0,0.0,0,0.2776290165530672,False,False,False,False
ff314fa6033cc68ec451c47aee2d6ba4,SP,2,537.9,32.44,5.0,0.0,0.0,0,0.056878353262965954,False,False,False,False
003554e2dce176b5555353e4f3555ac8,GO,1,120.0,19.38,5.0,0.0,0.0,0,0.13904433921653034,False,False,False,False
00ab3eff1b5192e5f1a63bcecfee11c8,SP,1,98.0,12.08,5.0,0.0,0.0,0,0.10973837209302326,False,False,False,False
00d8b143d12632bad99c0ad66ad52825,MG,1,86.0,51.1,5.0,0.0,0.0,0,0.37272064186725024,False,False,False,False
011b0eaba87386a2ae96a7d32bb531d1,SP,1,99.98,29.18,4.0,0.0,0.0,0,0.22592133787550325,False,False,False,False
028872bfa080090a9d0abd4f1af168f8,MG,1,70.5,47.37,5.0,0.0,0.0,0,0.4018834308984474,False,False,False,False
04843805947f0fc584fc1969b6e50fe7,RS,1,1400.0,74.76,5.0,0.0,0.0,0,0.05069299411429657,False,False,False,False
04ee0ec01589969663ba5967c0e0bdc0,RS,1,289.49,24.83,5.0,0.0,0.0,0,0.07899592771697633,False,False,False,False
052577151711aec5c744fe12e66db3e1,SC,1,687.0,42.65,5.0,0.0,0.0,0,0.05845268279311999,False,False,False,False
05a48cc8859962767935ab9087417fbb,SP,1,42.9,16.49,5.0,0.0,0.0,0,0.2776561710725711,False,False,False,False
05ca864204d09595ae591b93ea9cf93d,SP,1,179.9,8.52,5.0,0.0,0.0,0,0.045218129710221835,False,False,False,False
07a9bc7f61396b658ddf3ac534efe44c,SP,1,119.9,15.59,3.0,0.0,0.0,0,0.11506384234998893,False,False,False,False
08d1c9478fb0d7d7fcac9c0da4e82fc7,MG,1,538.0,67.57,5.0,0.0,0.0,0,0.1115808246775765,False,False,False,False
0936e1837d0c79253456bbb2ffaaef10,SP,1,38.9,31.12,5.0,0.0,0.0,0,0.4444444444444445,False,False,False,False
0a198e95d32b1be2da9424c962a6ebfa,MG,1,69.99,16.68,5.0,0.0,0.0,0,0.19245413637937006,False,False,False,False
0af2ab31141893d26aca5a404a537dab,SP,1,59.0,15.51,5.0,0.0,0.0,0,0.20815997852637227,False,False,False,False
0b09101900100c0e9d312861fad5a1b9,SP,1,153.75,14.61,4.0,0.0,0.0,0,0.0867783321454027,False,False,False,False
0b1ca3ef18a63d7eb0c8897fa0849c08,SP,1,55.0,7.87,5.0,0.0,0.0,0,0.12517894067122634,False,False,False,False
0b36063d5818f81ccb94b54adfaebbf5,SC,1,765.0,18.0,5.0,0.0,0.0,0,0.022988505747126436,False,False,False,False
0b46f784306be7200ca1700aa55d819f,MG,1,19.9,10.96,5.0,0.0,0.0,0,0.355152300712897,False,False,False,False
0bb27263628258b8111a0262769fa9db,SP,1,22.2,10.96,5.0,0.0,0.0,0,0.33051869722557303,False,False,False,False
0ee4fb99ac55ffbbc98795aa01b7f8fa,SP,1,59.9,11.03,5.0,0.0,0.0,0,0.1555054278866488,False,False,False,False
0f519b0d2e5eb2227c93dd25038bfc01,SP,1,79.9,23.0,5.0,0.0,0.0,0,0.22351797862001943,False,False,False,False
0f80a40c312b2472dca482cf50f5186f,SP,1,129.9,20.1,3.0,0.0,0.0,0,0.134,False,False,False,False
0f94588695d71662beec8d883ffacf09,SC,1,9.0,18.59,5.0,0.0,0.0,0,0.673794853207684,False,False,False,False
134b867a0f7f8bbe6abf10f91874891e,SP,1,789.89,132.95,4.0,0.0,0.0,0,0.14406614364353518,False,False,False,False
139157dd4daa45c25b0807ffff348363,SP,1,29.9,7.78,4.0,0.0,0.0,0,0.2064755838641189,False,False,False,False
13d95f0f6f73943d4ceffad0fc2cd32c,GO,1,249.99,59.33,3.0,1.0,0.0,0,0.19180783654467864,False,True,False,False
13e85aac53340018b40c2af68001b7e0,SP,1,17.8,14.12,5.0,0.0,0.0,0,0.4423558897243107,False,False,False,False
164a5a8794e6d42e14f55e447b12a3bc,PR,1,73.99,62.77,5.0,0.0,0.0,0,0.4589792336940626,False,False,False,False
16bdc8cefd0e32a6f0824d296c5ad14a,SP,1,41.76,19.32,5.0,0.0,0.0,0,0.3163064833005894,False,False,False,False
1703bc09972dab9782e7a9194943b69f,MG,1,249.9,106.21,5.0,0.0,0.0,0,0.2982505405633091,False,False,False,False
1746c1ae87ac63d530c7c943d0ac42e2,SP,1,229.9,22.45,5.0,0.0,0.0,0,0.08896374083614028,False,False,False,False
1927cdb9fa74f5270097f6250e8e8f34,SP,1,120.0,58.92,5.0,0.0,0.0,0,0.329309188464118,False,False,False,False
19a7c9f66ffa6452ff4b4c0cca71da27,PR,1,279.0,59.74,5.0,0.0,0.0,0,0.17635944972545314,False,False,False,False
19d62d484cba71963c93f0f00ab42013,SC,1,139.9,22.69,4.0,0.0,0.0,0,0.13955347807368226,False,False,False,False
1a8e2d9c38b84a9702ac7922924b0573,SC,1,80.0,17.0,5.0,0.0,0.0,0,0.17525773195876287,False,False,False,False
1b61fb1f0f2185d89e9a126c498e9cc7,PR,1,49.7,16.11,5.0,0.0,0.0,0,0.2447956237653852,False,False,False,False
1c742ac33582852aaf3bcfbf5893abcf,MG,1,97.9,15.79,5.0,0.0,0.0,0,0.1388864455976779,False,False,False,False
1c83418358f249c9d6affa52d579db0e,SP,1,24.9,14.52,5.0,0.0,0.0,0,0.3683409436834094,False,False,False,False
1cbcd2ee0afb3fc09963b87eb65e7e4f,PR,1,90.0,40.650000000000006,5.0,0.0,0.0,0,0.3111366245694604,False,False,False,False
1d953075c2f0dd990bacf27b83b330f1,MG,1,59.0,19.32,5.0,0.0,0.0,0,0.24668028600612874,False,False,False,False
1f2eebc0e970fd3c463e4f5d9652687a,SP,1,44.99,8.48,5.0,1.0,0.0,0,0.1585936038900318,False,True,False,False
1fe61aa5494bd3ae92a2c13e067c810f,SC,1,537.76,100.82,4.0,0.0,0.0,0,0.1578815496883711,False,False,False,False
2039c5e51785b5dde7cf93ccb3b7be2c,SP,1,159.9,13.78,5.0,0.0,0.0,0,0.07934131736526945,False,False,False,False
204b4e07bddef3c9b317f70189135b22,MG,1,73.4,14.73,5.0,0.0,0.0,0,0.16713945308067626,False,False,False,False
20f0aeea30bc3b8c4420be8ced4226c0,SP,1,14.9,14.52,,1.0,0.0,0,0.4935418082936777,False,True,False,False
2235cf78d3e2073a88146a9cb60f0dd0,SP,1,178.99,25.77,5.0,0.0,0.0,0,0.125854659113108,False,False,False,False
22a23e5ac7061fc538cc2a019afaaf16,MG,1,95.0,14.42,3.0,0.0,0.0,0,0.13178577956497897,False,False,False,False
247587846358bb1d2e4c6522020b36fe,SP,1,99.0,22.51,5.0,0.0,0.0,0,0.18525224261377665,False,False,False,False
24c1de8d9551c0b4fbc53317d53efda8,PB,1,355.0,57.12,5.0,0.0,0.0,0,0.1386004076482578,False,False,False,False
258447aad3f7b01e2643c89f64dc5647,PR,1,51.9,19.55,5.0,0.0,0.0,0,0.2736179146256123,False,False,False,False
265fdc289dffa9f1ad801c74f7d0de47,SP,1,495.0,51.55,5.0,0.0,0.0,0,0.09431890952337389,False,False,False,False
26e2e5033827d2ba53929f43e03d8ffe,SP,1,139.49,15.29,5.0,0.0,0.0,0,0.0987853727871818,False,False,False,False
270572bb714b00531be85e16e1550f26,SP,1,96.99,14.77,5.0,0.0,0.0,0,0.1321581961345741,False,False,False,False
271b8923c6a549e02d3c9fd1f8c0422b,SP,1,105.19,13.4,4.0,1.0,0.0,0,0.11299435028248588,False,True,False,False
28872dc528e978a639754bc8c2ce5a4c,RS,1,1009.9,29.0,5.0,0.0,0.0,0,0.027914139955722395,False,False,False,False
28a26ebce31d5918b181ede016fd693b,MG,1,29.9,17.14,5.0,0.0,0.0,0,0.36437074829931976,False,False,False,False
28d162ab86bb49d719c32f0ee6186eaa,SP,1,109.99,17.21,4.0,0.0,0.0,0,0.1352987421383648,False,False,False,False
299c89a525fee36c567f4fe72f038100,CE,1,189.0,53.67,3.0,0.0,0.0,0,0.22116454444307082,False,False,False,False
29c322e3f09f886f8bacbe91dfbd979e,RS,1,48.98,56.59,5.0,0.0,0.0,0,0.5360424362981908,False,False,False,False
2a73cba571d90c694b7caca072ccf6ce,SP,1,342.78,38.7,5.0,0.0,0.0,0,0.10144699591066375,False,False,False,False
2b402d5dc42554061f8ea98d1916f148,BA,1,299.89,63.9,5.0,0.0,0.0,0,0.1756507875422634,False,False,False,False
2bdb95a56a36ebbc6640337ac5eac174,SP,1,89.9,18.0,5.0,0.0,0.0,0,0.16682113067655235,False,False,False,False
2c00c85d30361cd2ced2969cffbbffa3,MG,1,49.8,7.71,5.0,0.0,0.0,0,0.13406364110589464,False,False,False,False
2c2c9832d1bb38c5b0034a3b47d313ee,RS,1,49.9,18.45,3.0,0.0,0.0,0,0.2699341623994148,False,False,False,False
2c538755f1ca9540af144f266e70df6c,MG,1,334.99,24.92,5.0,0.0,0.0,0,0.06923953210524854,False,False,False,False
2c9005d8043aff18b8557ffb7b13cda4,ES,1,109.9,19.74,5.0,0.0,0.0,0,0.15226781857451402,False,False,False,False
2cb98e27ce1c18abdb42209b34c382a7,SP,1,62.49,57.21,4.0,0.0,0.0,0,0.47794486215538845,False,False,False,False
2d20f1cd18725c91147da0791d498022,PR,1,99.8,19.89,5.0,0.0,0.0,0,0.16617929651599966,False,False,False,False
2d34636518ba88f5349b732fcf8ba2e4,SP,1,150.0,18.63,5.0,0.0,0.0,0,0.11047856253335706,False,False,False,False
2d8cfba3fcd3170555941605edaa196a,SP,1,45.0,10.96,5.0,0.0,0.0,0,0.1958541815582559,False,False,False,False
2ef086a599b597572aca4433b7ed6b3d,SC,1,49.0,15.1,5.0,0.0,0.0,0,0.2355694227769111,False,False,False,False
2f1e7b90e01d9f086cbcb301c0c3d406,SC,1,59.0,12.66,5.0,0.0,0.0,0,0.17666759698576612,False,False,False,False
2f3d8b4c9e2ee165075331fea3f3095a,SC,1,130.0,17.35,5.0,0.0,0.0,0,0.11774686121479472,False,False,False,False
31e60bf8d103ce47932a85f5562deb16,GO,1,181.0,58.04,5.0,0.0,0.0,0,0.2428045515394913,False,False,False,False
3289d8c3eef4873f91ce0b1343c0dd58,SP,1,199.99,19.28,5.0,0.0,0.0,0,0.08792812514251835,False,False,False,False
3296662b1331dea51e744505065ae889,SP,1,517.8,27.71,5.0,0.0,0.0,0,0.05079650235559385,False,False,False,False
32e5635e63cb374eb63afdd242fb6134,RJ,1,910.0,17.82,5.0,0.0,0.0,0,0.019206311569054342,False,False,False,False
32f83ffe11cd40f7adcf4eef171f52d9,RS,1,29.99,15.1,5.0,0.0,0.0,0,0.3348857839875804,False,False,False,False
33fd411ed63a7c2f9005e3f065d9f85d,RS,1,24.9,18.23,4.0,0.0,0.0,0,0.4226756318108046,False,False,False,False
3442033154be05bac582e173ef54fd12,SP,1,161.0,8.39,5.0,0.0,0.0,0,0.04953066887065353,False,False,False,False
34675b28b826facfde119785bf287dc1,PR,1,21.99,15.1,4.0,0.0,0.0,0,0.40711782151523324,False,False,False,False
35281d148dcf7134bae913c57db4e6da,SP,1,119.99,17.03,5.0,0.0,0.0,0,0.12428842504743835,False,False,False,False
3606774ec64634822d78dc2db6d37045,SP,1,179.9,16.37,5.0,0.0,0.0,0,0.08340551281398075,False,False,False,False
37303482a42fb700d8d127e70a9cd6c8,SP,1,58.9,8.11,5.0,0.0,0.0,0,0.12102671243098045,False,False,False,False
376d67b61dce0c990155286e7ae486a4,SP,1,94.0,17.91,4.0,0.0,0.0,0,0.16003931730855153,False,False,False,False
377bc18334c78dd2f1535ef22a3ad225,PR,1,135.98,88.46,5.0,0.0,0.0,0,0.39413651755480306,False,False,False,False
389e45560e33d2d0747f949dcddbc08e,SP,1,39.0,8.43,5.0,0.0,0.0,0,0.17773561037318153,False,False,False,False
38f276ca6e7cc95a6d1bb55ac9e5550f,SP,1,24.99,11.85,5.0,0.0,0.0,0,0.3216612377850163,False,False,False,False
3986c0b54f6b748b75e7bd4e092aa3e5,PR,1,24.99,15.28,5.0,0.0,0.0,0,0.3794387881797865,False,False,False,False
398cb257329ef7af7f1943a8974a3cbc,BA,1,145.9,15.47,5.0,0.0,0.0,0,0.09586664187891182,False,False,False,False
3a3c180dd702a725bd0ba4117689239e,PR,1,41.9,35.48,4.0,0.0,0.0,0,0.45851641250969244,False,False,False,False
3aa3c89ae3cd482385568be76120f63c,GO,1,29.9,19.04,4.0,0.0,0.0,0,0.3890478136493666,False,False,False,False
3ac588cd562971392504a9e17130c40b,SP,1,11.9,7.39,5.0,0.0,0.0,0,0.3831000518403318,False,False,False,False
3b18f9856c6eb2413eafedb58e9eecd9,SP,1,315.0,20.09,5.0,0.0,0.0,0,0.05995404219761855,False,False,False,False
3c88ed2e76a2247933a15daa7161eb1c,SP,1,155.0,151.2,5.0,0.0,0.0,0,0.49379490529065967,False,False,False,False
3d2400ac620cffa23ac81bd192f7f555,SP,1,105.0,8.9,5.0,0.0,0.0,0,0.0781387181738367,False,False,False,False
3dc69bf2c42f0568a5c4791ec3fd3745,SP,1,150.0,17.62,3.0,0.0,0.0,0,0.10511872091635843,False,False,False,False
3ded4e2d5f135cb103e5949d7263d2dd,MG,1,49.9,12.48,5.0,0.0,0.0,0,0.20006412311638347,False,False,False,False
3e35a8bb43569389d3cebef0ce820f69,SP,1,55.8,28.88,5.0,0.0,0.0,0,0.3410486537553141,False,False,False,False
3e46a38ee171c503c3b4a3f23fe3bf0c,SP,1,59.9,9.11,5.0,0.0,0.0,0,0.13200985364439938,False,False,False,False
3e51f9cbe317bc3a88f2c76583811ee4,SP,1,76.09,8.69,5.0,0.0,0.0,0,0.10250058976173625,False,False,False,False
3ea08c48e851106d2f584349daba335f,MG,1,170.0,22.94,4.0,0.0,0.0,0,0.11889706644552711,False,False,False,False
3fefda3299e6dfaea3466ef346a3571a,PR,1,209.0,16.21,4.0,0.0,0.0,0,0.07197726566315883,False,False,False,False
4125d9385a25e82d2f72d3a0fd55bc3f,SP,1,42.9,18.4,5.0,0.0,0.0,0,0.300163132137031,False,False,False,False
417a1e6c7321084d2a0ae0d023cfad93,RS,1,48.9,12.48,5.0,0.0,0.0,0,0.20332355816226785,False,False,False,False
41958cbd3335433c8740300e8cd600d5,SP,1,32.99,7.39,5.0,0.0,0.0,0,0.18301139177810796,False,False,False,False
422be4cc81a457fdb46f47edeb968ae5,SP,1,239.9,77.47,5.0,0.0,0.0,0,0.24409994643476068,False,False,False,False
432c67955c0acd1fd6b0b5d678766a71,SP,1,389.0,60.65,5.0,0.0,0.0,0,0.13488268653397087,False,False,False,False
436bf27f2f18474fc6047702e9f8a866,SP,1,29.9,14.52,5.0,0.0,0.0,0,0.3268797838811346,False,False,False,False
43753b27d77860f1654aa72e251a7878,BA,1,23.9,42.38,5.0,0.0,0.0,0,0.6394085697042848,False,False,False,False
43a1d4bab73b816e44ef4e4facd9f9b5,PR,1,189.9,15.5,4.0,0.0,0.0,0,0.07546251217137293,False,False,False,False
4450bd8327d471c4a11a83d1445b1b62,SP,1,199.0,15.56,5.0,0.0,0.0,0,0.07252050708426548,False,False,False,False
447d377bdb757058acb569025ee18a93,RS,1,64.99,18.02,5.0,0.0,0.0,0,0.21708227924346465,False,False,False,False
455befea1bb853c75ccbca94cff26e5c,RJ,1,19.99,22.06,3.0,0.0,0.0,0,0.5246135552913198,False,False,False,False
455f46ef09a9e45667e2981df84b5cc2,SP,1,29.9,18.31,4.0,0.0,0.0,0,0.37979672267164494,False,False,False,False
45a3d05fb00435e52a28859dd03703b3,SP,1,1299.0,24.79,5.0,0.0,0.0,0,0.018726535175518776,False,False,False,False
466222e777149751370e7e98fb623b0c,RJ,1,87.9,17.55,5.0,0.0,0.0,0,0.16642958748221906,False,False,False,False
47f55702f598c7c6cc8458b0fbc1c49a,MG,1,75.0,19.77,5.0,0.0,0.0,0,0.20861031972143085,False,False,False,False
483ca627d131e18f988349b1655c0acd,SP,1,264.0,19.73,5.0,0.0,0.0,0,0.06953794100024671,False,False,False,False
4867209cb29b56b92893d7bde3ce8012,SP,1,150.0,19.15,4.0,0.0,0.0,0,0.11321312444575819,False,False,False,False
48e5ee06fb2dc74df1c711a9b6dfac2a,MG,1,57.0,45.3,5.0,0.0,0.0,0,0.44281524926686217,False,False,False,False
491a5ada3aa1678414e990262c4bbdc1,SP,1,1420.0,15.58,5.0,0.0,0.0,0,0.010852756377213392,False,False,False,False
4965a7002cca77301c82d3f91b82e1a9,SP,1,8.49,7.87,5.0,0.0,0.0,0,0.4810513447432763,False,False,False,False
497709c2976a8fa308730a2dec5b0726,SP,1,76.0,18.04,5.0,0.0,0.0,0,0.19183326244151425,False,False,False,False
499185655c29ecfdbfe776ef7cf875b5,RS,1,89.0,17.33,4.0,0.0,0.0,0,0.162983165616477,False,False,False,False
49f8d2ea7b718d0ce587d34207caf2b4,SP,1,149.9,15.36,5.0,0.0,0.0,0,0.09294445116785671,False,False,False,False
4a5b36211b1f51bf7eaa5c10a57fa483,RJ,1,139.19,16.07,5.0,0.0,0.0,0,0.10350380007728971,False,False,False,False
4aba6a02a788d3ec81c03137144d9a80,SC,1,89.9,15.38,5.0,0.0,0.0,0,0.14608662613981763,False,False,False,False
4b90495391ac0bd181a80a459df1e718,RS,1,248.0,18.11,4.0,0.0,0.0,0,0.06805456390214572,False,False,False,False
4be9ae93c4fc0f41713d71a4194ee1b3,MG,1,109.9,27.07,5.0,0.0,0.0,0,0.19763451850770242,False,False,False,False
4cc43a222a0f94910728b62b97a8c5f8,SP,1,108.5,12.26,3.0,0.0,0.0,0,0.10152368333885392,False,False,False,False
4cc4fd4fdd406a85bbdc1f824b731bd7,PR,1,539.98,31.24,5.0,0.0,0.0,0,0.05468996183607016,False,False,False,False
4dab98ca6cd6d3df586203cefd28a042,RS,1,154.9,18.33,5.0,0.0,0.0,0,0.10581308087513708,False,False,False,False
4dc2e811a1760953cb7c6a590b498943,SP,1,175.0,24.84,5.0,0.0,0.0,0,0.12429943955164131,False,False,False,False
4ddeb3e828550cddc8d45c8bc36ab2d1,SP,1,152.0,12.45,5.0,0.0,0.0,0,0.07570690179385832,False,False,False,False
4e2627090e6e5b9fabba883a37897683,MG,1,39.9,11.72,,0.0,0.0,0,0.22704378148004653,False,False,False,False
4e480be820e37de1444325ff358c9296,MG,1,430.3,143.44,5.0,0.0,0.0,0,0.25000871474884095,False,False,False,False
4e92348462c75b6c842b994ce84a0ed4,RS,1,69.9,15.59,5.0,0.0,0.0,0,0.1823605100011697,False,False,False,False
4fae87d32467e18eb46e4a76a0a0b9ce,RS,1,100.9,19.9,5.0,0.0,0.0,0,0.16473509933774833,False,False,False,False
50a7e551a7b3f8d37cd6e32d8bfbe5ea,SP,1,140.0,27.96,5.0,0.0,0.0,0,0.16646820671588472,False,False,False,False
50bf89f1349bc0409a268c3a49678009,SP,1,179.9,102.57,5.0,0.0,0.0,0,0.363118207243247,False,False,False,False
51e0557bc7b86de13e946c60ee91ce39,MG,1,45.8,17.6,5.0,0.0,0.0,0,0.27760252365930604,False,False,False,False
52831e5990d0771cb4951d6f12928167,SP,1,65.0,13.12,3.0,0.0,0.0,0,0.16794674859190986,False,False,False,False
52b53f7061969fe471d119b6195da864,SP,1,90.0,8.37,5.0,0.0,0.0,0,0.08508691674290941,False,False,False,False
52f6f9f13ba19504c02781132a049e75,PR,1,199.0,23.13,3.0,0.0,0.0,0,0.10412821320848152,False,False,False,False
5305693ffae2d3463377b1f6fe67b15a,SP,1,93.56,12.99,5.0,0.0,0.0,0,0.12191459408728297,False,False,False,False
53336f97ddbe53e2a617d07b17447b95,SP,1,599.5,75.33,5.0,0.0,0.0,0,0.11162811374716594,False,False,False,False
535bf14f36346c7f59d87cece104d70c,RJ,1,50.0,7.77,4.0,0.0,0.0,0,0.13449887484853731,False,False,False,False
5415337f1863452476d42d9f14a16a61,MG,1,44.9,23.45,3.0,0.0,0.0,0,0.3430870519385516,False,False,False,False
544863df86ed3b78a04e0820d41430ee,ES,1,23.9,15.27,5.0,0.0,0.0,0,0.38983916262445745,False,False,False,False
57a834594e1e9e9219603bfec184eadc,RS,1,139.0,27.05,5.0,0.0,0.0,0,0.1629027401385125,False,False,False,False
585175ec331ea177fa47199e39a6170a,MG,1,3549.0,53.47,5.0,0.0,0.0,0,0.014842594109041853,False,False,False,False
58e4b302b54937e55a678c4d15111da4,PR,1,49.9,14.52,5.0,0.0,0.0,0,0.22539583980130393,False,False,False,False
5996cddab893a4652a15592fb58ab8db,SP,1,810.0,70.75,5.0,0.0,0.0,0,0.08032926483110985,False,False,False,False
59de1d4c8c057c2a53acd4ca66531af2,PR,1,135.0,21.75,5.0,0.0,0.0,0,0.13875598086124402,False,False,False,False
5a32c398a06c345440bf2a683b017ad3,RJ,1,34.9,15.23,5.0,0.0,0.0,0,0.3038100937562338,False,False,False,False
5a4236931428800e9d9cc04af0987118,SP,1,44.97,45.69,5.0,0.0,0.0,0,0.5039708802117803,False,False,False,False
5a9b3bcab695173c820e53934574ae80,SP,1,139.0,64.77,5.0,0.0,0.0,0,0.3178583697305786,False,False,False,False
5b92bfa4120daa27c574daa2e386c693,SP,1,14.0,10.96,3.0,0.0,0.0,0,0.4391025641025641,False,False,False,False
5bba18b40e8c973b0f32e748004775b0,SP,1,739.98,44.82,5.0,0.0,0.0,0,0.05711009174311926,False,False,False,False
5d9f3746e112e696f98ea22c56b3e912,SP,1,1322.64,47.77,5.0,0.0,0.0,0,0.03485818112827548,False,False,False,False
5db42a6cd9bf1bf0d3aab9582767f168,ES,1,200.0,19.33,5.0,0.0,0.0,0,0.08813203848082797,False,False,False,False
5e063e85d44b0f5c3e6ec3131103a57e,SP,1,22.9,7.42,5.0,0.0,0.0,0,0.24472295514511874,False,False,False,False
5e106d93b717c2682b9383da480364a1,PR,1,445.9,21.71,5.0,0.0,0.0,0,0.04642757853767029,False,False,False,False
5e25c632f9db6cfb8bc100421c2737b6,SC,1,259.0,19.91,5.0,0.0,0.0,0,0.07138503459897458,False,False,False,False
5f57db27027655e6c6a391601daa0258,ES,1,98.0,53.04,5.0,0.0,0.0,0,0.35116525423728817,False,False,False,False
6179a28a13a726c29b3bf54c070dccab,MG,1,300.0,61.27,5.0,0.0,0.0,0,0.16959614692612177,False,False,False,False
6235903333ba7de1928c869e268e5964,SC,1,94.06,41.42,5.0,0.0,0.0,0,0.3057277826985533,False,False,False,False
623ad9d0c1e14bb5464a8c72bff7b4af,MG,1,95.0,38.96,4.0,0.0,0.0,0,0.2908330845028367,False,False,False,False
62de60d81c55c29d76a6bce418b31cef,SP,1,103.0,23.87,4.0,0.0,0.0,0,0.1881453456293844,False,False,False,False
630008e0f062605a415d694489f6f82e,SP,1,35.35,15.35,5.0,0.0,0.0,0,0.3027613412228797,False,False,False,False
63191ead8d3b2f937cd1996fdcbbad20,SP,1,367.0,53.29,5.0,0.0,0.0,0,0.12679340455399843,False,False,False,False
64c9a1db4e73e19aaafd3286dc448c96,PR,1,439.0,43.6,5.0,0.0,0.0,0,0.09034397016162453,False,False,False,False
651530bf5c607240ccdd89a30c9c9712,BA,1,199.9,24.55,4.0,0.0,0.0,0,0.10937848073067498,False,False,False,False
6524b847b982cd56bb5d4b02b776ee42,SP,1,779.8,55.14,4.0,1.0,0.0,0,0.0660406735813352,False,True,False,False
6561d6bf844e464b4019442692b40e02,SP,1,41.9,7.55,5.0,0.0,0.0,0,0.1526794742163802,False,False,False,False
6624bc09786f0e41ae48dfc5eeb1a9e2,MG,1,89.54,17.47,5.0,0.0,0.0,0,0.16325577048873935,False,False,False,False
668bf321538e5072858eaef6087ce027,PR,1,19.9,8.11,5.0,0.0,0.0,0,0.28953945019635846,False,False,False,False
674207551483fec113276b67b0d871ff,SP,1,119.9,13.94,5.0,0.0,0.0,0,0.10415421398684996,False,False,False,False
686886775c8f6b1191c7b953fb52708c,SP,1,189.0,13.62,5.0,0.0,0.0,0,0.06721942552561444,False,False,False,False
695051e2981c8b19e77cafe450d5bdf3,SP,1,169.76,12.69,5.0,0.0,0.0,0,0.06955330227459579,False,False,False,False
698624c6632eeba1774924dbea24c700,SP,1,19.9,15.23,5.0,0.0,0.0,0,0.43353259322516374,False,False,False,False
6a3139c7bf09ece22a4713d956acbe5e,SP,1,61.9,14.74,5.0,0.0,0.0,0,0.1923277661795407,False,False,False,False
6b1c4d4d9ccf0be3d8544eb0e71e5318,RS,1,1699.0,60.04,5.0,0.0,0.0,0,0.034132253956703655,False,False,False,False
6b2612338467c08c9b25f0cc55b1578d,PR,1,92.9,20.97,4.0,0.0,0.0,0,0.1841573724422587,False,False,False,False
6bcb2352a2a0c38b845f598298ab9d26,PR,1,15.9,15.1,5.0,0.0,0.0,0,0.48709677419354835,False,False,False,False
6c6cc59a5c00cacc5054ca06d65cc282,RS,1,1107.0,148.71,5.0,0.0,0.0,0,0.11842702534820938,False,False,False,False
6c77cd583b36a13aacccf2b3ee23e233,SP,1,18.9,12.79,5.0,0.0,0.0,0,0.40359734932155256,False,False,False,False
6dd7dce75cd55c1ce255dc38d9f0cd46,SC,1,75.0,21.33,4.0,0.0,0.0,0,0.2214263469324198,False,False,False,False
6ebf4eceee4dd9847201c82e77ef8123,RJ,1,59.9,22.13,5.0,0.0,0.0,0,0.2697793490186517,False,False,False,False
702835e4b785b67a084280efca355756,MG,1,7.6,10.96,5.0,0.0,0.0,0,0.5905172413793103,False,False,False,False
70c0fda4c313d87115644d39e62eec60,PE,1,25.99,37.09,5.0,0.0,0.0,0,0.5879835129993659,False,False,False,False
70c4eedec9cb4a85cda2f3f9673557b4,SP,1,239.9,13.18,5.0,0.0,0.0,0,0.05207839418365734,False,False,False,False
70ee69419916dc13e3aed619061f996c,SP,1,45.0,8.72,3.0,0.0,0.0,0,0.16232315711094567,False,False,False,False
70f7e8018e3d46c748c92f026aa2585a,SP,1,239.8,37.88,5.0,0.0,0.0,0,0.13641601843849036,False,False,False,False
712efd3b68f9686dc856b84abd0f21ae,PR,1,139.0,17.16,4.0,0.0,0.0,0,0.10988729508196722,False,False,False,False
7178e1eaa97257d8b6d4b80efd77a025,SP,1,167.9,16.81,5.0,0.0,0.0,0,0.09100752530994531,False,False,False,False
720e6cf846ea7572cbb66b743fb91e6c,SP,1,54.0,14.55,5.0,0.0,0.0,0,0.21225382932166303,False,False,False,False
723a46b89fd5c3ed78ccdf039e33ac63,RS,1,66.64,23.4,4.0,0.0,0.0,0,0.2598844957796535,False,False,False,False
72431a818f97fe6ab9c81eee3e297e54,SP,1,229.9,19.49,5.0,0.0,0.0,0,0.07815068767793415,False,False,False,False
72c73be2b085b9d57650dd53eb2004c9,SP,1,29.4,17.92,5.0,0.0,0.0,0,0.37869822485207105,False,False,False,False
740205fedfe4e90ca6857bc77db0f2b4,SP,1,229.9,21.93,5.0,0.0,0.0,0,0.08708255569233213,False,False,False,False
7494d0dcba8551df6cf37f1b905dc2f7,SP,1,45.9,17.07,3.0,0.0,0.0,0,0.2710814673654121,False,False,False,False
751e274377499a8503fd6243ad9c56f6,SP,1,218.0,17.84,5.0,0.0,0.0,0,0.07564450474898236,False,False,False,False
75fdd0a732287f9497b179f6bd445d32,SP,1,59.9,16.18,5.0,0.0,0.0,0,0.21267087276551,False,False,False,False
76d336555bb25f3165d2f0d6da719c40,SP,1,165.0,11.76,3.0,0.0,0.0,0,0.06653088934147998,False,False,False,False
77128dec4bec4878c37ab7d6169d6f26,SP,1,6.5,8.72,5.0,0.0,0.0,0,0.5729303547963206,False,False,False,False
7816cd9c5b1238e320545f5bf7eb80e8,SP,1,489.0,22.76,4.0,0.0,0.0,0,0.04447397217445678,False,False,False,False
782f78b632a43875dd5b53e3e49c9564,SP,1,97.34,32.22,5.0,0.0,0.0,0,0.24868786662550169,False,False,False,False
78813699ffac347fe27dba345a5f1551,RS,1,152.42,48.12,5.0,0.0,0.0,0,0.23995212925102224,False,False,False,False
7957cac1a02f45d0a4a7e45626382ec2,PR,1,343.0,21.64,4.0,0.0,0.0,0,0.059346204475647216,False,False,False,False
7963e546f34e098b578f9ad102494601,SP,1,60.99,21.23,5.0,0.0,0.0,0,0.25820968134273903,False,False,False,False
7994081388d55b9cf976c050653dd359,SP,1,120.0,14.6,5.0,0.0,0.0,0,0.10846953937592868,False,False,False,False
79b93a308a97792cf53ac75f46da00b5,RJ,1,99.9,16.14,5.0,0.0,0.0,0,0.1390899689762151,False,False,False,False
7a704e63bb29c446869efde5d57524c8,PR,1,94.49,15.41,5.0,0.0,0.0,0,0.1402183803457689,False,False,False,False
7ab0dd5487bab2dc835337b244f689fb,SP,1,12.5,10.96,5.0,0.0,0.0,0,0.46717817561807334,False,False,False,False
7b3447b497e55af8c15fc7bd89d7b81a,SP,1,49.9,20.75,5.0,0.0,0.0,0,0.2937013446567586,False,False,False,False
7b3f6ce5c6c22e9b96e7581ebf0df6e1,SP,1,29.8,12.69,3.0,0.0,0.0,0,0.298658507884208,False,False,False,False
7bb8fac2913a6064ec412e583c6d8b4d,SP,1,109.0,16.52,5.0,0.0,0.0,0,0.13161249203314213,False,False,False,False
7c4402417d51474d4d0cda9557340e40,SP,1,119.9,27.69,5.0,0.0,0.0,0,0.1876143370147029,False,False,False,False
7c462184585ae80bd6e5774c62ce50f2,SP,1,60.0,17.64,3.0,1.0,0.0,0,0.22720247295208656,False,True,False,False
7cb946b1ad19faebe28c3e86c2794ec3,MG,1,25.0,15.1,5.0,0.0,0.0,0,0.3765586034912718,False,False,False,False
7cf4ea70955b00d6b3c22542598e2715,SP,1,189.9,14.91,5.0,0.0,0.0,0,0.07279917972755237,False,False,False,False
7d81e74a4755b552267cd5e081563028,SP,1,32.5,7.49,4.0,0.0,0.0,0,0.1872968242060515,False,False,False,False
7dc9a3355bae96dd82008b313d3a456c,MG,1,899.0,50.62,5.0,0.0,0.0,0,0.05330553273941155,False,False,False,False
7f02656561b680def9986c0795a8a080,SP,1,42.0,11.85,5.0,0.0,0.0,0,0.22005571030640667,False,False,False,False
804287717b9156fb7a787acd9af4fac1,PR,1,18.8,15.1,5.0,0.0,0.0,0,0.44542772861356933,False,False,False,False
80ceebb4ee9b31afb6c6a916a574a1e2,PR,1,6729.0,193.21,,1.0,0.0,0,0.02791160626447334,False,True,False,False
80cfd480be3eb6d6267139f5cb793555,SP,1,99.9,26.44,4.0,0.0,0.0,0,0.20927655532689568,False,False,False,False
8132b9bd16876e1b0f8808d43825dd48,SC,1,77.9,21.0,5.0,0.0,0.0,0,0.21233569261880686,False,False,False,False
820c7c9eaf76d2b226b6c242bcf3f34d,SP,1,559.0,18.0,4.0,0.0,0.0,0,0.03119584055459272,False,False,False,False
82921991ff5b557b045605b8bbf08d49,SP,1,18.9,18.23,5.0,0.0,0.0,0,0.49097764610826833,False,False,False,False
850857dfac77488c307e2b1cbd84ab5a,PR,1,1599.0,39.72,5.0,0.0,0.0,0,0.024238429994141768,False,False,False,False
87b4428a334b8f676fd9a7f3bf544fb5,SP,1,29.99,18.99,5.0,0.0,0.0,0,0.38770926908942427,False,False,False,False
87d73636a3acf123e842bb890a4db036,SP,1,269.9,43.71,5.0,0.0,0.0,0,0.1393769331335098,False,False,False,False
87f3e35268860433e13d577825aada95,SP,1,19.9,14.52,,0.0,0.0,0,0.4218477629285299,False,False,False,False
880ce4951cf857ab1d9e0b75c1d856f4,MG,1,178.9,18.82,5.0,0.0,0.0,0,0.095185110256929,False,False,False,False
889009a0ed0bb52c87819941192931b8,SP,1,89.9,33.08,4.0,0.0,0.0,0,0.26898682712636196,False,False,False,False
88cd3681e0a2ba85e190f7d817629c4c,SC,1,180.0,19.36,4.0,0.0,0.0,0,0.09711075441412519,False,False,False,False
8936ba0de1073ee888cb3185ae5dc661,SP,1,389.99,22.22,5.0,0.0,0.0,0,0.05390456320807355,False,False,False,False
89dda63a3c907c468ec88c310ed91213,SP,1,44.99,20.4,5.0,0.0,0.0,0,0.31197430799816483,False,False,False,False
8b11118053756a9a2932f447e11fc1b5,SP,1,79.99,11.17,3.0,0.0,0.0,0,0.1225318121983326,False,False,False,False
8b181ee5518df84f18f4e1a43fe07923,SP,1,27.9,27.08,5.0,0.0,0.0,0,0.4925427428155693,False,False,False,False
8cb7c5ddf41f4d506eba76e9a4702a25,GO,1,69.0,28.88,5.0,0.0,0.0,0,0.295055169595423,False,False,False,False
8cf21434553b02cbd37c0bbd07e041b0,SC,1,49.99,23.22,4.0,0.0,0.0,0,0.3171697855484223,False,False,False,False
8dd386be0767c330276ea6a3f96532d3,SC,1,89.98,44.5,5.0,0.0,0.0,0,0.33090422367638306,False,False,False,False
8de8fe3af4449ed695d2434c933ed73e,SP,1,2090.0,65.35,5.0,0.0,0.0,0,0.030319901640104854,False,False,False,False
8ec76bb0965af3f007692b26fa9d6623,SC,1,1999.0,29.75,5.0,0.0,0.0,0,0.014664202094886013,False,False,False,False
8fb67a334bacec338885b4e9e1708073,PR,1,59.9,38.52,5.0,0.0,0.0,0,0.3913838650680756,False,False,False,False
8fd3b4468f6425810648177996c14cbd,SP,1,354.9,21.67,5.0,0.0,0.0,0,0.057545741827548666,False,False,False,False
9140ef75cc8211c4035935e80e567204,PR,1,49.9,22.28,5.0,0.0,0.0,0,0.30867276253809917,False,False,False,False
9200e6ce317b67196b6b0bad4d4bd567,RJ,1,36.9,14.52,3.0,0.0,0.0,0,0.2823803967327888,False,False,False,False
9315e491484b1b0081ca166fc164108d,PR,1,29.99,30.41,3.0,0.0,0.0,0,0.503476821192053,False,False,False,False
933446e9a59dece7ae9175103820ca8f,PR,1,64.99,22.38,5.0,0.0,0.0,0,0.2561519972530617,False,False,False,False
934ed5cd1b9c1c7382d0a94a94b9e639,PR,1,125.85,26.62,5.0,0.0,0.0,0,0.17459172296189415,False,False,False,False
93bef6edaa84956e8e575016449b6351,SP,1,115.0,14.56,5.0,0.0,0.0,0,0.11238036430997221,False,False,False,False
94d76e96eedd976258cd3278ce56d5f2,SP,1,385.61,68.56,5.0,0.0,0.0,0,0.1509566902261268,False,False,False,False
9558aa23f77a9e0a0eca83540999f43b,PR,1,39.0,14.52,5.0,0.0,0.0,0,0.2713004484304933,False,False,False,False
95cca791657aabeff15a07eb152d7841,PR,1,9.99,18.23,5.0,0.0,0.0,0,0.6459957476966691,False,False,False,False
964ff64dc05b13811c6d0f41e0aa5f6b,SP,1,180.0,24.06,5.0,0.0,0.0,0,0.1179064980887974,False,False,False,False
97e50a621f8e801f4baf69e08687c192,SP,1,89.9,7.88,5.0,0.0,0.0,0,0.08058907752096543,False,False,False,False
98f52e1020fe788c10c0418de4393fec,RJ,1,21.6,15.1,4.0,0.0,0.0,0,0.41144414168937327,False,False,False,False
99a25c39b28a74d1151c35c18d178292,SP,1,173.94,44.76,5.0,0.0,0.0,0,0.2046639231824417,False,False,False,False
9ac75591b69c3402684b6ce0310f22ee,SP,1,60.5,9.17,5.0,0.0,0.0,0,0.13162049662695566,False,False,False,False
9b00cad94ef3078faf6fba2e792c158f,MG,1,354.9,18.92,5.0,0.0,0.0,0,0.050612594296720353,False,False,False,False
9d69ba0a7a626a64dc5db08e529559cf,SP,1,19.3,18.24,5.0,0.0,0.0,0,0.48588172615876396,False,False,False,False
9e25199f6ef7e7c347120ff175652c3b,SP,1,12.5,14.52,4.0,0.0,0.0,0,0.537379718726869,False,False,False,False
9e94fa26a70ede4d26226e918e8706a2,SP,1,62.8,9.94,5.0,0.0,0.0,0,0.1366510860599395,False,False,False,False
9ef932e837d8b7f392c0bfee9d359dc2,SP,1,59.9,19.66,3.0,1.0,0.0,0,0.2471091000502765,False,True,False,False
9fbd5666d8618fa571c4230fafa09bd6,SP,1,79.9,16.81,5.0,0.0,0.0,0,0.17381863302657427,False,False,False,False
9fe7c6641c79970ab48185498f547c09,SP,1,130.0,34.71,5.0,0.0,0.0,0,0.2107340173638516,False,False,False,False
a09a13f18ed27932d08438aa6f12756e,RS,1,29.9,16.11,3.0,0.0,0.0,0,0.35014127363616604,False,False,False,False
a1040efe9ff4a6f93c28b0499eada8f5,SP,1,1658.83,34.48,5.0,0.0,0.0,0,0.020362485309836944,False,False,False,False
a150c540f572d0fb53992264bc5c10b5,SP,1,119.9,15.59,4.0,0.0,0.0,0,0.11506384234998893,False,False,False,False
a1bea9970d8f65b240555f99c2214f7f,PR,1,75.0,27.48,3.0,0.0,0.0,0,0.2681498829039813,False,False,False,False
a213f1bd6458f4a158f3746cb2514559,PR,1,41.52,14.43,5.0,0.0,0.0,0,0.2579088471849866,False,False,False,False
a2b911e9ad40dc7d61c142a4683e2d85,RJ,1,85.9,34.4,5.0,0.0,0.0,0,0.2859517871986699,False,False,False,False
a353b1083c9863d756d9404695016d64,ES,1,120.0,17.09,5.0,0.0,0.0,0,0.12466263038879567,False,False,False,False
a3b42d266fa8afc874b909422ce88582,SP,1,839.4000000000001,81.84,5.0,0.0,0.0,0,0.08883678520255307,False,False,False,False
a3fa18b3f688ec0fca3eb8bfcbd2d5b3,SP,1,47.8,36.46,5.0,0.0,0.0,0,0.4327082838832187,False,False,False,False
a45765f8afb1e594b22bf9e974b46765,SP,1,79.99,8.93,4.0,0.0,0.0,0,0.10042735042735043,False,False,False,False
a4fc6eadaff1576af888509a53420f6a,SP,1,100.86,20.76,3.0,0.0,0.0,0,0.17069560927479033,False,False,False,False
a56a8043ebf66e42119618fb8cf232c6,SC,1,83.0,23.73,5.0,0.0,0.0,0,0.2223367375620725,False,False,False,False
a61cc04793308395a840807104365121,SP,1,14.63,23.74,5.0,0.0,0.0,0,0.618712535835288,False,False,False,False
a663d9c3797e90eac99ff60939416a56,SP,1,235.0,14.08,5.0,0.0,0.0,0,0.056528023125100364,False,False,False,False
a72f15980dc3e9bfd1a49ac9b2f3af65,SP,1,89.9,18.73,4.0,0.0,0.0,0,0.17242014176562642,False,False,False,False
a7c53f6b3b61adbdaa99dda97e8cbd56,SP,1,99.0,11.3,4.0,0.0,0.0,0,0.10244786944696284,False,False,False,False
a7ecf689b40a44361e259b28939023e4,ES,1,389.0,21.91,5.0,0.0,0.0,0,0.053320678494074125,False,False,False,False
a89e143d5211473ae18db9577ee34b64,SP,1,70.0,9.94,5.0,0.0,0.0,0,0.1243432574430823,False,False,False,False
a9415cf907dfa12f9ed18693244f5329,MG,1,210.0,175.42,5.0,0.0,0.0,0,0.4551398474391573,False,False,False,False
a99504ac23ed125aaf5302af6cc30af9,SP,1,978.0,47.24,5.0,0.0,0.0,0,0.046077016113300305,False,False,False,False
a9ae440659f48b7849df83e82734150b,SP,1,285.0,27.02,5.0,0.0,0.0,0,0.08659701301198641,False,False,False,False
aa2640d851ec322526f1295bbeb20092,SP,1,159.98,22.36,3.0,0.0,0.0,0,0.12262805747504663,False,False,False,False
aa8af66c623d7d544dfe4bb85b5ebe3b,MG,1,99.0,15.57,5.0,0.0,0.0,0,0.13589945011783192,False,False,False,False
aadfe0417e61315688b6bd7043361e25,GO,1,289.9,14.28,4.0,0.0,0.0,0,0.04694588730357026,False,False,False,False
ac9b01377919cdbd2a1bbb8d5837c70b,SP,1,55.9,23.54,3.0,0.0,0.0,0,0.29632426988922456,False,False,False,False
ad14615bdd492b01b0d97922e87cb87f,SC,1,8.25,10.96,5.0,0.0,0.0,0,0.5705361790733993,False,False,False,False
ae45ad30c2d2e5913094769690a239d2,SP,1,251.8,31.26,5.0,0.0,0.0,0,0.11043594997527026,False,False,False,False
ae9690c6e8fee182c28c9ff8e11ca52c,SP,1,47.4,12.41,5.0,0.0,0.0,0,0.2074903862230396,False,False,False,False
aec99834ab5d38ead22766ada8497e87,PR,1,459.0,17.51,5.0,0.0,0.0,0,0.03674634320371031,False,False,False,False
b00af24704019bd2e1b335e70ad11f7c,BA,1,189.0,18.25,5.0,0.0,0.0,0,0.08805790108564536,False,False,False,False
b026643914f651e8371425e5b8a1e780,RJ,1,27.9,15.1,5.0,0.0,0.0,0,0.3511627906976744,False,False,False,False
b19c48688808720822399ffa9f2dbe2f,SP,1,959.99,24.82,5.0,0.0,0.0,0,0.025202831002934575,False,False,False,False
b2f4d63c7203f539a78252565ca32257,RJ,1,14.9,20.84,5.0,0.0,0.0,0,0.583100167879127,False,False,False,False
b3809b8d4394588a47c8470ea331e135,SP,1,89.0,7.88,4.0,0.0,0.0,0,0.08133773740710157,False,False,False,False
b5b800c4065bebf4d3442311c9857344,SP,1,79.9,8.91,5.0,0.0,0.0,0,0.10032653980407612,False,False,False,False
b5d034ac251546e25afe9067f05c1539,SP,1,69.9,15.37,5.0,0.0,0.0,0,0.18025096751495248,False,False,False,False
b5dd7151a92ccaaa282cbe9681a05f44,SP,1,85.0,18.7,5.0,0.0,0.0,0,0.180327868852459,False,False,False,False
b5f0712d22a873b6797ab6cc65c3fcba,SP,1,12.99,8.29,4.0,0.0,0.0,0,0.3895676691729323,False,False,False,False
b5f49fe968dff6b112861e6cd8e192ef,PR,1,194.70000000000002,42.97,5.0,0.0,0.0,0,0.18079690326923883,False,False,False,False
b6f52e346160519c24a23af05410ad32,SP,1,129.9,13.35,4.0,0.0,0.0,0,0.0931937172774869,False,False,False,False
b76f4d90e85657a240495c876313adc5,SP,1,299.0,19.3,5.0,0.0,0.0,0,0.06063462142632736,False,False,False,False
b77a27b1864483e721dc831d5ba4afa0,RJ,1,20.9,14.52,5.0,0.0,0.0,0,0.4099378881987577,False,False,False,False
b7d5b4b87af9d42b601865d3f3810bff,SC,1,350.0,20.69,3.0,0.0,0.0,0,0.05581483180015647,False,False,False,False
b86a47b3366e3b5424a7b225781f4908,MG,1,86.5,19.85,3.0,0.0,0.0,0,0.18664786083685944,False,False,False,False
b9de031b671cd48b28fae9d828cbf2b4,SP,1,155.32,43.37,5.0,0.0,0.0,0,0.2182797322462127,False,False,False,False
ba8e85df286308fe68a2ce83a8f8b2d6,SC,1,80.9,16.76,5.0,0.0,0.0,0,0.1716158099528978,False,False,False,False
bab0a8cd684e41ba6e2637dca0979d3b,RJ,1,269.9,19.14,5.0,0.0,0.0,0,0.06621920841406034,False,False,False,False
babcc0ab201e4c60188427cae51a5b8b,SP,1,79.0,14.13,5.0,0.0,0.0,0,0.1517233974014818,False,False,False,False
bac44fa8e13424950488659b5f765c41,SP,1,19.9,14.52,5.0,0.0,0.0,0,0.4218477629285299,False,False,False,False
bac692d6c0ed08467878018e6cc9c26c,SC,1,477.0,82.23,4.0,0.0,0.0,0,0.1470414677324178,False,False,False,False
baeda7047354773262ba2405f97038ba,SP,1,35.0,15.1,5.0,0.0,0.0,0,0.3013972055888223,False,False,False,False
baf15155e37ef5492731459bdc05be8a,SP,1,47.0,8.72,5.0,0.0,0.0,0,0.1564967695620962,False,False,False,False
bba8d0c234a52b87b3957037a215d1a4,GO,1,120.0,19.53,5.0,0.0,0.0,0,0.13996989894646314,False,False,False,False
bbf4a892cac7b82422baa711dffb8997,PR,1,70.0,35.34,5.0,0.0,0.0,0,0.33548509588000763,False,False,False,False
bcd2d7510d58e293f20fad6438c1b314,PR,1,23.9,15.56,,1.0,0.0,0,0.3943233654333502,False,True,False,False
bd43e172d599bed47a85da877172ca8c,SC,1,23.92,18.27,5.0,0.0,0.0,0,0.4330410049774828,False,False,False,False
bd65d163ded559eb90a10cd09fec178f,SP,1,19.8,18.68,4.0,0.0,0.0,0,0.4854469854469854,False,False,False,False
be67f78487e2cecb0d55bc769709e4f5,MG,1,102.0,23.64,5.0,0.0,0.0,0,0.18815663801337154,False,False,False,False
be7a093e5b4d147b36b72bb1f9e415e5,PR,1,60.9,22.36,5.0,0.0,0.0,0,0.2685563295700216,False,False,False,False
bee36b4f9a2b9fdcaff6ec05df202ed0,SP,1,16.9,10.96,5.0,0.0,0.0,0,0.3933955491744437,False,False,False,False
c00396cbdd2e088fe4281baa5920aef1,PR,1,832.4100000000001,73.44,5.0,0.0,0.0,0,0.0810730253353204,False,False,False,False
c026ef0d72e9132d9fa112308090c8dc,RJ,1,520.0,37.72,4.0,0.0,0.0,0,0.06763250376533027,False,False,False,False
c092292535a57dacd95a8765f5518f87,RJ,1,125.0,18.98,5.0,0.0,0.0,0,0.13182386442561467,False,False,False,False
c0e0b73d039eb9a99b6ce4cb7a429cd3,SC,1,29.88,7.68,5.0,0.0,0.0,0,0.20447284345047922,False,False,False,False
c0e6839516f5398edc34adf5f1d53d1a,SP,1,34.92,14.12,5.0,0.0,0.0,0,0.28792822185970635,False,False,False,False
c0f3eea2e14555b6faeea3dd58c1b1c3,SP,1,79.99,15.66,5.0,0.0,0.0,0,0.16372190277051754,False,False,False,False
c12d7463a579237ffb9248bd7cff378b,SP,1,25.9,8.72,4.0,0.0,0.0,0,0.25187752744078573,False,False,False,False
c13ef0cfbe42f190780f621ce81f2234,SP,1,390.0,61.28,3.0,1.0,0.0,0,0.13579152632511968,False,True,False,False
c18309219e789960add0b2255ca4b091,RJ,1,9.9,14.1,5.0,0.0,0.0,0,0.5875,False,False,False,False
c240c4061717ac1806ae6ee72be3533b,RJ,1,59.9,13.99,4.0,0.0,0.0,0,0.18933549871430505,False,False,False,False
c286ec035ee04ba81c97508f0b5df544,PR,1,294.0,50.67,4.0,0.0,0.0,0,0.14701018365392984,False,False,False,False
c2bda99904207edd1834f03e0022b007,SP,1,39.9,7.78,4.0,0.0,0.0,0,0.1631711409395973,False,False,False,False
c3e2398fcc7e581cda2e546557bf6968,SP,1,14.9,15.23,5.0,0.0,0.0,0,0.5054762694988384,False,False,False,False
c43d924a0f1688ee9fae0efcd6f539d4,RJ,1,29.9,15.11,4.0,0.0,0.0,0,0.33570317707176184,False,False,False,False
c52c644cc0dc85121207a27013efc6af,MG,1,397.8,283.16,5.0,0.0,0.0,0,0.4158247180451128,False,False,False,False
c611f4ce9ce875bcc063fa97fd4d7d12,SP,1,319.0,13.25,4.0,1.0,0.0,0,0.0398796087283672,False,True,False,False
c716e0b86ed568878475b60fbb6323ad,SP,1,35.0,15.23,5.0,0.0,0.0,0,0.3032052558232132,False,False,False,False
c7246702dc991a06d788120dc7544391,CE,1,54.86,17.66,5.0,0.0,0.0,0,0.24351902923331498,False,False,False,False
c747d5b92c7648417faea95d36d763e8,CE,1,139.0,85.75,5.0,0.0,0.0,0,0.38153503893214685,False,False,False,False
c74f14c1e26cf1bd5bd34b6a1e274426,SC,1,39.0,16.79,5.0,0.0,0.0,0,0.3009499910378204,False,False,False,False
c8143b3069f6746a77421b5ce30a450c,GO,1,142.47,43.41,5.0,0.0,0.0,0,0.23353776630083925,False,False,False,False
c8665a4dd081a2c436b1cd921079d0d9,SP,1,79.39,14.14,5.0,0.0,0.0,0,0.15118143911044585,False,False,False,False
c8771b1a10bb99bb34d3c459c5cffb53,SP,1,64.9,31.2,5.0,0.0,0.0,0,0.3246618106139438,False,False,False,False
c963a25b8671419c6ce9eebe8fd03218,RJ,1,49.0,19.32,5.0,0.0,0.0,0,0.2827868852459017,False,False,False,False
c9d2ba8dde44a275ae06475ed1d2fafc,MG,1,28.79,14.52,5.0,0.0,0.0,0,0.33525744631724774,False,False,False,False
cad10cc982ab6a391570c211b995c17c,SP,1,47.4,12.79,5.0,0.0,0.0,0,0.2124937697291909,False,False,False,False
cad9969167c09b48ae6f1d123f7fa68d,MG,1,24.0,13.51,5.0,0.0,0.0,0,0.3601706211676886,False,False,False,False
cb162c8eef257253782d245c08d9097c,SP,1,34.99,14.13,5.0,0.0,0.0,0,0.2876628664495114,False,False,False,False
cb810bd318f51b3dc3c753944d61a1fa,RJ,1,1750.0,39.02,4.0,0.0,0.0,0,0.021810823802975932,False,False,False,False
cbbd5ae8f53de5f5097cd8217b529e24,SP,1,175.9,32.26,4.0,0.0,0.0,0,0.15497694081475788,False,False,False,False
ccbd753e6863fe7314dc6c0ca5a074e7,SC,1,495.0,101.56,4.0,0.0,0.0,0,0.17024272495641682,False,False,False,False
cd2169d9f31ff6fbb9ca3373b0c9e354,RJ,1,569.0,56.33,4.0,0.0,0.0,0,0.09008043752898469,False,False,False,False
cd233f8bfa30ebfd651f47ee7d054951,SP,1,79.9,18.66,5.0,0.0,0.0,0,0.1893262987012987,False,False,False,False
ce33c6211beaa8fef4cae8b52db39862,SP,1,49.0,14.52,3.0,0.0,0.0,0,0.22858942065491183,False,False,False,False
ce3ad9de960102d0677a81f5d0bb7b2d,RJ,1,158.0,16.21,5.0,0.0,0.0,0,0.09304861948223409,False,False,False,False
ce4755084bc097113867e6454f8f5e52,SP,1,18.9,12.79,5.0,0.0,0.0,0,0.40359734932155256,False,False,False,False
d180e07dc1e58c31c3f0cd599dc4d945,MG,1,58.8,14.16,3.0,0.0,0.0,0,0.19407894736842107,False,False,False,False
d1aa1ec0839dcab73a6161130eb1f94a,PR,1,119.9,16.14,4.0,1.0,0.0,0,0.11864157600705673,False,True,False,False
d2572f31e9023e9850ef986a636ff9bf,MG,1,279.0,26.69,5.0,0.0,0.0,0,0.08731067421243745,False,False,False,False
d263fa444c1504a75cbca5cc465f592a,SP,1,399.0,45.07,5.0,0.0,0.0,0,0.10149300785912131,False,False,False,False
d297f1055de2956aedfd3b04113dce3e,SP,1,54.3,7.64,4.0,0.0,0.0,0,0.12334517274782048,False,False,False,False
d36b07fd3c5088e477a72d1fccfe29d4,SP,1,328.9,10.96,5.0,0.0,0.0,0,0.03224857294179957,False,False,False,False
d3e7d37c0df9aef383f3f2a15b0dddfb,PR,1,161.0,40.34,5.0,0.0,0.0,0,0.20035760405284594,False,False,False,False
d4d99b60c4c94cd35acd502cec65dc8d,SP,1,72.9,14.39,3.0,0.0,0.0,0,0.1648527895520678,False,False,False,False
d4f91e8be86b38da2ee35bc489645a9d,SP,1,49.99,11.17,5.0,0.0,0.0,0,0.18263570961412687,False,False,False,False
d598f929fc44e1e38678e7f47250ec04,GO,1,69.9,37.4,5.0,0.0,0.0,0,0.34855545200372784,False,False,False,False
d63f306de130e0391d38a792541723b8,SP,1,49.0,7.6,5.0,0.0,0.0,0,0.1342756183745583,False,False,False,False
d6cd01c59123df02fc226eadbadb5f89,SP,1,69.9,16.25,5.0,0.0,0.0,0,0.18862449216482877,False,False,False,False
d7827b2af99326a03b0ed9c7a24db0d3,SP,1,1455.0,101.7,5.0,0.0,0.0,0,0.06533050684139526,False,False,False,False
d7d517afce974cd491b8d52bb5b5b1fc,SP,1,89.99,18.73,4.0,0.0,0.0,0,0.17227740986019133,False,False,False,False
d7f1cfc638473be93baedbfd02208016,RJ,1,30.0,17.14,5.0,0.0,0.0,0,0.3635977938056852,False,False,False,False
d85efbc8eff2b7adf524e2820569adc8,SP,1,55.0,8.29,5.0,0.0,0.0,0,0.13098435771843892,False,False,False,False
d8b8f2cf9ff6ba0389072541cb42498c,GO,1,149.0,20.01,5.0,0.0,0.0,0,0.11839536122122953,False,False,False,False
d8bf0fc082fd4a77fc2e5679b6c00133,SP,1,139.9,9.14,5.0,0.0,0.0,0,0.06132581857219538,False,False,False,False
d93b8458c6fe139d85cfa5eadbf55bd2,SP,1,19.9,14.1,5.0,0.0,0.0,0,0.41470588235294115,False,False,False,False
d9b00a97818674c7f8d8b1ef0e689679,PR,1,69.9,9.18,3.0,0.0,0.0,0,0.11608497723823974,False,False,False,False
d9c349beabc06aa6ff1c6d68b5e9e22e,SP,1,168.1,37.55,5.0,0.0,0.0,0,0.1825917821541454,False,False,False,False
da3fede3469bf49b7293ce3fc45b294d,SP,1,44.9,12.79,5.0,0.0,0.0,0,0.2217022014213902,False,False,False,False
db6a4d4b5f1f5f98820ce6ce2619e2de,SP,1,135.99,12.16,5.0,0.0,0.0,0,0.08207897401282484,False,False,False,False
db7ed69a53aa9fb1c01930ba54a88bbe,SP,1,109.0,11.78,5.0,0.0,0.0,0,0.09753270409008113,False,False,False,False
dbc51f5e45d654ecc16cb68e6817ecea,SP,1,199.99,18.14,4.0,0.0,0.0,0,0.0831614175033237,False,False,False,False
dcb7367a92f5ffb89f1e2152ed260285,SP,1,79.9,18.44,5.0,0.0,0.0,0,0.18751271100264388,False,False,False,False
dd264199fc8b687ad029de7de6d760e6,PR,1,87.9,20.7,5.0,0.0,0.0,0,0.19060773480662982,False,False,False,False
dd5450b022b2d00a2145a66331e1aef6,SC,1,59.0,22.34,5.0,0.0,0.0,0,0.27464961888369804,False,False,False,False
dd88d13bea9e4c2bf47daf224f8141e5,RS,1,458.0,29.38,5.0,0.0,0.0,0,0.06028150519102138,False,False,False,False
dd9661d3cda1e6feb237f0c4d8b26f2e,SC,1,174.0,16.98,5.0,0.0,0.0,0,0.08890983349041785,False,False,False,False
dda37071807e404c5bb2a1590c66326f,SP,1,199.99,19.28,5.0,0.0,0.0,0,0.08792812514251835,False,False,False,False
dde698c6d0bd24834c586e5111c2bba7,RJ,1,155.9,19.19,5.0,0.0,0.0,0,0.10960077674338913,False,False,False,False
e00d85ce20ea50c1224c66ca5050527d,SP,1,149.0,8.3,4.0,0.0,0.0,0,0.05276541640178004,False,False,False,False
e0482f2c769468c3bbcd8a01e09d98c5,SP,1,189.0,45.4,4.0,0.0,0.0,0,0.19368600682593856,False,False,False,False
e0b162a693bc7f9eab00f783a31d60ea,RS,1,20.0,29.69,5.0,0.0,0.0,0,0.5975045280740592,False,False,False,False
e1bed63d68ac36fe1f3061befe196af5,SP,1,199.0,18.0,5.0,0.0,0.0,0,0.08294930875576037,False,False,False,False
e1c76f339ebd5460999f25a2aa8c92c5,SP,1,899.9,28.8,5.0,0.0,0.0,0,0.03101109077204695,False,False,False,False
e3b4998c7a498169dc7bce44e6bb6277,SP,1,6735.0,194.31,5.0,0.0,0.0,0,0.02804175307498149,False,False,False,False
e433f5fd4050e3352b5d83522b7fe24b,PR,1,548.06,48.71,4.0,0.0,0.0,0,0.08162273572733214,False,False,False,False
e4fc40017a6d22c46a14ac2e17f87c3e,PR,1,129.0,41.29,5.0,0.0,0.0,0,0.24246872981384698,False,False,False,False
e5545d4d4473876ea78c5bcebca365c3,SP,1,44.5,12.97,5.0,0.0,0.0,0,0.22568296502523058,False,False,False,False
e595809a6c31ec4314fd06ef198c244d,SC,1,39.0,18.23,5.0,0.0,0.0,0,0.31853922767779136,False,False,False,False
e59e575a175fadcadf8479e191770425,RJ,1,199.9,50.98,5.0,0.0,0.0,0,0.20320471938775508,False,False,False,False
e5def42655b7490edac5a56fe8e9e603,SP,1,129.9,11.52,5.0,0.0,0.0,0,0.08145948239287229,False,False,False,False
e64882b4ef12aee8d0faca4db5b681f4,GO,1,230.0,43.22,4.0,0.0,0.0,0,0.15818754117560938,False,False,False,False
e64ddbe1cbcf4f2fc3092b7c481f3f9d,SP,1,20.9,7.39,5.0,0.0,0.0,0,0.2612230470130788,False,False,False,False
e72b4feb7abe210c52aa667abc25a3a2,SP,1,38.2,17.44,5.0,0.0,0.0,0,0.3134435657800144,False,False,False,False
e732329483fd5f27367dd997b47f598a,SC,1,109.9,34.57,5.0,0.0,0.0,0,0.2392884335848273,False,False,False,False
e76ecc7e9a1a1e3c6df9d2a8261c423d,MG,1,20.0,14.1,5.0,0.0,0.0,0,0.4134897360703812,False,False,False,False
e8ff5a6ceb895583033fc2a0f314e3c2,SC,1,139.89,19.08,5.0,0.0,0.0,0,0.12002264578222308,False,False,False,False
e908c0f3646e8b60375734a350d95d71,SP,1,2951.0,58.53,4.0,0.0,0.0,0,0.019448219489421936,False,False,False,False
e9874ae10b2d60d43917b6bbfa13a599,PR,1,199.0,23.1,5.0,0.0,0.0,0,0.1040072039621792,False,False,False,False
e9b6c33b71b67737693b4cfa68341c8d,SP,1,119.9,21.49,4.0,0.0,0.0,0,0.15199094702595656,False,False,False,False
eaaa46e98c9e61f6764dd1d7a2ab8b3e,RN,1,98.0,27.64,5.0,0.0,0.0,0,0.21999363260108246,False,False,False,False
eae9af4811c294c56795d70e715b7337,SP,1,15.9,11.11,5.0,0.0,0.0,0,0.41132913735653465,False,False,False,False
eb1bf309f4f6af9a97e9ddac3fdbeabe,SP,1,22.3,8.88,5.0,0.0,0.0,0,0.2847979474021809,False,False,False,False
eb4a59a06b3948e851a7d7a830bcbc42,BA,1,32.0,21.15,5.0,0.0,0.0,0,0.39793038570084666,False,False,False,False
eb9267cccc90f1b49c8d2f9887c7dd97,PE,1,319.9,26.37,5.0,0.0,0.0,0,0.07615444595258036,False,False,False,False
ebd1417732defaf66c50b5a800eb293e,PR,1,309.0,16.33,5.0,0.0,0.0,0,0.05019518642609043,False,False,False,False
ebe3dabc4955c9b0d695e7bda38bf5c3,SP,1,55.0,11.89,3.0,1.0,0.0,0,0.1777545223501271,False,True,False,False
ec21206b7894c503788a684a7bc822a6,RJ,1,75.0,17.78,3.0,0.0,0.0,0,0.19163612847596465,False,False,False,False
ed49da7cadefc454d6a67de249eab240,SP,1,21.5,8.72,5.0,0.0,0.0,0,0.2885506287227002,False,False,False,False
edb58a1390adf273840030a3d6253829,SP,1,39.9,18.38,5.0,0.0,0.0,0,0.3153740562800274,False,False,False,False
edb65fe661681b1c0de8bd47c8655855,SP,1,69.0,15.24,3.0,0.0,0.0,0,0.18091168091168092,False,False,False,False
ede2977fbaf3738583170735ca403f6c,PR,1,289.9,37.35,5.0,0.0,0.0,0,0.11413292589763178,False,False,False,False
edf3fabebcc20f7463cc9c53da932ea8,SP,1,219.9,24.12,4.0,1.0,0.0,0,0.0988443570199164,False,True,False,False
ee27a8f15b1dded4d213a468ba4eb391,GO,1,6499.0,227.66,5.0,0.0,0.0,0,0.03384443393898309,False,False,False,False
efb628aa07c8ca93d7db0d85b91a4f5a,RJ,1,204.0,58.1,4.0,1.0,0.0,0,0.2216711178939336,False,True,False,False
f00f5b35d0abcacbdd863672f4bb2c1a,SP,1,299.0,14.43,4.0,0.0,0.0,0,0.04603898797179593,False,False,False,False
f09b760d23495ac9a7e00d29b769007c,SP,1,21.9,17.19,4.0,0.0,0.0,0,0.4397544128933231,False,False,False,False
f1fdf2d13186575751aa25876536d85c,SP,1,26.3,8.29,5.0,0.0,0.0,0,0.23966464296039314,False,False,False,False
f26d70155c2b6326fcfa1780c8c684e4,SC,1,202.89,16.17,5.0,0.0,0.0,0,0.07381539304300193,False,False,False,False
f3041c2e75ec683697a6a5ea82192210,MG,1,145.0,24.0,5.0,0.0,0.0,0,0.14201183431952663,False,False,False,False
f307937c1bb287c3efc2a514b94b0d1d,MG,1,189.99,26.61,5.0,0.0,0.0,0,0.12285318559556785,False,False,False,False
f3511c85f59f8dec53d140501ee8e7a8,PR,1,69.9,8.11,5.0,0.0,0.0,0,0.10396103063709779,False,False,False,False
f3862c2188522d89860c38a3ea8b550d,SP,1,15.5,12.79,5.0,0.0,0.0,0,0.4521032166843407,False,False,False,False
f5b84683a9bf9e1df748cf40f601b39c,SP,1,83.9,9.07,5.0,0.0,0.0,0,0.09755835215660966,False,False,False,False
f5fea3ffed6c2e889bab72705557c63a,RJ,1,345.0,123.8,5.0,1.0,0.0,0,0.2640784982935154,False,True,False,False
f7c31656c19db6275a8acadca289f426,SP,1,61.56,16.19,3.0,0.0,0.0,0,0.2082315112540193,False,False,False,False
f8f35af4634605e6693c17cc3ffff5a8,MG,1,90.0,16.39,5.0,0.0,0.0,0,0.1540558323150672,False,False,False,False
f90f77ef2799a27f80d90c425ca944f7,PR,1,70.0,19.46,5.0,0.0,0.0,0,0.21752738654147105,False,False,False,False
f9bbdd976532d50b7816d285a22bd01e,SP,1,89.0,15.37,5.0,0.0,0.0,0,0.14726453961866434,False,False,False,False
f9f68daa2af419d38f745478bcb3da1a,SP,1,11.2,18.0,5.0,0.0,0.0,0,0.6164383561643836,False,False,False,False
fa5fdc4e4bb6bd1009ad0e4ac4096562,SP,1,161.99,32.86,5.0,0.0,0.0,0,0.1686425455478573,False,False,False,False
fa8d335d68129e464e60c1826a683e96,RS,1,139.9,34.78,4.0,0.0,0.0,0,0.19910693840164873,False,False,False,False
fb503a924a0b9db19d83dd0ac6dbef8c,RS,1,13.9,17.92,5.0,0.0,0.0,0,0.5631678189817725,False,False,False,False
fc0b214b59a83615fea981c6424a02ae,SP,1,159.9,12.14,5.0,0.0,0.0,0,0.07056498488723552,False,False,False,False
fc4751cfe3b279c419615b9b00c1abb4,PR,1,453.7,17.35,5.0,0.0,0.0,0,0.03683260800339667,False,False,False,False
fc5a0d7a310a7a41abf86a458585ff2b,SP,1,117.9,19.07,4.0,0.0,0.0,0,0.1392275680806016,False,False,False,False
fd435faa3c0422b60440ea3480d0e77c,PB,1,749.0,133.87,5.0,0.0,0.0,0,0.15163047787329959,False,False,False,False
fdf736c18c589ed030e058312203e1b2,MG,1,30.0,14.51,5.0,0.0,0.0,0,0.32599415861604136,False,False,False,False
fe19dce63ae80346207c6c55713d1023,MG,1,49.9,21.82,5.0,0.0,0.0,0,0.3042387060791969,False,False,False,False
fe9d9cf8631285d5982c6e2cf27fb114,MG,1,69.9,23.64,4.0,0.0,0.0,0,0.25272610647851185,False,False,False,False
feb793c88d836c3a75efa4b5a3465d70,SP,1,466.0,64.17,5.0,0.0,0.0,0,0.12103664862214009,False,False,False,False
fedaedd3ca31d56ab33e92035e4b361c,RJ,1,39.9,10.96,4.0,0.0,0.0,0,0.2154935116004719,False,False,False,False
